index,발생년월일,주야,요일,사망자수,사상자수,중상자수,경상자수,부상신고자수,발생지시도,발생지시군구,사고유형_대분류,사고유형_중분류,법규위반,도로형태_대분류,도로형태,당사자종별_1당_대분류,당사자종별_2당_대분류,경도,위도,발생지,사고피해정도,사고차량타입,도시여부,주말/공휴일,인구수,발생지번호,보행자의위치,무단횡단여부
909,2019-04-18,1,3,1,1,0,0,0,강원,원주시,0,0,0,1,2,0,0,127.9617,37.4141,강원원주시,0,0,0,0,0,36,1,1
914,2019-04-19,0,4,1,1,0,0,0,울산,울주군,0,1,0,0,0,0,0,129.2593,35.5231,울산울주군,0,0,0,0,0,17,1,1
918,2019-04-19,1,4,1,1,0,0,0,경기,남양주시,0,2,0,1,1,3,0,127.2337,37.5613,경기남양주시,0,3,0,0,0,70,1,1
924,2019-04-19,0,4,1,1,0,0,0,광주,북구,0,0,0,1,3,0,0,126.9017,35.1716,광주북구,0,0,0,0,0,137,1,1
926,2019-04-19,0,4,1,1,0,0,0,부산,금정구,0,1,0,0,0,1,0,129.0881,35.2492,부산금정구,0,1,0,0,0,96,1,1
927,2019-04-20,0,5,1,1,0,0,0,경기,성남시,0,0,0,0,0,0,0,127.1434,37.4617,경기성남시,0,0,0,1,0,95,1,1
929,2019-04-20,0,5,1,1,0,0,0,강원,강릉시,0,0,0,1,1,0,0,128.8281,37.877,강원강릉시,0,0,0,1,0,194,1,1
931,2019-04-20,1,5,1,1,0,0,0,전북,전주시,0,2,5,0,0,0,0,127.1144,35.8061,전북전주시,0,0,0,1,0,11,1,1
933,2019-04-20,0,5,1,1,0,0,0,충북,제천시,0,0,0,0,0,0,0,128.142,36.9278,충북제천시,0,0,0,1,0,103,1,1
940,2019-04-21,1,6,1,1,0,0,0,전남,무안군,0,1,0,1,2,2,0,126.3618,34.9443,전남무안군,0,2,0,1,0,101,1,1
942,2019-04-22,1,0,1,1,0,0,0,경기,하남시,0,1,3,1,2,0,0,127.1925,37.5552,경기하남시,0,0,0,0,0,67,1,1
945,2019-04-22,1,0,1,1,0,0,0,전북,전주시,0,0,2,0,0,0,0,127.0697,35.87,전북전주시,0,0,0,0,0,11,1,1
948,2019-04-22,0,0,1,1,0,0,0,경기,의정부시,0,1,2,0,0,0,0,127.1079,37.7473,경기의정부시,0,0,0,0,0,64,1,1
951,2019-04-23,0,1,1,1,0,0,0,충남,천안시,0,2,0,0,0,2,0,127.1383,36.8313,충남천안시,0,2,0,0,0,63,1,1
952,2019-04-24,0,2,1,1,0,0,0,서울,중랑구,0,0,0,0,0,0,0,127.095,37.5986,서울중랑구,0,0,0,0,0,196,1,1
956,2019-04-24,1,2,1,1,0,0,0,인천,서구,0,0,5,0,0,2,0,126.6733,37.5134,인천서구,0,2,0,0,0,97,1,1
957,2019-04-24,0,2,1,1,0,0,0,강원,강릉시,0,0,0,0,0,1,0,128.8544,37.8154,강원강릉시,0,1,0,0,0,194,1,1
958,2019-04-24,0,2,1,1,0,0,0,전북,익산시,0,2,0,0,0,0,0,127.0853,36.0579,전북익산시,0,0,0,0,0,125,1,1
961,2019-04-25,0,3,1,1,0,0,0,경남,사천시,0,0,0,0,0,0,0,128.061,34.9947,경남사천시,0,0,0,0,0,57,1,1
965,2019-04-25,1,3,1,1,0,0,0,경남,창녕군,0,1,0,0,0,1,0,128.4701,35.5721,경남창녕군,0,1,0,0,0,211,1,1
966,2019-04-25,0,3,1,1,0,0,0,충남,공주시,0,1,0,1,2,0,0,127.1256,36.4463,충남공주시,0,0,0,0,0,19,1,1
968,2019-04-26,1,4,1,1,0,0,0,전북,부안군,0,1,0,2,4,1,0,126.5814,35.6933,전북부안군,0,1,0,0,0,185,1,1
969,2019-04-26,1,4,1,1,0,0,0,제주,서귀포시,0,1,0,0,0,1,0,126.2891,33.2389,제주서귀포시,0,1,0,0,0,62,1,1
972,2019-04-26,1,4,1,1,0,0,0,전남,영암군,0,0,0,1,1,1,0,126.6094,34.8686,전남영암군,0,1,0,0,0,16,1,1
973,2019-04-26,1,4,1,1,0,0,0,경남,창원시(통합),0,0,1,1,3,1,0,128.686,35.1569,경남창원시(통합),0,1,0,0,0,86,1,0
975,2019-04-26,0,4,1,1,0,0,0,경기,용인시,0,0,0,0,0,0,0,127.2108,37.2288,경기용인시,0,0,0,0,0,51,1,1
977,2019-04-26,0,4,1,1,0,0,0,부산,사상구,0,0,0,1,3,0,0,129.0168,35.154,부산사상구,0,0,0,0,0,120,1,1
981,2019-04-27,1,5,1,1,0,0,0,대구,중구,0,1,0,0,0,0,0,128.5955,35.8708,대구중구,0,0,0,1,0,178,1,1
986,2019-04-28,0,6,1,1,0,0,0,울산,울주군,0,0,3,1,1,0,0,129.2838,35.4099,울산울주군,0,0,0,1,0,17,1,1
987,2019-04-28,0,6,1,1,0,0,0,충북,충주시,0,0,0,0,0,0,0,127.9301,36.9824,충북충주시,0,0,0,1,0,6,1,1
994,2019-04-29,0,0,1,1,0,0,0,충남,논산시,0,0,0,1,1,2,0,127.0967,36.1928,충남논산시,0,2,0,0,0,61,1,1
1005,2019-04-30,0,1,1,1,0,0,0,충북,청주시,0,0,2,0,0,0,0,127.4785,36.6093,충북청주시,0,0,0,0,0,83,1,1
1006,2019-04-30,0,1,1,1,0,0,0,경기,용인시,0,2,0,0,0,1,0,127.0889,37.2908,경기용인시,0,1,0,0,0,51,1,1
1007,2019-04-30,1,1,1,1,0,0,0,충북,괴산군,0,1,0,1,2,0,0,127.8636,36.8695,충북괴산군,0,0,0,0,0,179,1,1
1009,2019-04-30,1,1,1,1,0,0,0,제주,제주시,0,0,0,0,0,0,0,126.5887,33.4933,제주제주시,0,0,0,0,0,90,1,1
1013,2019-04-30,0,1,1,1,0,0,0,대전,서구,0,0,0,1,1,0,0,127.3447,36.3035,대전서구,0,0,0,0,0,4,1,1
1014,2019-05-01,0,2,1,1,0,0,0,경남,창원시(통합),0,2,2,0,0,0,0,128.5631,35.2359,경남창원시(통합),0,0,0,0,0,86,1,1
1015,2019-05-01,0,2,1,1,0,0,0,인천,부평구,0,0,0,0,0,0,0,126.7395,37.5125,인천부평구,0,0,0,0,0,44,1,1
1016,2019-05-01,1,2,1,1,0,0,0,인천,계양구,0,0,0,0,0,0,0,126.7623,37.562,인천계양구,0,0,0,0,0,7,1,1
1018,2019-05-01,1,2,1,1,0,0,0,서울,성동구,0,0,3,1,3,0,0,127.0472,37.5657,서울성동구,0,0,0,0,0,84,1,1
1020,2019-05-01,0,2,1,1,0,0,0,충북,청주시,0,2,0,0,0,0,0,127.4786,36.6905,충북청주시,0,0,0,0,0,83,1,1
1023,2019-05-01,0,2,1,1,0,0,0,경기,용인시,0,0,0,2,4,0,0,127.1626,37.3348,경기용인시,0,0,0,0,0,51,1,1
1026,2019-05-02,0,3,1,1,0,0,0,경기,부천시,0,1,0,0,0,0,0,126.7956,37.4767,경기부천시,0,0,0,0,0,65,1,1
1031,2019-05-02,1,3,1,1,0,0,0,강원,춘천시,0,1,0,0,0,1,0,127.7048,37.7312,강원춘천시,0,1,0,0,0,111,1,1
1034,2019-05-02,1,3,1,1,0,0,0,대전,서구,0,1,0,1,1,0,0,127.3652,36.3546,대전서구,0,0,0,0,0,4,1,1
1036,2019-05-02,0,3,1,1,0,0,0,충북,충주시,0,0,0,1,2,1,0,127.7973,36.9727,충북충주시,0,1,0,0,0,6,1,1
1037,2019-05-03,0,4,1,1,0,0,0,서울,광진구,0,1,0,0,0,0,0,127.07,37.5384,서울광진구,0,0,0,0,0,183,1,1
1038,2019-05-03,0,4,1,1,0,0,0,경기,용인시,0,1,0,1,1,0,0,127.0758,37.2465,경기용인시,0,0,0,0,0,51,1,1
1039,2019-05-03,0,4,1,1,0,0,0,경기,수원시,0,0,2,1,2,0,0,126.9808,37.2837,경기수원시,0,0,0,0,0,99,1,1
1045,2019-05-03,1,4,1,1,0,0,0,부산,사상구,0,0,0,0,0,0,0,128.9899,35.1928,부산사상구,0,0,0,0,0,120,1,1
1046,2019-05-03,1,4,1,1,0,0,0,경북,김천시,0,0,1,1,3,1,0,128.1143,36.1333,경북김천시,0,1,0,0,0,76,1,0
1049,2019-05-04,1,5,1,1,0,0,0,경남,의령군,0,2,5,1,2,1,0,128.3817,35.3869,경남의령군,0,1,0,1,0,189,1,1
1052,2019-05-04,1,5,1,1,0,0,0,경북,경주시,0,0,0,0,0,0,0,129.2366,35.836,경북경주시,0,0,0,1,0,100,1,1
1056,2019-05-05,0,6,1,1,0,0,0,경기,화성시,0,0,2,1,1,4,0,127.0379,37.2124,경기화성시,0,4,0,1,0,50,1,1
1058,2019-05-05,0,6,1,1,0,0,0,강원,원주시,0,2,0,0,0,0,0,127.9384,37.3591,강원원주시,0,0,0,1,0,36,1,1
1060,2019-05-05,1,6,1,1,0,0,0,경북,성주군,0,1,0,1,1,1,0,128.1997,36.0007,경북성주군,0,1,0,1,0,168,1,1
1062,2019-05-05,1,6,1,1,0,0,0,경북,안동시,0,1,1,0,0,0,0,128.723,36.5668,경북안동시,0,0,0,1,0,66,1,0
1067,2019-05-05,0,6,1,1,0,0,0,충북,제천시,0,0,0,0,0,0,0,128.2084,37.1654,충북제천시,0,0,0,1,0,103,1,1
1068,2019-05-05,0,6,1,1,0,0,0,경기,연천군,0,3,0,0,0,0,0,127.1544,38.2364,경기연천군,0,0,0,1,0,106,0,0
1072,2019-05-06,0,0,1,1,0,0,0,서울,강서구,0,0,2,0,0,0,0,126.808,37.5591,서울강서구,0,0,0,1,0,43,1,1
1073,2019-05-06,0,0,1,1,0,0,0,서울,강서구,0,0,0,0,0,0,0,126.8397,37.5414,서울강서구,0,0,0,1,0,43,1,1
1077,2019-05-06,1,0,1,1,0,0,0,강원,춘천시,0,0,1,1,3,5,0,127.7618,37.8857,강원춘천시,0,5,0,1,0,111,1,0
1078,2019-05-06,0,0,1,1,0,0,0,경남,밀양시,0,2,0,0,0,1,0,128.7529,35.452,경남밀양시,0,1,0,1,0,177,1,1
1081,2019-05-07,1,1,1,1,0,0,0,서울,성동구,0,0,1,1,3,0,0,127.0438,37.5481,서울성동구,0,0,0,0,0,84,1,0
1085,2019-05-07,1,1,1,1,0,0,0,서울,강서구,0,0,0,0,0,2,0,126.8238,37.56,서울강서구,0,2,0,0,0,43,1,1
1090,2019-05-07,1,1,1,1,0,0,0,서울,마포구,0,0,3,0,0,3,0,126.9422,37.5462,서울마포구,0,3,0,0,0,159,1,1
1091,2019-05-07,1,1,1,1,0,0,0,경기,하남시,0,0,1,1,3,1,0,127.2264,37.5345,경기하남시,0,1,0,0,0,67,1,0
1097,2019-05-07,1,1,1,1,0,0,0,서울,강서구,0,2,0,0,0,0,0,126.8134,37.5566,서울강서구,0,0,0,0,0,43,1,1
1098,2019-05-07,0,1,2,2,0,0,0,대전,서구,0,0,1,1,3,0,0,127.3234,36.2947,대전서구,0,0,0,0,0,4,1,0
1101,2019-05-08,1,2,1,1,0,0,0,경북,김천시,0,0,0,1,1,0,0,128.111,36.0556,경북김천시,0,0,0,0,0,76,1,1
1102,2019-05-08,1,2,1,1,0,0,0,대전,유성구,0,2,5,0,0,0,0,127.3313,36.3517,대전유성구,0,0,0,0,0,148,1,1
1105,2019-05-09,0,3,1,1,0,0,0,대구,달서구,0,0,2,2,4,0,0,128.4942,35.8517,대구달서구,0,0,0,0,0,20,1,1
1109,2019-05-09,1,3,1,1,0,0,0,경기,오산시,0,0,1,1,3,1,0,127.069,37.1464,경기오산시,0,1,0,0,0,143,1,0
1110,2019-05-09,1,3,1,1,0,0,0,서울,은평구,0,1,0,0,0,1,0,126.9163,37.5841,서울은평구,0,1,0,0,0,139,1,1
1112,2019-05-09,0,3,1,3,0,1,0,경기,광주시,0,0,0,0,0,0,0,127.2536,37.4593,경기광주시,0,0,0,0,0,9,1,1
1114,2019-05-10,1,4,1,1,0,0,0,부산,부산진구,0,1,0,2,4,1,0,129.0499,35.1575,부산부산진구,0,1,0,0,0,163,1,1
1120,2019-05-10,0,4,1,1,0,0,0,충남,청양군,0,0,2,0,0,0,0,127.0008,36.418,충남청양군,0,0,0,0,0,174,1,1
1121,2019-05-10,0,4,1,1,0,0,0,경남,거제시,0,1,0,0,0,2,0,128.6916,34.8088,경남거제시,0,2,0,0,0,15,1,1
1122,2019-05-11,0,5,1,1,0,0,0,서울,서초구,0,1,0,1,2,0,0,127.009,37.4836,서울서초구,0,0,0,1,0,214,1,1
1140,2019-05-13,1,0,1,1,0,0,0,강원,태백시,0,0,0,1,2,1,0,128.9904,37.1716,강원태백시,0,1,0,0,0,215,1,1
1141,2019-05-13,1,0,1,1,0,0,0,경기,평택시,0,0,0,0,0,3,0,127.0769,36.9761,경기평택시,0,3,0,0,0,14,1,1
1144,2019-05-13,1,0,1,1,0,0,0,전북,진안군,0,1,0,1,2,0,0,127.4359,35.9615,전북진안군,0,0,0,0,0,192,1,1
1146,2019-05-13,1,0,1,1,0,0,0,대구,동구,0,1,5,0,0,0,0,128.6964,35.8659,대구동구,0,0,0,0,0,26,1,1
1148,2019-05-13,1,0,1,1,0,0,0,경기,고양시,0,0,0,0,0,1,0,126.8943,37.6536,경기고양시,0,1,0,0,0,40,1,1
1154,2019-05-13,0,0,1,1,0,0,0,충남,아산시,0,2,0,0,0,0,0,127.0281,36.7582,충남아산시,0,0,0,0,0,53,1,1
1156,2019-05-14,1,1,1,1,0,0,0,경남,하동군,0,0,0,0,0,5,0,127.886,34.9674,경남하동군,0,5,0,0,0,172,1,1
1158,2019-05-14,1,1,1,1,0,0,0,경기,성남시,0,0,0,1,3,2,0,127.1596,37.4337,경기성남시,0,2,0,0,0,95,1,1
1160,2019-05-14,1,1,1,1,0,0,0,경기,여주시,0,1,0,0,0,1,0,127.6379,37.3591,경기여주시,0,1,0,0,0,22,1,1
1161,2019-05-14,0,1,1,1,0,0,0,충남,홍성군,0,0,0,0,0,0,0,126.6212,36.5122,충남홍성군,0,0,0,0,0,38,1,1
1162,2019-05-14,0,1,1,1,0,0,0,전남,목포시,0,0,2,0,0,0,0,126.359,34.7595,전남목포시,0,0,0,0,0,153,1,1
1167,2019-05-15,1,2,1,1,0,0,0,경기,이천시,0,1,0,0,0,1,0,127.4342,37.2316,경기이천시,0,1,0,0,0,41,1,1
1171,2019-05-15,1,2,1,1,0,0,0,제주,서귀포시,0,1,0,1,1,0,0,126.5731,33.2546,제주서귀포시,0,0,0,0,0,62,1,1
1181,2019-05-16,1,3,1,3,0,1,0,대전,서구,0,1,0,2,4,0,0,127.3478,36.3089,대전서구,0,0,0,0,0,4,1,1
1183,2019-05-16,0,3,1,1,0,0,0,경북,영덕군,0,2,0,0,0,0,0,129.3045,36.3617,경북영덕군,0,0,0,0,0,54,1,1
1186,2019-05-17,1,4,1,1,0,0,0,경북,울진군,0,0,1,0,0,0,0,129.446,36.6776,경북울진군,0,0,0,0,0,208,1,0
1188,2019-05-17,0,4,1,1,0,0,0,강원,원주시,0,0,0,0,0,0,0,127.9604,37.3631,강원원주시,0,0,0,0,0,36,1,1
1194,2019-05-18,1,5,1,1,0,0,0,부산,사하구,0,0,0,0,0,0,0,128.9772,35.0756,부산사하구,0,0,0,1,0,25,1,1
1199,2019-05-18,0,5,1,1,0,0,0,전남,해남군,0,0,2,1,2,0,0,126.5844,34.5578,전남해남군,0,0,0,1,0,119,1,1
1200,2019-05-19,0,6,1,1,0,0,0,경기,광주시,0,0,0,0,0,0,0,127.3552,37.3495,경기광주시,0,0,0,1,0,9,1,1
1204,2019-05-19,0,6,1,1,0,0,0,경북,영덕군,0,0,0,1,1,0,0,129.3806,36.357,경북영덕군,0,0,0,1,0,54,1,1
1205,2019-05-19,0,6,1,1,0,0,0,경기,남양주시,0,1,0,0,0,1,0,127.1703,37.7028,경기남양주시,0,1,0,1,0,70,1,1
1206,2019-05-19,0,6,1,1,0,0,0,인천,서구,0,0,3,0,0,0,0,126.6434,37.6111,인천서구,0,0,0,1,0,97,1,1
1209,2019-05-20,1,0,1,1,0,0,0,서울,성북구,0,1,0,1,3,2,0,127.0569,37.6108,서울성북구,0,2,0,0,0,167,1,1
1210,2019-05-20,1,0,1,1,0,0,0,경남,밀양시,0,0,0,0,0,0,0,128.7519,35.4866,경남밀양시,0,0,0,0,0,177,1,1
1212,2019-05-20,1,0,1,1,0,0,0,경기,의왕시,0,0,0,1,3,1,0,126.9787,37.3841,경기의왕시,0,1,0,0,0,199,1,1
1215,2019-05-20,1,0,1,1,0,0,0,인천,부평구,0,1,0,2,4,3,0,126.7234,37.4985,인천부평구,0,3,0,0,0,44,1,1
1229,2019-05-22,1,2,1,4,1,0,1,경남,양산시,0,1,2,0,0,1,0,129.017,35.3345,경남양산시,0,1,0,0,0,49,1,1
1233,2019-05-23,1,3,1,1,0,0,0,충북,영동군,0,1,0,0,0,2,0,127.7854,36.2054,충북영동군,0,2,0,0,0,75,1,1
1234,2019-05-23,1,3,1,1,0,0,0,경기,포천시,0,0,1,1,1,3,0,127.1601,37.8611,경기포천시,0,3,0,0,0,171,1,0
1236,2019-05-23,1,3,1,3,1,0,0,경남,김해시,0,0,1,1,1,0,0,128.8674,35.232,경남김해시,0,0,0,0,0,13,1,0
1239,2019-05-23,0,3,1,1,0,0,0,경기,여주시,0,1,0,0,0,0,0,127.5506,37.1935,경기여주시,0,0,0,0,0,22,1,1
1243,2019-05-24,0,4,1,1,0,0,0,경남,창원시(통합),0,0,0,0,0,0,0,128.581,35.2364,경남창원시(통합),0,0,0,0,0,86,1,1
1247,2019-05-24,1,4,1,1,0,0,0,경기,안산시,0,1,0,1,1,1,0,126.9019,37.3047,경기안산시,0,1,0,0,0,2,1,1
1248,2019-05-24,1,4,1,1,0,0,0,경북,포항시,0,0,0,0,0,0,0,129.3505,36.0177,경북포항시,0,0,0,0,0,160,1,1
1250,2019-05-24,0,4,1,1,0,0,0,부산,기장군,0,1,0,0,0,0,0,129.2861,35.3281,부산기장군,0,0,0,0,0,85,1,1
1251,2019-05-24,0,4,1,1,0,0,0,서울,노원구,0,1,0,1,2,2,0,127.0525,37.6356,서울노원구,0,2,0,0,0,18,1,1
1253,2019-05-24,0,4,1,1,0,0,0,경남,창원시(통합),0,2,0,0,0,4,0,128.8138,35.1032,경남창원시(통합),0,4,0,0,0,86,1,1
1254,2019-05-25,0,5,1,1,0,0,0,경기,의왕시,0,2,0,0,0,1,0,127.0384,37.3947,경기의왕시,0,1,0,1,0,199,1,1
1261,2019-05-25,0,5,1,3,0,1,0,부산,부산진구,0,2,0,0,0,0,0,129.0594,35.1438,부산부산진구,0,0,0,1,0,163,1,1
1262,2019-05-25,0,5,1,1,0,0,0,경기,부천시,0,0,2,0,0,0,0,126.7564,37.4884,경기부천시,0,0,0,1,0,65,1,1
1264,2019-05-26,0,6,1,1,0,0,0,경기,평택시,0,0,0,1,1,0,0,127.0638,37.0644,경기평택시,0,0,0,1,0,14,1,1
1265,2019-05-26,0,6,1,1,0,0,0,경기,화성시,0,0,2,1,3,0,0,126.9192,37.122,경기화성시,0,0,0,1,0,50,1,1
1270,2019-05-27,1,0,1,1,0,0,0,대전,중구,0,0,0,0,0,1,0,127.4283,36.33,대전중구,0,1,0,0,0,39,1,1
1274,2019-05-27,1,0,1,1,0,0,0,경남,밀양시,0,0,0,1,1,1,0,128.7674,35.4752,경남밀양시,0,1,0,0,0,177,1,1
1279,2019-05-27,0,0,1,1,0,0,0,경북,청도군,0,0,1,0,0,0,0,128.9151,35.7161,경북청도군,0,0,0,0,0,3,1,0
1280,2019-05-27,0,0,1,1,0,0,0,부산,부산진구,0,0,3,1,1,2,0,129.0598,35.1666,부산부산진구,0,2,0,0,0,163,1,1
1283,2019-05-28,1,1,1,1,0,0,0,경남,진주시,0,2,0,0,0,0,0,128.122,35.1697,경남진주시,0,0,0,0,0,42,1,1
1284,2019-05-28,1,1,1,1,0,0,0,대구,남구,0,0,0,0,0,0,0,128.5695,35.8442,대구남구,0,0,0,0,0,145,1,1
1286,2019-05-28,1,1,1,1,0,0,0,경기,하남시,0,0,0,0,0,0,0,127.2271,37.5408,경기하남시,0,0,0,0,0,67,1,1
1291,2019-05-29,1,2,1,1,0,0,0,전남,나주시,0,0,0,1,2,1,0,126.7144,34.9957,전남나주시,0,1,0,0,0,33,1,1
1294,2019-05-29,1,2,1,1,0,0,0,전남,순천시,0,0,2,1,3,0,0,127.384,35.0148,전남순천시,0,0,0,0,0,27,1,1
1299,2019-05-29,0,2,1,1,0,0,0,전북,전주시,0,0,0,0,0,0,0,127.1062,35.8572,전북전주시,0,0,0,0,0,11,1,1
1303,2019-05-30,0,3,2,6,1,1,0,경기,이천시,0,0,2,1,2,2,0,127.4366,37.2447,경기이천시,1,2,0,0,0,41,1,1
1307,2019-05-31,1,4,1,1,0,0,0,광주,광산구,0,0,1,0,0,0,0,126.8016,35.1359,광주광산구,0,0,0,0,0,135,1,0
1308,2019-05-31,1,4,1,1,0,0,0,대전,중구,0,0,0,0,0,0,0,127.4277,36.3241,대전중구,0,0,0,0,0,39,1,1
1311,2019-06-01,0,5,1,1,0,0,0,전남,순천시,0,2,2,0,0,0,0,127.5221,34.9517,전남순천시,0,0,0,1,0,27,1,1
1314,2019-06-01,1,5,1,1,0,0,0,전남,담양군,0,0,2,1,1,0,0,126.9916,35.3203,전남담양군,0,0,0,1,0,181,1,1
1316,2019-06-01,1,5,1,1,0,0,0,경북,영주시,0,0,1,0,0,1,0,128.4815,36.8854,경북영주시,0,1,0,1,0,113,1,0
1319,2019-06-01,0,5,1,1,0,0,0,충남,홍성군,0,2,0,0,0,0,0,126.6279,36.5314,충남홍성군,0,0,0,1,0,38,1,1
1320,2019-06-01,0,5,1,1,0,0,0,대구,수성구,0,1,0,0,0,0,0,128.6081,35.8296,대구수성구,0,0,0,1,0,37,1,1
1321,2019-06-01,0,5,1,1,0,0,0,서울,강남구,0,1,0,0,0,0,0,127.0436,37.5307,서울강남구,0,0,0,1,0,89,1,1
1331,2019-06-03,0,0,1,1,0,0,0,광주,북구,0,0,3,1,3,0,0,126.9292,35.1621,광주북구,0,0,0,0,0,137,1,1
1333,2019-06-03,1,0,1,1,0,0,0,충남,홍성군,0,2,0,1,1,9,0,126.631,36.5363,충남홍성군,0,9,0,0,0,38,1,1
1348,2019-06-05,1,2,1,1,0,0,0,부산,사상구,0,1,0,1,1,2,0,128.9919,35.1452,부산사상구,0,2,0,0,0,120,1,1
1349,2019-06-05,1,2,1,1,0,0,0,경기,평택시,0,1,0,2,4,0,0,127.0363,37.0047,경기평택시,0,0,0,0,0,14,1,1
1351,2019-06-05,1,2,1,1,0,0,0,경북,김천시,0,3,0,0,0,1,0,128.1212,36.1171,경북김천시,0,1,0,0,0,76,0,0
1360,2019-06-05,0,2,1,1,0,0,0,서울,양천구,0,2,1,1,1,2,0,126.859,37.5147,서울양천구,0,2,0,0,0,140,1,0
1361,2019-06-05,0,2,1,1,0,0,0,충북,진천군,0,3,0,0,0,0,0,127.5169,36.9155,충북진천군,0,0,0,0,0,60,0,0
1363,2019-06-06,0,3,1,1,0,0,0,서울,강동구,0,1,0,0,0,0,0,127.1367,37.5401,서울강동구,0,0,0,1,0,91,1,1
1364,2019-06-06,0,3,1,1,0,0,0,강원,화천군,0,1,0,0,0,0,0,127.6998,38.1146,강원화천군,0,0,0,1,0,218,1,1
1373,2019-06-07,0,4,1,1,0,0,0,경기,양주시,0,2,0,0,0,3,0,126.9955,37.8321,경기양주시,0,3,0,0,0,59,1,1
1374,2019-06-07,0,4,1,1,0,0,0,서울,성북구,0,0,1,1,3,0,0,127.0086,37.6114,서울성북구,0,0,0,0,0,167,1,0
1377,2019-06-07,1,4,1,1,0,0,0,경기,하남시,0,0,1,1,3,1,0,127.1492,37.5162,경기하남시,0,1,0,0,0,67,1,0
1378,2019-06-07,1,4,1,1,0,0,0,경남,사천시,0,1,0,1,2,0,0,127.9456,35.055,경남사천시,0,0,0,0,0,57,1,1
1381,2019-06-07,1,4,1,1,0,0,0,광주,광산구,0,4,0,0,0,0,0,126.7987,35.1519,광주광산구,0,0,0,0,0,135,0,0
1384,2019-06-07,0,4,1,1,0,0,0,경북,안동시,0,2,0,0,0,1,0,128.705,36.6231,경북안동시,0,1,0,0,0,66,1,1
1385,2019-06-08,0,5,1,1,0,0,0,인천,서구,0,0,2,1,3,0,0,126.6628,37.5297,인천서구,0,0,0,1,0,97,1,1
1387,2019-06-08,1,5,1,1,0,0,0,충북,보은군,0,1,0,1,1,0,0,127.7929,36.4511,충북보은군,0,0,0,1,0,32,1,1
1393,2019-06-09,0,6,1,1,0,0,0,강원,홍천군,0,1,2,2,4,0,0,127.9138,37.6988,강원홍천군,0,0,0,1,0,82,1,1
1398,2019-06-09,1,6,1,1,0,0,0,경기,동두천시,0,4,0,1,3,2,0,127.0479,37.9087,경기동두천시,0,2,0,1,0,94,0,0
1402,2019-06-10,0,0,1,1,0,0,0,인천,남동구,0,1,0,0,0,2,0,126.7499,37.4609,인천남동구,0,2,0,0,0,29,1,1
1408,2019-06-10,0,0,1,2,0,0,1,서울,동대문구,0,0,0,0,0,4,0,127.0385,37.5816,서울동대문구,0,4,0,0,0,201,1,1
1416,2019-06-12,1,2,1,1,0,0,0,서울,서대문구,0,2,0,1,2,3,0,126.9416,37.5919,서울서대문구,0,3,0,0,0,195,1,1
1421,2019-06-12,0,2,1,1,0,0,0,충남,서산시,0,0,0,1,1,0,0,126.5463,36.7099,충남서산시,0,0,0,0,0,69,1,1
1424,2019-06-13,0,3,1,1,0,0,0,경기,고양시,0,0,2,0,0,0,0,126.7466,37.6764,경기고양시,0,0,0,0,0,40,1,1
1428,2019-06-13,0,3,1,1,0,0,0,충남,서산시,0,1,0,0,0,0,0,126.4567,36.7804,충남서산시,0,0,0,0,0,69,1,1
1429,2019-06-13,0,3,1,1,0,0,0,경북,영천시,0,0,0,0,0,0,0,128.9227,36.0354,경북영천시,0,0,0,0,0,5,1,1
1432,2019-06-14,1,4,1,1,0,0,0,서울,성동구,0,4,3,1,3,4,0,127.0238,37.5588,서울성동구,0,4,0,0,0,84,0,0
1440,2019-06-14,0,4,1,1,0,0,0,서울,구로구,0,0,3,1,1,0,0,126.8581,37.5098,서울구로구,0,0,0,0,0,79,1,1
1444,2019-06-15,1,5,1,1,0,0,0,경기,광명시,0,1,0,1,1,2,0,126.8517,37.4733,경기광명시,0,2,0,1,0,81,1,1
1447,2019-06-15,0,5,1,1,0,0,0,경북,의성군,0,0,2,1,1,0,0,128.3591,36.5194,경북의성군,0,0,0,1,0,105,1,1
1449,2019-06-16,1,6,2,2,0,0,0,충북,제천시,0,1,0,2,4,0,0,128.2219,37.1281,충북제천시,0,0,0,1,0,103,1,1
1451,2019-06-17,0,0,1,1,0,0,0,부산,금정구,0,0,1,1,1,0,0,129.0927,35.2407,부산금정구,0,0,0,0,0,96,1,0
1452,2019-06-17,0,0,1,1,0,0,0,전북,고창군,0,0,2,1,2,0,0,126.5091,35.498,전북고창군,0,0,0,0,0,219,1,1
1456,2019-06-17,1,0,1,1,0,0,0,인천,계양구,0,2,0,0,0,1,0,126.7408,37.5479,인천계양구,0,1,0,0,0,7,1,1
1457,2019-06-17,1,0,1,1,0,0,0,서울,중랑구,0,2,0,0,0,7,0,127.0918,37.5807,서울중랑구,0,7,0,0,0,196,1,1
1460,2019-06-17,0,0,1,1,0,0,0,경기,화성시,0,0,0,0,0,1,0,127.0297,37.2174,경기화성시,0,1,0,0,0,50,1,1
1461,2019-06-17,0,0,1,1,0,0,0,전남,순천시,0,1,3,1,3,2,0,127.494,34.9464,전남순천시,0,2,0,0,0,27,1,1
1462,2019-06-17,0,0,1,1,0,0,0,인천,서구,0,1,0,1,2,1,0,126.6862,37.6146,인천서구,0,1,0,0,0,97,1,1
1465,2019-06-18,0,1,1,1,0,0,0,경기,평택시,0,1,0,0,0,0,0,127.0124,37.0127,경기평택시,0,0,0,0,0,14,1,1