index,발생년월일,주야,요일,사망자수,사상자수,중상자수,경상자수,부상신고자수,발생지시도,발생지시군구,사고유형_대분류,사고유형_중분류,법규위반,도로형태_대분류,도로형태,당사자종별_1당_대분류,당사자종별_2당_대분류,경도,위도,발생지,사고피해정도,사고차량타입,도시여부,주말/공휴일,인구수,발생지번호,보행자의위치,무단횡단여부
1466,2019-06-18,0,1,1,1,0,0,0,경기,이천시,0,1,0,0,0,1,0,127.4412,37.1819,경기이천시,0,1,0,0,0,41,1,1
1475,2019-06-18,0,1,1,1,0,0,0,전북,전주시,0,0,1,1,3,0,0,127.1357,35.8317,전북전주시,0,0,0,0,0,11,1,0
1477,2019-06-19,0,2,1,1,0,0,0,인천,계양구,0,0,0,0,0,0,0,126.7337,37.5431,인천계양구,0,0,0,0,0,7,1,1
1483,2019-06-19,1,2,1,1,0,0,0,경기,평택시,0,1,0,1,1,2,0,127.0517,37.0792,경기평택시,0,2,0,0,0,14,1,1
1486,2019-06-20,0,3,1,1,0,0,0,부산,연제구,0,0,0,0,0,0,0,129.0754,35.1897,부산연제구,0,0,0,0,0,221,1,1
1487,2019-06-20,0,3,1,1,0,0,0,대전,중구,0,0,1,1,1,3,0,127.4352,36.3129,대전중구,0,3,0,0,0,39,1,0
1496,2019-06-20,0,3,1,1,0,0,0,제주,제주시,0,1,0,0,0,0,0,126.5949,33.4907,제주제주시,0,0,0,0,0,90,1,1
1497,2019-06-21,1,4,1,1,0,0,0,경남,창원시(통합),0,0,0,0,0,0,0,128.5716,35.2043,경남창원시(통합),0,0,0,0,0,86,1,1
1498,2019-06-21,1,4,1,1,0,0,0,경남,고성군,0,1,1,2,4,1,0,128.3262,34.9761,경남고성군,0,1,0,0,0,87,1,0
1499,2019-06-21,1,4,1,1,0,0,0,충북,충주시,0,0,0,1,2,0,0,127.9278,36.9915,충북충주시,0,0,0,0,0,6,1,1
1500,2019-06-21,1,4,1,1,0,0,0,경북,영천시,0,0,0,0,0,1,0,128.9286,35.9737,경북영천시,0,1,0,0,0,5,1,1
1501,2019-06-21,1,4,1,1,0,0,0,서울,서초구,0,1,0,0,0,4,0,126.9863,37.4757,서울서초구,0,4,0,0,0,214,1,1
1503,2019-06-21,1,4,1,1,0,0,0,충북,음성군,0,1,0,0,0,5,0,127.6032,37.0019,충북음성군,0,5,0,0,0,110,1,1
1505,2019-06-21,0,4,1,1,0,0,0,광주,서구,0,0,0,0,0,0,0,126.8708,35.1493,광주서구,0,0,0,0,0,222,1,1
1506,2019-06-21,0,4,1,1,0,0,0,제주,제주시,0,2,0,0,0,1,0,126.4313,33.493,제주제주시,0,1,0,0,0,90,1,1
1515,2019-06-22,0,5,1,1,0,0,0,충북,제천시,0,0,0,2,4,2,0,128.2147,37.1501,충북제천시,0,2,0,1,0,103,1,1
1516,2019-06-22,0,5,1,1,0,0,0,울산,남구,0,0,0,0,0,0,0,129.306,35.5417,울산남구,0,0,0,1,0,213,1,1
1517,2019-06-23,0,6,1,1,0,0,0,충북,청주시,0,1,2,0,0,0,0,127.4949,36.5959,충북청주시,0,0,0,1,0,83,1,1
1518,2019-06-23,0,6,1,1,0,0,0,경남,창원시(통합),0,2,0,0,0,1,0,128.5746,35.219,경남창원시(통합),0,1,0,1,0,86,1,1
1519,2019-06-23,1,6,1,1,0,0,0,부산,동래구,0,1,0,1,1,1,0,129.0831,35.2217,부산동래구,0,1,0,1,0,216,1,1
1520,2019-06-23,1,6,1,1,0,0,0,충남,천안시,0,1,0,1,1,2,0,127.1118,36.7013,충남천안시,0,2,0,1,0,63,1,1
1522,2019-06-23,1,6,1,5,2,0,0,부산,북구,0,1,0,1,1,0,0,129.0218,35.2121,부산북구,1,0,0,1,0,118,1,1
1525,2019-06-23,0,6,1,1,0,0,0,전북,익산시,0,0,1,0,0,0,0,126.9547,35.9381,전북익산시,0,0,0,1,0,125,1,0
1530,2019-06-24,1,0,1,1,0,0,0,광주,광산구,0,0,0,1,2,0,0,126.8018,35.1649,광주광산구,0,0,0,0,0,135,1,1
1534,2019-06-25,1,1,1,1,0,0,0,제주,제주시,0,0,0,1,2,1,0,126.5307,33.5166,제주제주시,0,1,0,0,0,90,1,1
1536,2019-06-25,1,1,1,1,0,0,0,인천,강화군,0,0,2,0,0,0,0,126.4931,37.6368,인천강화군,0,0,0,0,0,92,1,1
1537,2019-06-25,1,1,1,1,0,0,0,충북,음성군,0,1,0,1,1,2,0,127.6895,36.9342,충북음성군,0,2,0,0,0,110,1,1
1538,2019-06-25,1,1,1,1,0,0,0,광주,남구,0,0,0,1,1,1,0,126.91,35.1347,광주남구,0,1,0,0,0,190,1,1
1542,2019-06-26,1,2,1,1,0,0,0,충북,보은군,0,1,0,0,0,0,0,127.8195,36.4807,충북보은군,0,0,0,0,0,32,1,1
1544,2019-06-26,1,2,1,1,0,0,0,충남,계룡시,0,0,2,1,3,1,0,127.2513,36.279,충남계룡시,0,1,0,0,0,223,1,1
1547,2019-06-26,0,2,1,1,0,0,0,경남,밀양시,0,0,0,1,3,0,0,128.7426,35.4977,경남밀양시,0,0,0,0,0,177,1,1
1548,2019-06-26,0,2,1,1,0,0,0,서울,동대문구,0,1,2,0,0,0,0,127.0256,37.5746,서울동대문구,0,0,0,0,0,201,1,1
1550,2019-06-27,0,3,1,1,0,0,0,강원,속초시,0,0,0,0,0,2,0,128.5818,38.1895,강원속초시,0,2,0,0,0,104,1,1
1551,2019-06-27,0,3,1,1,0,0,0,서울,영등포구,0,0,0,0,0,0,0,126.9063,37.5163,서울영등포구,0,0,0,0,0,150,1,1
1552,2019-06-27,0,3,1,1,0,0,0,경북,성주군,0,1,0,0,0,1,0,128.3612,35.8883,경북성주군,0,1,0,0,0,168,1,1
1553,2019-06-27,1,3,1,1,0,0,0,경북,구미시,0,1,3,1,1,1,0,128.2618,36.2465,경북구미시,0,1,0,0,0,144,1,1
1555,2019-06-27,1,3,1,1,0,0,0,부산,사하구,0,0,1,1,3,0,0,128.9693,35.1064,부산사하구,0,0,0,0,0,25,1,0
1558,2019-06-27,1,3,1,1,0,0,0,경북,상주시,0,0,0,0,0,0,0,128.1303,36.473,경북상주시,0,0,0,0,0,58,1,1
1559,2019-06-27,0,3,1,1,0,0,0,경기,파주시,0,0,3,1,3,6,0,126.751,37.7249,경기파주시,0,6,0,0,0,175,1,1
1560,2019-06-28,0,4,1,1,0,0,0,경남,창원시(통합),0,0,0,0,0,0,0,128.6301,35.2454,경남창원시(통합),0,0,0,0,0,86,1,1
1562,2019-06-28,1,4,1,1,0,0,0,광주,남구,0,0,1,1,3,0,0,126.9177,35.1334,광주남구,0,0,0,0,0,190,1,0
1566,2019-06-28,0,4,1,1,0,0,0,충남,천안시,0,0,0,0,0,0,0,127.1193,36.8811,충남천안시,0,0,0,0,0,63,1,1
1568,2019-06-29,0,5,1,1,0,0,0,경기,의정부시,0,0,2,0,0,0,0,127.0957,37.7372,경기의정부시,0,0,0,1,0,64,1,1
1573,2019-06-29,0,5,1,1,0,0,0,충남,아산시,0,0,0,1,3,1,0,127.0146,36.7749,충남아산시,0,1,0,1,0,53,1,1
1574,2019-06-30,0,6,1,1,0,0,0,서울,중랑구,0,0,0,0,0,0,0,127.0969,37.5894,서울중랑구,0,0,0,1,0,196,1,1
1576,2019-06-30,1,6,1,1,0,0,0,대구,중구,0,0,0,0,0,0,0,128.5848,35.8656,대구중구,0,0,0,1,0,178,1,1
1578,2019-06-30,0,6,1,1,0,0,0,경남,창원시(통합),0,2,2,0,0,0,0,128.7068,35.2075,경남창원시(통합),0,0,0,1,0,86,1,1
1587,2019-07-01,1,0,1,1,0,0,0,경북,영천시,0,0,1,1,1,0,0,128.9822,36.0196,경북영천시,0,0,0,0,0,5,1,0
1590,2019-07-02,0,1,1,1,0,0,0,경기,안산시,0,0,1,1,3,2,0,126.8724,37.2902,경기안산시,0,2,0,0,0,2,1,0
1595,2019-07-03,0,2,1,1,0,0,0,부산,해운대구,0,0,0,0,0,2,0,129.1207,35.1885,부산해운대구,0,2,0,0,0,1,1,1
1596,2019-07-03,0,2,1,1,0,0,0,경북,칠곡군,0,0,0,0,0,1,0,128.4122,35.9839,경북칠곡군,0,1,0,0,0,21,1,1
1597,2019-07-03,0,2,1,1,0,0,0,대구,달서구,0,1,0,0,0,0,0,128.5633,35.8516,대구달서구,0,0,0,0,0,20,1,1
1601,2019-07-05,1,4,1,1,0,0,0,대구,수성구,0,1,0,1,1,1,0,128.6688,35.8294,대구수성구,0,1,0,0,0,37,1,1
1605,2019-07-05,0,4,1,1,0,0,0,대전,중구,0,0,0,1,1,0,0,127.4103,36.324,대전중구,0,0,0,0,0,39,1,1
1606,2019-07-05,0,4,1,1,0,0,0,서울,광진구,0,1,0,0,0,2,0,127.0821,37.5562,서울광진구,0,2,0,0,0,183,1,1
1607,2019-07-05,0,4,1,1,0,0,0,경북,구미시,0,0,1,1,1,0,0,128.3131,36.1496,경북구미시,0,0,0,0,0,144,1,0
1608,2019-07-05,0,4,1,1,0,0,0,경남,창원시(통합),0,0,0,1,3,0,0,128.568,35.1925,경남창원시(통합),0,0,0,0,0,86,1,1
1612,2019-07-06,1,5,1,1,0,0,0,부산,해운대구,0,0,0,1,2,2,0,129.1278,35.2199,부산해운대구,0,2,0,1,0,1,1,1
1622,2019-07-07,1,6,1,1,0,0,0,경기,남양주시,0,0,3,1,3,0,0,127.1987,37.7131,경기남양주시,0,0,0,1,0,70,1,1
1629,2019-07-08,1,0,1,1,0,0,0,인천,서구,0,1,0,2,4,1,0,126.666,37.5102,인천서구,0,1,0,0,0,97,1,1
1631,2019-07-09,0,1,1,1,0,0,0,서울,강동구,0,0,2,1,1,0,0,127.1282,37.5239,서울강동구,0,0,0,0,0,91,1,1
1636,2019-07-09,1,1,1,1,0,0,0,충북,음성군,0,0,0,1,2,2,0,127.5959,36.9975,충북음성군,0,2,0,0,0,110,1,1
1641,2019-07-10,1,2,1,1,0,0,0,경기,성남시,0,1,0,1,1,0,0,127.1428,37.4433,경기성남시,0,0,0,0,0,95,1,1
1642,2019-07-10,1,2,1,1,0,0,0,경남,창원시(통합),0,2,0,1,1,3,0,128.5655,35.2219,경남창원시(통합),0,3,0,0,0,86,1,1
1644,2019-07-10,0,2,1,1,0,0,0,인천,부평구,0,2,0,0,0,0,0,126.6912,37.5213,인천부평구,0,0,0,0,0,44,1,1
1648,2019-07-11,0,3,1,1,0,0,0,전북,익산시,0,0,0,0,0,0,0,126.9725,35.9502,전북익산시,0,0,0,0,0,125,1,1
1649,2019-07-11,0,3,1,1,0,0,0,대구,동구,0,0,0,2,4,0,0,128.649,35.889,대구동구,0,0,0,0,0,26,1,1
1654,2019-07-12,1,4,1,1,0,0,0,강원,인제군,0,4,5,1,2,0,0,128.1796,38.0735,강원인제군,0,0,0,0,0,124,0,0
1657,2019-07-12,0,4,1,1,0,0,0,경기,김포시,0,1,0,0,0,0,0,126.6597,37.6615,경기김포시,0,0,0,0,0,47,1,1
1670,2019-07-15,1,0,1,1,0,0,0,경남,창원시(통합),0,2,0,0,0,1,0,128.7009,35.2165,경남창원시(통합),0,1,0,0,0,86,1,1
1672,2019-07-15,0,0,2,4,1,0,0,강원,삼척시,0,2,0,0,0,1,0,129.2006,37.1417,강원삼척시,1,1,0,0,0,78,1,1
1675,2019-07-16,0,1,1,1,0,0,0,부산,사하구,0,1,3,1,2,2,0,128.9656,35.1049,부산사하구,0,2,0,0,0,25,1,1
1678,2019-07-16,0,1,1,1,0,0,0,경북,울진군,0,0,0,1,1,3,0,129.4154,36.8835,경북울진군,0,3,0,0,0,208,1,1
1685,2019-07-17,1,2,1,1,0,0,0,대전,유성구,0,1,0,0,0,0,0,127.3479,36.3468,대전유성구,0,0,0,0,0,148,1,1
1689,2019-07-17,1,2,1,1,0,0,0,충북,청주시,0,0,0,0,0,0,0,127.4462,36.6349,충북청주시,0,0,0,0,0,83,1,1
1691,2019-07-17,0,2,1,1,0,0,0,경기,김포시,0,0,0,1,2,0,0,126.537,37.7245,경기김포시,0,0,0,0,0,47,1,1
1697,2019-07-19,0,4,1,1,0,0,0,부산,해운대구,0,1,0,1,3,0,0,129.1601,35.1643,부산해운대구,0,0,0,0,0,1,1,1
1700,2019-07-19,1,4,1,1,0,0,0,경북,영천시,0,4,0,0,0,2,0,128.937,35.9722,경북영천시,0,2,0,0,0,5,0,0
1701,2019-07-19,1,4,1,1,0,0,0,서울,송파구,0,2,0,0,0,0,0,127.1055,37.507,서울송파구,0,0,0,0,0,156,1,1
1702,2019-07-19,0,4,1,1,0,0,0,충남,공주시,0,0,0,0,0,2,0,127.0821,36.6275,충남공주시,0,2,0,0,0,19,1,1
1706,2019-07-20,0,5,1,1,0,0,0,대전,중구,0,1,1,0,0,0,0,127.4376,36.3141,대전중구,0,0,0,1,0,39,1,0
1707,2019-07-20,0,5,1,1,0,0,0,광주,서구,0,1,0,0,0,0,0,126.884,35.1672,광주서구,0,0,0,1,0,222,1,1
1708,2019-07-21,0,6,1,1,0,0,0,경기,구리시,0,1,2,0,0,0,0,127.1478,37.6038,경기구리시,0,0,0,1,0,165,1,1
1710,2019-07-21,1,6,1,5,2,0,0,광주,북구,0,4,0,1,2,2,0,126.9136,35.1661,광주북구,1,2,0,1,0,137,0,0
1711,2019-07-22,0,0,1,1,0,0,0,서울,노원구,0,2,2,0,0,0,0,127.0788,37.6187,서울노원구,0,0,0,0,0,18,1,1
1712,2019-07-22,0,0,1,1,0,0,0,충남,홍성군,0,1,0,1,1,1,0,126.6526,36.5722,충남홍성군,0,1,0,0,0,38,1,1
1715,2019-07-22,1,0,1,1,0,0,0,충남,서천군,0,0,0,1,3,0,0,126.691,36.0837,충남서천군,0,0,0,0,0,10,1,1
1718,2019-07-22,1,0,1,1,0,0,0,인천,서구,0,2,0,1,2,1,0,126.6749,37.5185,인천서구,0,1,0,0,0,97,1,1
1722,2019-07-22,0,0,1,1,0,0,0,경기,용인시,0,0,1,0,0,2,0,127.098,37.3427,경기용인시,0,2,0,0,0,51,1,0
1723,2019-07-22,0,0,1,1,0,0,0,경북,영천시,0,0,2,1,1,0,0,128.9297,35.9401,경북영천시,0,0,0,0,0,5,1,1
1724,2019-07-22,0,0,2,2,0,0,0,경기,시흥시,0,1,0,0,0,0,0,126.8459,37.3981,경기시흥시,0,0,0,0,0,73,1,1
1728,2019-07-23,1,1,1,1,0,0,0,충남,공주시,0,2,0,0,0,0,0,127.1339,36.4669,충남공주시,0,0,0,0,0,19,1,1
1729,2019-07-23,1,1,1,1,0,0,0,경기,시흥시,0,1,0,1,1,1,0,126.7352,37.345,경기시흥시,0,1,0,0,0,73,1,1
1733,2019-07-24,0,2,1,1,0,0,0,대구,달서구,0,0,2,0,0,0,0,128.5523,35.8315,대구달서구,0,0,0,0,0,20,1,1
1735,2019-07-24,1,2,1,1,0,0,0,대구,동구,0,1,0,1,1,1,0,128.6805,35.8912,대구동구,0,1,0,0,0,26,1,1
1737,2019-07-24,1,2,1,1,0,0,0,경기,화성시,0,0,1,0,0,3,0,126.7368,37.2131,경기화성시,0,3,0,0,0,50,1,0
1741,2019-07-24,1,2,1,1,0,0,0,경북,영천시,0,0,0,1,2,1,0,128.9203,35.9647,경북영천시,0,1,0,0,0,5,1,1
1750,2019-07-25,0,3,1,1,0,0,0,충남,천안시,0,0,0,1,2,0,0,127.1274,36.8034,충남천안시,0,0,0,0,0,63,1,1
1751,2019-07-25,0,3,1,1,0,0,0,대전,동구,0,1,0,1,3,0,0,127.4598,36.2972,대전동구,0,0,0,0,0,80,1,1
1752,2019-07-26,0,4,1,1,0,0,0,경기,고양시,0,0,0,0,0,2,0,126.7562,37.6768,경기고양시,0,2,0,0,0,40,1,1
1753,2019-07-26,1,4,1,1,0,0,0,강원,강릉시,0,0,1,1,2,2,0,128.8813,37.7548,강원강릉시,0,2,0,0,0,194,1,0
1754,2019-07-26,1,4,1,1,0,0,0,충남,논산시,0,0,3,1,1,1,0,127.0989,36.1221,충남논산시,0,1,0,0,0,61,1,1
1755,2019-07-26,1,4,1,1,0,0,0,부산,사하구,0,0,0,0,0,0,0,128.9767,35.072,부산사하구,0,0,0,0,0,25,1,1
1760,2019-07-26,0,4,1,1,0,0,0,서울,노원구,0,0,0,1,2,2,0,127.0607,37.6546,서울노원구,0,2,0,0,0,18,1,1
1761,2019-07-26,0,4,1,1,0,0,0,대구,달서구,0,0,0,0,0,1,0,128.534,35.8374,대구달서구,0,1,0,0,0,20,1,1
1763,2019-07-27,0,5,1,1,0,0,0,서울,강동구,0,0,2,1,1,0,0,127.1498,37.5318,서울강동구,0,0,0,1,0,91,1,1
1767,2019-07-28,0,6,1,3,0,1,0,광주,동구,0,0,0,1,1,0,0,126.9248,35.1634,광주동구,0,0,0,1,0,162,1,1
1770,2019-07-29,1,0,1,3,0,1,0,경북,경주시,0,2,0,0,0,0,0,129.223,36.0073,경북경주시,0,0,0,0,0,100,1,1
1776,2019-07-29,1,0,1,1,0,0,0,서울,서초구,0,0,0,0,0,3,0,126.9825,37.4765,서울서초구,0,3,0,0,0,214,1,1
1777,2019-07-29,0,0,1,1,0,0,0,경북,안동시,0,1,0,0,0,1,0,128.9807,36.5965,경북안동시,0,1,0,0,0,66,1,1
1778,2019-07-29,0,0,1,1,0,0,0,경기,평택시,0,1,0,1,1,0,0,127.0568,36.9665,경기평택시,0,0,0,0,0,14,1,1
1780,2019-07-29,0,0,1,1,0,0,0,충남,천안시,0,1,0,0,0,0,0,127.278,36.9007,충남천안시,0,0,0,0,0,63,1,1
1782,2019-07-29,0,0,1,1,0,0,0,서울,마포구,0,1,0,1,1,0,0,126.9048,37.5563,서울마포구,0,0,0,0,0,159,1,1
1786,2019-07-30,0,1,1,1,0,0,0,부산,부산진구,0,0,2,0,0,0,0,129.0609,35.1598,부산부산진구,0,0,0,0,0,163,1,1
1790,2019-07-30,1,1,1,1,0,0,0,경북,경주시,0,0,0,0,0,1,0,129.2977,35.777,경북경주시,0,1,0,0,0,100,1,1
1793,2019-07-30,1,1,1,1,0,0,0,전북,정읍시,0,0,1,1,1,1,0,126.8543,35.5659,전북정읍시,0,1,0,0,0,12,1,0
1799,2019-07-30,0,1,1,1,0,0,0,부산,금정구,0,1,0,1,2,1,0,129.1055,35.2145,부산금정구,0,1,0,0,0,96,1,1
1816,2019-08-02,0,4,1,1,0,0,0,충북,충주시,0,1,0,2,4,0,0,127.95,36.8842,충북충주시,0,0,0,0,0,6,1,1
1817,2019-08-02,1,4,1,1,0,0,0,경남,밀양시,0,2,0,0,0,0,0,128.7881,35.4615,경남밀양시,0,0,0,0,0,177,1,1
1820,2019-08-02,0,4,1,1,0,0,0,광주,북구,0,0,0,0,0,0,0,126.9163,35.1654,광주북구,0,0,0,0,0,137,1,1
1821,2019-08-02,0,4,1,1,0,0,0,경기,광주시,0,1,0,2,4,0,0,127.3516,37.3506,경기광주시,0,0,0,0,0,9,1,1
1822,2019-08-02,0,4,1,1,0,0,0,전북,전주시,0,0,1,1,3,0,0,127.1167,35.8552,전북전주시,0,0,0,0,0,11,1,0
1823,2019-08-03,0,5,1,3,0,1,0,서울,용산구,0,2,0,0,0,0,0,126.9711,37.5324,서울용산구,0,0,0,1,0,134,1,1
1825,2019-08-03,0,5,1,1,0,0,0,경남,밀양시,0,1,0,0,0,1,0,128.7836,35.3685,경남밀양시,0,1,0,1,0,177,1,1
1831,2019-08-03,1,5,1,1,0,0,0,경남,김해시,0,1,3,1,3,0,0,128.898,35.2351,경남김해시,0,0,0,1,0,13,1,1
1836,2019-08-04,1,6,1,3,0,1,0,충북,제천시,0,2,0,0,0,4,0,128.1948,37.1256,충북제천시,0,4,0,1,0,103,1,1
1838,2019-08-04,0,6,1,7,2,1,0,부산,기장군,0,0,5,2,4,0,0,129.224,35.1994,부산기장군,1,0,0,1,0,85,1,1
1843,2019-08-05,1,0,1,1,0,0,0,제주,제주시,0,0,1,0,0,0,0,126.523,33.5132,제주제주시,0,0,0,0,0,90,1,0
1844,2019-08-05,1,0,1,1,0,0,0,경남,창원시(통합),0,1,0,2,4,0,0,128.6189,35.2528,경남창원시(통합),0,0,0,0,0,86,1,1
1848,2019-08-05,0,0,1,1,0,0,0,강원,화천군,0,0,0,0,0,0,0,127.6731,38.1377,강원화천군,0,0,0,0,0,218,1,1
1849,2019-08-05,0,0,1,1,0,0,0,인천,미추홀구,0,0,0,1,3,0,0,126.649,37.4585,인천미추홀구,0,0,0,0,0,123,1,1
1852,2019-08-06,1,1,1,1,0,0,0,서울,용산구,0,0,0,0,0,2,0,126.9568,37.5366,서울용산구,0,2,0,0,0,134,1,1
1855,2019-08-07,0,2,1,1,0,0,0,인천,남동구,0,0,0,0,0,4,0,126.7082,37.4662,인천남동구,0,4,0,0,0,29,1,1
1857,2019-08-07,1,2,1,1,0,0,0,충남,아산시,0,0,1,1,3,1,0,127.015,36.7843,충남아산시,0,1,0,0,0,53,1,0
1859,2019-08-07,1,2,1,1,0,0,0,서울,강남구,0,4,0,2,4,3,0,127.0254,37.5045,서울강남구,0,3,0,0,0,89,0,0
1862,2019-08-07,0,2,1,1,0,0,0,전남,진도군,0,1,0,2,4,1,0,126.0534,34.4758,전남진도군,0,1,0,0,0,71,1,1
1863,2019-08-07,0,2,1,1,0,0,0,경북,군위군,0,0,0,0,0,0,0,128.5857,36.181,경북군위군,0,0,0,0,0,170,1,1
1866,2019-08-08,1,3,1,1,0,0,0,서울,양천구,0,0,1,0,0,0,0,126.8719,37.5158,서울양천구,0,0,0,0,0,140,1,0
1870,2019-08-09,0,4,1,1,0,0,0,인천,부평구,0,4,0,1,2,1,0,126.7065,37.5162,인천부평구,0,1,0,0,0,44,0,0
1876,2019-08-09,1,4,1,1,0,0,0,부산,연제구,0,1,0,0,0,0,0,129.0814,35.1798,부산연제구,0,0,0,0,0,221,1,1
1877,2019-08-09,1,4,1,1,0,0,0,서울,서대문구,0,1,0,2,4,1,0,126.9482,37.5678,서울서대문구,0,1,0,0,0,195,1,1
1882,2019-08-09,0,4,1,1,0,0,0,전남,무안군,0,0,0,0,0,0,0,126.4745,34.9937,전남무안군,0,0,0,0,0,101,1,1
1883,2019-08-10,0,5,1,1,0,0,0,전남,여수시,0,0,0,1,1,0,0,127.655,34.771,전남여수시,0,0,0,1,0,102,1,1
1884,2019-08-10,0,5,1,1,0,0,0,서울,동대문구,0,1,0,0,0,0,0,127.0231,37.5729,서울동대문구,0,0,0,1,0,201,1,1
1885,2019-08-10,0,5,1,1,0,0,0,부산,수영구,0,1,0,0,0,0,0,129.115,35.1421,부산수영구,0,0,0,1,0,45,1,1
1889,2019-08-11,0,6,1,1,0,0,0,경기,포천시,0,0,0,1,1,2,0,127.1954,37.8884,경기포천시,0,2,0,1,0,171,1,1
1890,2019-08-11,0,6,1,1,0,0,0,광주,북구,0,0,3,1,3,0,0,126.896,35.1708,광주북구,0,0,0,1,0,137,1,1
1893,2019-08-12,1,0,1,1,0,0,0,경북,울진군,0,0,0,0,0,0,0,129.3984,36.9686,경북울진군,0,0,0,0,0,208,1,1
1894,2019-08-12,1,0,1,5,2,0,0,부산,동구,0,1,0,0,0,0,0,129.05,35.1384,부산동구,1,0,0,0,0,209,1,1
1897,2019-08-12,0,0,1,1,0,0,0,강원,영월군,0,0,1,0,0,4,0,128.4733,37.1834,강원영월군,0,4,0,0,0,114,1,0
1898,2019-08-12,0,0,1,1,0,0,0,전북,정읍시,0,2,0,0,0,1,0,127.0695,35.6343,전북정읍시,0,1,0,0,0,12,1,1
1900,2019-08-13,1,1,1,1,0,0,0,전북,정읍시,0,1,0,0,0,1,0,126.8199,35.5562,전북정읍시,0,1,0,0,0,12,1,1
1907,2019-08-13,0,1,1,3,0,1,0,경북,칠곡군,0,0,0,0,0,0,0,128.5525,36.001,경북칠곡군,0,0,0,0,0,21,1,1
1912,2019-08-14,1,2,1,1,0,0,0,서울,영등포구,0,0,1,1,3,3,0,126.9057,37.5284,서울영등포구,0,3,0,0,0,150,1,0
1914,2019-08-14,0,2,1,1,0,0,0,전북,장수군,0,3,0,0,0,1,0,127.5769,35.733,전북장수군,0,1,0,0,0,155,0,0
1915,2019-08-14,0,2,1,1,0,0,0,강원,정선군,0,2,0,0,0,0,0,128.6701,37.3716,강원정선군,0,0,0,0,0,198,1,1
1916,2019-08-15,0,3,1,1,0,0,0,경기,가평군,0,0,0,1,2,0,0,127.3775,37.6805,경기가평군,0,0,0,1,0,176,1,1
1918,2019-08-15,1,3,1,1,0,0,0,울산,중구,0,2,0,1,1,3,0,129.3148,35.5534,울산중구,0,3,0,1,0,205,1,1
1926,2019-08-15,0,3,1,1,0,0,0,강원,강릉시,0,0,0,0,0,0,0,128.8288,37.8873,강원강릉시,0,0,0,1,0,194,1,1
1930,2019-08-16,0,4,1,1,0,0,0,전남,순천시,0,0,0,0,0,0,0,127.5004,34.9457,전남순천시,0,0,0,0,0,27,1,1
1931,2019-08-16,0,4,1,9,1,3,0,충북,음성군,0,2,0,1,2,0,0,127.5948,36.9885,충북음성군,1,0,0,0,0,110,1,1
1935,2019-08-17,1,5,1,3,0,1,0,충남,천안시,0,1,0,0,0,2,0,127.1504,36.8021,충남천안시,0,2,0,1,0,63,1,1
1940,2019-08-18,1,6,1,1,0,0,0,서울,양천구,0,1,5,0,0,4,0,126.8635,37.5268,서울양천구,0,4,0,1,0,140,1,1
1943,2019-08-18,0,6,1,1,0,0,0,경기,시흥시,0,0,0,0,0,1,0,126.8022,37.438,경기시흥시,0,1,0,1,0,73,1,1
1944,2019-08-19,0,0,1,1,0,0,0,경남,창원시(통합),0,0,0,0,0,0,0,128.6076,35.2965,경남창원시(통합),0,0,0,0,0,86,1,1
1947,2019-08-19,1,0,1,1,0,0,0,경기,광주시,0,1,0,2,4,0,0,127.2331,37.3929,경기광주시,0,0,0,0,0,9,1,1
1949,2019-08-19,0,0,1,1,0,0,0,경남,밀양시,0,0,0,0,0,0,0,128.8287,35.4249,경남밀양시,0,0,0,0,0,177,1,1
1951,2019-08-19,0,0,1,1,0,0,0,서울,도봉구,0,1,0,0,0,0,0,127.0434,37.6827,서울도봉구,0,0,0,0,0,98,1,1
1953,2019-08-20,0,1,1,1,0,0,0,경기,수원시,0,0,2,0,0,0,0,127.0158,37.2723,경기수원시,0,0,0,0,0,99,1,1
1955,2019-08-20,1,1,1,1,0,0,0,경기,수원시,0,0,0,1,3,0,0,127.0267,37.2491,경기수원시,0,0,0,0,0,99,1,1
1956,2019-08-20,1,1,1,1,0,0,0,충남,아산시,0,0,0,0,0,0,0,126.999,36.7904,충남아산시,0,0,0,0,0,53,1,1
1960,2019-08-20,0,1,1,1,0,0,0,경남,창원시(통합),0,0,0,1,2,0,0,128.4981,35.1047,경남창원시(통합),0,0,0,0,0,86,1,1
1962,2019-08-21,0,2,1,1,0,0,0,경기,수원시,0,0,0,1,3,1,0,127.0819,37.2679,경기수원시,0,1,0,0,0,99,1,1
1965,2019-08-21,1,2,1,1,0,0,0,서울,용산구,0,4,0,1,2,0,0,126.997,37.5301,서울용산구,0,0,0,0,0,134,0,0
1966,2019-08-21,0,2,1,1,0,0,0,충남,아산시,0,0,0,1,2,1,0,127.0628,36.8417,충남아산시,0,1,0,0,0,53,1,1
1967,2019-08-21,0,2,2,4,1,0,0,제주,서귀포시,0,1,0,0,0,1,0,126.4161,33.2454,제주서귀포시,1,1,0,0,0,62,1,1
1973,2019-08-22,0,3,1,1,0,0,0,강원,속초시,0,2,0,2,4,0,0,128.5814,38.2135,강원속초시,0,0,0,0,0,104,1,1
1981,2019-08-23,1,4,1,1,0,0,0,울산,북구,0,0,0,0,0,1,0,129.3528,35.6436,울산북구,0,1,0,0,0,158,1,1
1982,2019-08-23,1,4,1,1,0,0,0,충북,괴산군,0,2,0,0,0,0,0,127.6497,36.8067,충북괴산군,0,0,0,0,0,179,1,1