index,발생년월일,주야,요일,사망자수,사상자수,중상자수,경상자수,부상신고자수,발생지시도,발생지시군구,사고유형_대분류,사고유형_중분류,법규위반,도로형태_대분류,도로형태,당사자종별_1당_대분류,당사자종별_2당_대분류,경도,위도,발생지,사고피해정도,사고차량타입,도시여부,주말/공휴일,인구수,발생지번호,보행자의위치,무단횡단여부
2832,2019-11-18,1,0,1,1,0,0,0,경남,김해시,0,0,0,0,0,0,0,128.7922,35.1991,경남김해시,0,0,0,0,0,13,1,1
2833,2019-11-18,1,0,1,1,0,0,0,대구,달성군,0,0,2,1,1,0,0,128.4446,35.7007,대구달성군,0,0,0,0,0,30,1,1
2834,2019-11-18,1,0,1,1,0,0,0,경북,포항시,0,0,1,0,0,2,0,129.3793,35.9963,경북포항시,0,2,0,0,0,160,1,0
2836,2019-11-18,0,0,1,1,0,0,0,충북,청주시,0,0,0,1,1,4,0,127.4409,36.6219,충북청주시,0,4,0,0,0,83,1,1
2837,2019-11-18,0,0,1,1,0,0,0,광주,서구,0,1,2,0,0,2,0,126.8429,35.144,광주서구,0,2,0,0,0,222,1,1
2843,2019-11-19,0,1,1,1,0,0,0,경기,수원시,0,0,0,2,4,4,0,127.0279,37.2477,경기수원시,0,4,0,0,0,99,1,1
2844,2019-11-19,0,1,2,4,1,0,0,대전,대덕구,0,1,5,2,4,1,0,127.4255,36.36,대전대덕구,1,1,0,0,0,77,1,1
2846,2019-11-20,0,2,1,1,0,0,0,전남,광양시,0,0,0,0,0,0,0,127.6373,34.9097,전남광양시,0,0,0,0,0,130,1,1
2848,2019-11-20,1,2,1,1,0,0,0,경남,거창군,0,0,0,1,1,0,0,127.9096,35.6887,경남거창군,0,0,0,0,0,154,1,1
2849,2019-11-20,1,2,1,1,0,0,0,부산,영도구,0,1,0,2,4,3,0,129.0441,35.0917,부산영도구,0,3,0,0,0,173,1,1
2850,2019-11-20,1,2,1,1,0,0,0,경남,김해시,0,0,0,1,2,1,0,128.9052,35.2322,경남김해시,0,1,0,0,0,13,1,1
2851,2019-11-20,1,2,1,1,0,0,0,경남,밀양시,0,0,0,0,0,0,0,128.6502,35.52,경남밀양시,0,0,0,0,0,177,1,1
2854,2019-11-21,1,3,1,1,0,0,0,충북,괴산군,0,1,0,0,0,0,0,127.7319,36.7093,충북괴산군,0,0,0,0,0,179,1,1
2855,2019-11-21,1,3,1,1,0,0,0,서울,영등포구,0,1,3,0,0,0,0,126.8981,37.5294,서울영등포구,0,0,0,0,0,150,1,1
2856,2019-11-21,1,3,1,1,0,0,0,경기,의정부시,0,0,0,1,2,0,0,127.0384,37.7295,경기의정부시,0,0,0,0,0,64,1,1
2858,2019-11-21,0,3,1,1,0,0,0,충북,음성군,0,0,2,1,1,0,0,127.6716,36.9324,충북음성군,0,0,0,0,0,110,1,1
2860,2019-11-22,1,4,1,1,0,0,0,광주,북구,0,0,2,1,1,0,0,126.9328,35.1729,광주북구,0,0,0,0,0,137,1,1
2866,2019-11-22,1,4,1,1,0,0,0,충남,예산군,0,1,5,0,0,0,0,126.7844,36.7002,충남예산군,0,0,0,0,0,187,1,1
2867,2019-11-22,1,4,1,1,0,0,0,경기,고양시,0,1,0,0,0,3,0,126.8859,37.6745,경기고양시,0,3,0,0,0,40,1,1
2869,2019-11-22,0,4,1,1,0,0,0,강원,평창군,0,0,0,0,0,1,0,128.4511,37.4832,강원평창군,0,1,0,0,0,24,1,1
2875,2019-11-24,0,6,1,1,0,0,0,경기,화성시,0,0,0,0,0,0,0,127.0018,37.2124,경기화성시,0,0,0,1,0,50,1,1
2880,2019-11-24,0,6,1,1,0,0,0,경북,포항시,0,0,0,0,0,0,0,129.0851,36.1345,경북포항시,0,0,0,1,0,160,1,1
2883,2019-11-25,0,0,1,1,0,0,0,부산,중구,0,0,0,1,2,2,0,129.0355,35.1121,부산중구,0,2,0,0,0,228,1,1
2884,2019-11-25,1,0,1,1,0,0,0,광주,광산구,0,0,3,1,3,2,0,126.7857,35.1284,광주광산구,0,2,0,0,0,135,1,1
2887,2019-11-25,1,0,2,4,1,0,0,부산,기장군,0,4,2,0,0,1,0,129.2167,35.2445,부산기장군,1,1,0,0,0,85,0,0
2894,2019-11-26,0,1,1,1,0,0,0,경북,포항시,0,2,0,0,0,0,0,129.3695,36.0364,경북포항시,0,0,0,0,0,160,1,1
2895,2019-11-26,0,1,1,1,0,0,0,충남,예산군,0,0,1,1,2,0,0,126.8366,36.6943,충남예산군,0,0,0,0,0,187,1,0
2896,2019-11-26,1,1,1,1,0,0,0,경기,수원시,0,1,0,1,1,2,0,126.9816,37.2887,경기수원시,0,2,0,0,0,99,1,1
2898,2019-11-26,0,1,1,1,0,0,0,강원,영월군,0,1,0,0,0,1,0,128.1929,37.3325,강원영월군,0,1,0,0,0,114,1,1
2900,2019-11-26,0,1,1,1,0,0,0,충남,논산시,0,0,0,2,4,1,0,127.1276,36.1775,충남논산시,0,1,0,0,0,61,1,1
2902,2019-11-26,0,1,1,1,0,0,0,제주,제주시,0,2,2,0,0,0,0,126.5476,33.5116,제주제주시,0,0,0,0,0,90,1,1
2904,2019-11-27,1,2,1,1,0,0,0,충남,홍성군,0,2,0,2,4,0,0,126.6511,36.5704,충남홍성군,0,0,0,0,0,38,1,1
2905,2019-11-27,1,2,1,1,0,0,0,경기,김포시,0,0,0,1,2,2,0,126.707,37.6277,경기김포시,0,2,0,0,0,47,1,1
2906,2019-11-27,1,2,1,1,0,0,0,경북,문경시,0,2,0,0,0,0,0,128.1488,36.6383,경북문경시,0,0,0,0,0,74,1,1
2907,2019-11-27,0,2,1,1,0,0,0,부산,사상구,0,0,0,1,1,2,0,128.9871,35.1864,부산사상구,0,2,0,0,0,120,1,1
2909,2019-11-28,1,3,1,3,0,1,0,경기,고양시,0,0,1,0,0,0,0,126.7937,37.6577,경기고양시,0,0,0,0,0,40,1,0
2910,2019-11-28,1,3,1,1,0,0,0,경기,연천군,0,2,0,0,0,0,0,127.0789,38.079,경기연천군,0,0,0,0,0,106,1,1
2916,2019-11-28,0,3,1,1,0,0,0,경남,진주시,0,0,1,1,3,0,0,128.0702,35.188,경남진주시,0,0,0,0,0,42,1,0
2918,2019-11-29,0,4,1,1,0,0,0,경기,광주시,0,1,3,1,1,1,0,127.3242,37.4647,경기광주시,0,1,0,0,0,9,1,1
2926,2019-11-29,0,4,1,1,0,0,0,인천,서구,0,4,0,0,0,0,0,126.6694,37.5942,인천서구,0,0,0,0,0,97,0,0
2927,2019-11-29,0,4,1,1,0,0,0,경기,안양시,0,1,0,0,0,0,0,126.9556,37.369,경기안양시,0,0,0,0,0,151,1,1
2928,2019-11-30,0,5,1,1,0,0,0,대구,달서구,0,0,0,0,0,0,0,128.5418,35.8202,대구달서구,0,0,0,1,0,20,1,1
2932,2019-11-30,0,5,1,1,0,0,0,경기,이천시,0,1,0,0,0,0,0,127.4819,37.2869,경기이천시,0,0,0,1,0,41,1,1
2933,2019-11-30,0,5,1,1,0,0,0,경북,구미시,0,0,0,0,0,0,0,128.3414,36.1243,경북구미시,0,0,0,1,0,144,1,1
2934,2019-11-30,0,5,1,1,0,0,0,경기,남양주시,0,1,0,0,0,0,0,127.1449,37.648,경기남양주시,0,0,0,1,0,70,1,1
2938,2019-12-01,0,6,1,1,0,0,0,서울,마포구,0,2,2,0,0,0,0,126.911,37.5484,서울마포구,0,0,0,1,0,159,1,1
2939,2019-12-01,0,6,1,1,0,0,0,부산,기장군,0,0,0,0,0,1,0,129.2592,35.3087,부산기장군,0,1,0,1,0,85,1,1
2940,2019-12-01,0,6,1,7,0,3,0,광주,동구,0,2,0,0,0,1,0,126.9371,35.1131,광주동구,1,1,0,1,0,162,1,1
2941,2019-12-01,0,6,1,1,0,0,0,대전,동구,0,0,0,0,0,0,0,127.4582,36.321,대전동구,0,0,0,1,0,80,1,1
2942,2019-12-01,0,6,1,1,0,0,0,경기,연천군,0,1,0,0,0,0,0,126.9198,37.9945,경기연천군,0,0,0,1,0,106,1,1
2943,2019-12-01,0,6,1,1,0,0,0,강원,춘천시,0,0,0,1,2,1,0,127.7365,37.8641,강원춘천시,0,1,0,1,0,111,1,1
2944,2019-12-01,0,6,1,1,0,0,0,충남,천안시,0,1,0,1,1,0,0,127.1433,36.8082,충남천안시,0,0,0,1,0,63,1,1
2946,2019-12-02,1,0,2,2,0,0,0,강원,춘천시,0,1,0,0,0,0,0,127.7745,37.8959,강원춘천시,0,0,0,0,0,111,1,1
2947,2019-12-02,1,0,1,1,0,0,0,경기,광명시,0,1,0,0,0,1,0,126.8642,37.4804,경기광명시,0,1,0,0,0,81,1,1
2948,2019-12-02,1,0,1,1,0,0,0,충남,서천군,0,1,2,0,0,0,0,126.8163,36.0842,충남서천군,0,0,0,0,0,10,1,1
2949,2019-12-02,1,0,1,1,0,0,0,광주,남구,0,1,0,0,0,2,0,126.9082,35.1477,광주남구,0,2,0,0,0,190,1,1
2953,2019-12-03,0,1,1,1,0,0,0,경기,평택시,0,4,1,0,0,0,0,127.0907,36.9953,경기평택시,0,0,0,0,0,14,0,0
2954,2019-12-03,0,1,1,1,0,0,0,경남,김해시,0,0,0,0,0,1,0,128.8482,35.2222,경남김해시,0,1,0,0,0,13,1,1
2955,2019-12-03,1,1,1,1,0,0,0,충남,서천군,0,0,1,1,1,1,0,126.7116,36.0298,충남서천군,0,1,0,0,0,10,1,0
2958,2019-12-03,1,1,1,1,0,0,0,전북,김제시,0,0,3,1,1,1,0,126.9684,35.8922,전북김제시,0,1,0,0,0,34,1,1
2959,2019-12-03,0,1,1,1,0,0,0,경기,파주시,0,2,0,1,1,2,0,126.8463,37.7834,경기파주시,0,2,0,0,0,175,1,1
2960,2019-12-03,0,1,1,1,0,0,0,서울,관악구,0,2,0,0,0,0,0,126.9339,37.4867,서울관악구,0,0,0,0,0,188,1,1
2961,2019-12-03,0,1,1,1,0,0,0,충북,진천군,0,1,0,0,0,0,0,127.4422,36.7798,충북진천군,0,0,0,0,0,60,1,1
2962,2019-12-03,0,1,1,1,0,0,0,서울,성동구,0,1,0,0,0,0,0,127.0544,37.5501,서울성동구,0,0,0,0,0,84,1,1
2963,2019-12-04,0,2,1,1,0,0,0,전북,정읍시,0,0,2,0,0,0,0,126.8643,35.5652,전북정읍시,0,0,0,0,0,12,1,1
2964,2019-12-04,1,2,1,1,0,0,0,경기,시흥시,0,0,3,1,1,1,0,126.7434,37.3399,경기시흥시,0,1,0,0,0,73,1,1
2967,2019-12-04,1,2,1,1,0,0,0,경남,창원시(통합),0,2,0,1,1,1,0,128.6628,35.1604,경남창원시(통합),0,1,0,0,0,86,1,1
2971,2019-12-04,1,2,1,1,0,0,0,전북,정읍시,0,0,0,0,0,1,0,126.8676,35.5617,전북정읍시,0,1,0,0,0,12,1,1
2972,2019-12-04,1,2,1,1,0,0,0,경북,김천시,0,0,0,1,1,0,0,128.1209,36.1197,경북김천시,0,0,0,0,0,76,1,1
2974,2019-12-04,0,2,1,5,0,1,2,경기,평택시,0,1,0,1,1,2,0,127.1448,36.9974,경기평택시,0,2,0,0,0,14,1,1
2976,2019-12-04,0,2,1,1,0,0,0,전남,나주시,0,0,0,1,1,2,0,126.7071,34.9605,전남나주시,0,2,0,0,0,33,1,1
2977,2019-12-04,0,2,1,1,0,0,0,전남,순천시,0,0,0,1,2,0,0,127.4823,34.9762,전남순천시,0,0,0,0,0,27,1,1
2979,2019-12-05,0,3,1,1,0,0,0,전남,무안군,0,1,0,1,3,2,0,126.4073,35.0197,전남무안군,0,2,0,0,0,101,1,1
2980,2019-12-05,1,3,1,1,0,0,0,경기,용인시,0,0,2,1,1,1,0,127.2503,37.3414,경기용인시,0,1,0,0,0,51,1,1
2981,2019-12-05,1,3,1,1,0,0,0,전남,목포시,0,0,0,0,0,0,0,126.3842,34.7971,전남목포시,0,0,0,0,0,153,1,1
2983,2019-12-05,1,3,1,1,0,0,0,인천,부평구,0,0,0,0,0,3,0,126.7248,37.496,인천부평구,0,3,0,0,0,44,1,1
2986,2019-12-05,0,3,1,1,0,0,0,전북,장수군,0,0,2,1,1,0,0,127.5941,35.7289,전북장수군,0,0,0,0,0,155,1,1
2988,2019-12-05,0,3,1,1,0,0,0,대전,대덕구,0,0,3,1,3,0,0,127.4217,36.4465,대전대덕구,0,0,0,0,0,77,1,1
2989,2019-12-05,0,3,1,1,0,0,0,경기,의왕시,0,2,0,0,0,0,0,126.9581,37.3338,경기의왕시,0,0,0,0,0,199,1,1
2992,2019-12-06,1,4,1,1,0,0,0,강원,철원군,0,0,0,1,1,0,0,127.3045,38.1538,강원철원군,0,0,0,0,0,184,1,1
2995,2019-12-07,1,5,1,1,0,0,0,전남,곡성군,0,0,0,0,0,3,0,127.2368,35.2119,전남곡성군,0,3,0,1,0,147,1,1
2997,2019-12-07,1,5,1,3,0,1,0,전남,나주시,0,4,0,1,1,4,0,126.7456,35.0695,전남나주시,0,4,0,1,0,33,0,0
3000,2019-12-07,0,5,1,1,0,0,0,충북,증평군,0,3,0,0,0,2,0,127.619,36.771,충북증평군,0,2,0,1,0,138,0,0
3002,2019-12-07,0,5,1,1,0,0,0,경남,사천시,0,2,0,0,0,0,0,128.1016,34.9307,경남사천시,0,0,0,1,0,57,1,1
3006,2019-12-08,1,6,1,3,1,0,0,경남,창원시(통합),0,0,0,0,0,2,0,128.6049,35.2918,경남창원시(통합),0,2,0,1,0,86,1,1
3008,2019-12-08,1,6,1,1,0,0,0,충남,아산시,0,0,0,1,3,0,0,127.0193,36.7787,충남아산시,0,0,0,1,0,53,1,1
3014,2019-12-08,0,6,1,1,0,0,0,경남,밀양시,0,3,0,0,0,0,0,128.6871,35.4919,경남밀양시,0,0,0,1,0,177,0,0
3018,2019-12-09,0,0,1,1,0,0,0,대전,동구,0,1,0,1,3,0,0,127.464,36.2841,대전동구,0,0,0,0,0,80,1,1
3020,2019-12-09,0,0,1,1,0,0,0,경남,양산시,0,0,2,1,2,0,0,129.0169,35.2807,경남양산시,0,0,0,0,0,49,1,1
3024,2019-12-10,1,1,1,1,0,0,0,서울,성북구,0,2,0,1,2,1,0,127.0621,37.6115,서울성북구,0,1,0,0,0,167,1,1
3026,2019-12-10,1,1,1,1,0,0,0,경남,창원시(통합),0,2,2,0,0,1,0,128.7629,35.1143,경남창원시(통합),0,1,0,0,0,86,1,1
3031,2019-12-10,1,1,1,1,0,0,0,전남,보성군,0,4,5,0,0,2,0,127.3506,34.8461,전남보성군,0,2,0,0,0,122,0,0
3033,2019-12-10,1,1,1,1,0,0,0,강원,삼척시,0,3,0,0,0,1,0,129.2113,37.3867,강원삼척시,0,1,0,0,0,78,0,0
3034,2019-12-10,1,1,1,1,0,0,0,전북,익산시,0,1,0,0,0,4,0,126.9685,36.0772,전북익산시,0,4,0,0,0,125,1,1
3036,2019-12-10,0,1,1,1,0,0,0,대구,달서구,0,0,0,0,0,0,0,128.5483,35.8537,대구달서구,0,0,0,0,0,20,1,1
3038,2019-12-10,0,1,1,1,0,0,0,부산,강서구,0,1,0,1,1,1,0,128.8481,35.1017,부산강서구,0,1,0,0,0,206,1,1
3041,2019-12-11,1,2,1,1,0,0,0,경북,영양군,0,3,0,0,0,1,0,129.0883,36.5903,경북영양군,0,1,0,0,0,128,0,0
3042,2019-12-11,1,2,1,1,0,0,0,경기,안양시,0,1,0,0,0,0,0,126.9157,37.4028,경기안양시,0,0,0,0,0,151,1,1
3044,2019-12-11,0,2,1,1,0,0,0,전남,순천시,0,1,0,0,0,0,0,127.4456,34.9226,전남순천시,0,0,0,0,0,27,1,1
3048,2019-12-12,1,3,1,1,0,0,0,서울,양천구,0,1,2,0,0,0,0,126.831,37.5064,서울양천구,0,0,0,0,0,140,1,1
3049,2019-12-12,1,3,1,1,0,0,0,경북,영천시,0,0,0,0,0,2,0,128.7388,36.0624,경북영천시,0,2,0,0,0,5,1,1
3052,2019-12-12,1,3,1,1,0,0,0,경북,구미시,0,2,0,0,0,5,0,128.4322,36.0931,경북구미시,0,5,0,0,0,144,1,1
3054,2019-12-12,1,3,1,1,0,0,0,충북,청주시,0,0,0,1,1,0,0,127.4987,36.6249,충북청주시,0,0,0,0,0,83,1,1
3057,2019-12-12,0,3,1,1,0,0,0,충북,청주시,0,1,1,1,3,2,0,127.4828,36.6566,충북청주시,0,2,0,0,0,83,1,0
3058,2019-12-12,0,3,1,1,0,0,0,충남,홍성군,0,3,0,0,0,1,0,126.544,36.5271,충남홍성군,0,1,0,0,0,38,0,0
3060,2019-12-12,0,3,1,1,0,0,0,경남,사천시,0,0,0,1,3,1,0,128.0636,35.102,경남사천시,0,1,0,0,0,57,1,1
3061,2019-12-12,0,3,1,1,0,0,0,경남,창원시(통합),0,0,0,0,0,0,0,128.5262,35.1532,경남창원시(통합),0,0,0,0,0,86,1,1
3062,2019-12-12,0,3,1,1,0,0,0,서울,서초구,0,1,0,0,0,1,0,127.0877,37.4628,서울서초구,0,1,0,0,0,214,1,1
3068,2019-12-13,1,4,1,1,0,0,0,강원,춘천시,0,0,0,0,0,1,0,127.7607,37.8344,강원춘천시,0,1,0,0,0,111,1,1
3070,2019-12-13,0,4,1,1,0,0,0,울산,북구,0,2,2,0,0,0,0,129.3522,35.6181,울산북구,0,0,0,0,0,158,1,1
3077,2019-12-14,1,5,1,1,0,0,0,경기,부천시,0,2,0,0,0,4,0,126.7659,37.4883,경기부천시,0,4,0,1,0,65,1,1
3078,2019-12-14,1,5,1,1,0,0,0,대구,달서구,0,2,0,0,0,1,0,128.526,35.8465,대구달서구,0,1,0,1,0,20,1,1
3080,2019-12-14,1,5,2,2,0,0,0,전남,목포시,0,1,0,0,0,0,0,126.4032,34.7987,전남목포시,0,0,0,1,0,153,1,1
3081,2019-12-14,0,5,1,1,0,0,0,경기,의정부시,0,0,0,0,0,2,0,127.0886,37.7339,경기의정부시,0,2,0,1,0,64,1,1
3082,2019-12-14,0,5,1,1,0,0,0,경기,부천시,0,1,0,0,0,0,0,126.7801,37.4834,경기부천시,0,0,0,1,0,65,1,1
3089,2019-12-15,0,6,1,1,0,0,0,경기,부천시,0,1,0,0,0,2,0,126.7868,37.5047,경기부천시,0,2,0,1,0,65,1,1
3090,2019-12-16,0,0,1,1,0,0,0,전북,익산시,0,0,0,0,0,1,0,126.9784,35.9585,전북익산시,0,1,0,0,0,125,1,1
3091,2019-12-16,0,0,1,1,0,0,0,전남,여수시,0,1,0,1,1,0,0,127.636,34.7684,전남여수시,0,0,0,0,0,102,1,1
3094,2019-12-16,1,0,1,1,0,0,0,전북,남원시,0,0,0,0,0,0,0,127.3927,35.4106,전북남원시,0,0,0,0,0,193,1,1
3098,2019-12-16,0,0,1,1,0,0,0,경기,김포시,0,0,0,0,0,1,0,126.7853,37.6017,경기김포시,0,1,0,0,0,47,1,1
3101,2019-12-16,0,0,1,1,0,0,0,부산,부산진구,0,0,0,1,3,0,0,129.0458,35.1659,부산부산진구,0,0,0,0,0,163,1,1
3106,2019-12-17,1,1,1,1,0,0,0,경기,용인시,0,0,0,1,3,0,0,127.0693,37.2448,경기용인시,0,0,0,0,0,51,1,1
3107,2019-12-17,0,1,1,1,0,0,0,충북,청주시,0,0,0,0,0,0,0,127.4776,36.6448,충북청주시,0,0,0,0,0,83,1,1
3108,2019-12-17,0,1,1,1,0,0,0,경남,밀양시,0,3,0,0,0,1,0,128.8787,35.581,경남밀양시,0,1,0,0,0,177,0,0
3110,2019-12-17,0,1,1,1,0,0,0,부산,서구,0,2,0,0,0,0,0,129.0229,35.0908,부산서구,0,0,0,0,0,226,1,1
3121,2019-12-18,0,2,1,1,0,0,0,충남,홍성군,0,0,2,0,0,0,0,126.6914,36.6472,충남홍성군,0,0,0,0,0,38,1,1
3125,2019-12-19,0,3,1,1,0,0,0,경기,김포시,0,0,1,1,1,1,0,126.7301,37.6099,경기김포시,0,1,0,0,0,47,1,0
3126,2019-12-19,1,3,1,1,0,0,0,강원,동해시,0,0,0,0,0,0,0,129.1044,37.5344,강원동해시,0,0,0,0,0,210,1,1
3127,2019-12-19,1,3,1,1,0,0,0,전북,고창군,0,0,0,2,4,0,0,126.6926,35.4378,전북고창군,0,0,0,0,0,219,1,1
3131,2019-12-19,0,3,1,1,0,0,0,경남,거제시,0,2,0,0,0,0,0,128.593,34.8441,경남거제시,0,0,0,0,0,15,1,1
3132,2019-12-19,0,3,1,1,0,0,0,전남,목포시,0,1,1,0,0,0,0,126.4268,34.803,전남목포시,0,0,0,0,0,153,1,0
3134,2019-12-19,0,3,1,1,0,0,0,경남,진주시,0,1,0,1,3,2,0,128.0713,35.1772,경남진주시,0,2,0,0,0,42,1,1
3136,2019-12-20,0,4,1,1,0,0,0,서울,구로구,0,0,2,0,0,0,0,126.8444,37.4962,서울구로구,0,0,0,0,0,79,1,1
3137,2019-12-20,0,4,1,1,0,0,0,충남,천안시,0,1,0,1,1,0,0,127.1355,36.8185,충남천안시,0,0,0,0,0,63,1,1
3138,2019-12-20,0,4,2,2,0,0,0,충북,청주시,0,4,0,1,2,1,0,127.483,36.6797,충북청주시,0,1,0,0,0,83,0,0
3139,2019-12-20,1,4,1,1,0,0,0,전남,해남군,0,0,0,1,1,0,0,126.5974,34.5749,전남해남군,0,0,0,0,0,119,1,1
3144,2019-12-20,0,4,1,3,1,0,0,경북,구미시,0,0,1,0,0,0,0,128.3427,36.1191,경북구미시,0,0,0,0,0,144,1,0
3145,2019-12-21,0,5,1,1,0,0,0,경기,부천시,0,2,0,0,0,0,0,126.7538,37.506,경기부천시,0,0,0,1,0,65,1,1
3146,2019-12-21,0,5,1,3,0,1,0,전북,군산시,0,0,1,1,3,0,0,126.7094,35.9697,전북군산시,0,0,0,1,0,166,1,0
3149,2019-12-21,1,5,1,1,0,0,0,경남,거제시,0,1,2,0,0,0,0,128.5161,34.9082,경남거제시,0,0,0,1,0,15,1,1
3151,2019-12-21,0,5,1,1,0,0,0,경기,안양시,0,2,0,0,0,0,0,126.9111,37.4078,경기안양시,0,0,0,1,0,151,1,1
3152,2019-12-21,0,5,1,1,0,0,0,충남,태안군,0,0,0,1,1,0,0,126.3074,36.7555,충남태안군,0,0,0,1,0,169,1,1
3156,2019-12-22,1,6,1,1,0,0,0,경남,김해시,0,2,0,0,0,0,0,128.8895,35.2346,경남김해시,0,0,0,1,0,13,1,1
3158,2019-12-22,1,6,1,1,0,0,0,서울,서초구,0,1,0,2,4,0,0,127.0064,37.4914,서울서초구,0,0,0,1,0,214,1,1
3159,2019-12-22,1,6,1,1,0,0,0,부산,금정구,0,0,0,0,0,2,0,129.0947,35.2837,부산금정구,0,2,0,1,0,96,1,1
3167,2019-12-23,1,0,1,1,0,0,0,전북,전주시,0,1,0,2,4,0,0,127.114,35.8009,전북전주시,0,0,0,0,0,11,1,1
3170,2019-12-24,0,1,1,1,0,0,0,충북,청주시,0,2,0,0,0,1,0,127.3374,36.6093,충북청주시,0,1,0,0,0,83,1,1
3174,2019-12-24,0,1,1,1,0,0,0,충남,공주시,0,0,3,1,3,0,0,127.1088,36.4635,충남공주시,0,0,0,0,0,19,1,1
3179,2019-12-25,1,2,1,1,0,0,0,전북,전주시,0,0,0,0,0,0,0,127.144,35.8257,전북전주시,0,0,0,1,0,11,1,1
3180,2019-12-25,1,2,1,1,0,0,0,전남,영광군,0,0,0,0,0,1,0,126.4169,35.2821,전남영광군,0,1,0,1,0,127,1,1
3182,2019-12-25,0,2,1,1,0,0,0,전북,정읍시,0,1,0,1,1,1,0,126.8409,35.5701,전북정읍시,0,1,0,1,0,12,1,1
3188,2019-12-26,1,3,1,1,0,0,0,경기,광명시,0,0,1,1,3,1,0,126.8932,37.4518,경기광명시,0,1,0,0,0,81,1,0
3189,2019-12-26,1,3,1,1,0,0,0,경기,안산시,0,1,0,0,0,0,0,126.8515,37.2964,경기안산시,0,0,0,0,0,2,1,1
3190,2019-12-26,1,3,1,1,0,0,0,충남,보령시,0,0,0,1,2,0,0,126.6022,36.3148,충남보령시,0,0,0,0,0,136,1,1
3191,2019-12-26,1,3,1,1,0,0,0,전남,장성군,0,2,0,0,0,0,0,126.6423,35.2238,전남장성군,0,0,0,0,0,146,1,1
3193,2019-12-27,1,4,1,1,0,0,0,경기,고양시,0,0,2,0,0,0,0,126.7652,37.6841,경기고양시,0,0,0,0,0,40,1,1
3197,2019-12-27,0,4,1,1,0,0,0,제주,서귀포시,0,2,0,0,0,0,0,126.8711,33.4389,제주서귀포시,0,0,0,0,0,62,1,1
3199,2019-12-27,0,4,1,1,0,0,0,전북,고창군,0,0,0,0,0,0,0,126.6512,35.4149,전북고창군,0,0,0,0,0,219,1,1
3201,2019-12-28,0,5,1,1,0,0,0,제주,제주시,0,0,0,1,1,1,0,126.2754,33.4125,제주제주시,0,1,0,1,0,90,1,1
3202,2019-12-28,0,5,1,1,0,0,0,경기,성남시,0,2,0,0,0,1,0,127.1285,37.4364,경기성남시,0,1,0,1,0,95,1,1
3203,2019-12-28,0,5,1,1,0,0,0,경남,진주시,0,0,0,1,1,0,0,128.1286,35.1891,경남진주시,0,0,0,1,0,42,1,1
3204,2019-12-28,1,5,1,1,0,0,0,전남,고흥군,0,2,2,0,0,1,0,127.2495,34.5537,전남고흥군,0,1,0,1,0,191,1,1
3209,2019-12-28,1,5,1,3,1,0,0,경기,가평군,0,1,0,0,0,0,0,127.3013,37.8422,경기가평군,0,0,0,1,0,176,1,1
3211,2019-12-29,1,6,1,1,0,0,0,울산,중구,0,0,0,1,1,0,0,129.3253,35.556,울산중구,0,0,0,1,0,205,1,1
3215,2019-12-29,0,6,1,1,0,0,0,서울,동대문구,0,0,2,0,0,0,0,127.0629,37.5903,서울동대문구,0,0,0,1,0,201,1,1
3216,2019-12-30,0,0,1,1,0,0,0,서울,관악구,0,2,0,0,0,0,0,126.927,37.4933,서울관악구,0,0,0,0,0,188,1,1
3218,2019-12-30,1,0,1,1,0,0,0,경북,경산시,0,2,0,1,2,1,0,128.7607,35.8414,경북경산시,0,1,0,0,0,52,1,1
3220,2019-12-30,1,0,1,1,0,0,0,대구,서구,0,1,0,1,1,0,0,128.5719,35.8703,대구서구,0,0,0,0,0,107,1,1
3223,2019-12-30,0,0,1,1,0,0,0,부산,동래구,0,0,0,0,0,2,0,129.0869,35.2012,부산동래구,0,2,0,0,0,216,1,1
3224,2019-12-30,0,0,1,1,0,0,0,경기,안성시,0,1,0,0,0,2,0,127.1714,36.9999,경기안성시,0,2,0,0,0,23,1,1
3226,2019-12-31,0,1,1,3,1,0,0,강원,원주시,0,2,0,0,0,0,0,127.8569,37.3339,강원원주시,0,0,0,0,0,36,1,1
3228,2019-12-31,0,1,1,1,0,0,0,서울,강남구,0,2,0,1,2,1,0,127.0978,37.4858,서울강남구,0,1,0,0,0,89,1,1
3231,2019-12-31,1,1,1,3,0,1,0,울산,울주군,0,0,0,1,2,0,0,129.2405,35.5703,울산울주군,0,0,0,0,0,17,1,1
3233,2018-02-14,1,2,1,1,0,0,0,서울,서대문구,0,0,0,0,0,0,0,126.9393,37.5904,서울서대문구,0,0,0,0,0,195,1,1
3234,2018-09-02,0,6,1,1,0,0,0,서울,용산구,0,0,0,1,3,0,0,126.9717,37.5495,서울용산구,0,0,0,1,0,134,1,1
3237,2018-07-16,0,0,1,1,0,0,0,서울,강북구,0,1,0,1,3,1,0,127.0196,37.6228,서울강북구,0,1,0,0,0,200,1,1
3238,2018-12-30,0,6,1,1,0,0,0,서울,강북구,0,0,0,0,0,0,0,127.0221,37.6124,서울강북구,0,0,0,1,0,200,1,1
3239,2018-01-29,1,0,1,1,0,0,0,서울,광진구,0,0,3,0,0,1,0,127.0832,37.5395,서울광진구,0,1,0,0,0,183,1,1
3240,2018-05-11,0,4,1,1,0,0,0,서울,마포구,0,0,2,0,0,0,0,126.9527,37.5465,서울마포구,0,0,0,0,0,159,1,1