index,발생년월일,주야,요일,사망자수,사상자수,중상자수,경상자수,부상신고자수,발생지시도,발생지시군구,사고유형_대분류,사고유형_중분류,법규위반,도로형태_대분류,도로형태,당사자종별_1당_대분류,당사자종별_2당_대분류,경도,위도,발생지,사고피해정도,사고차량타입,도시여부,주말/공휴일,인구수,발생지번호,보행자의위치,무단횡단여부
4143,2018-01-18,1,3,1,1,0,0,0,서울,성동구,0,0,0,0,0,0,0,127.0364,37.5599,서울성동구,0,0,0,0,0,84,1,1
4144,2018-04-13,1,4,1,1,0,0,0,서울,동작구,0,0,3,0,0,0,0,126.9385,37.5136,서울동작구,0,0,0,0,0,93,1,1
4146,2018-03-10,0,5,1,1,0,0,0,서울,관악구,0,4,0,1,3,4,0,126.9336,37.474,서울관악구,0,4,0,1,0,188,0,0
4148,2018-08-13,0,0,1,1,0,0,0,서울,강서구,0,0,0,1,2,1,0,126.8126,37.5702,서울강서구,0,1,0,0,0,43,1,1
4149,2018-06-30,0,5,1,1,0,0,0,서울,강서구,0,1,0,0,0,0,0,126.8575,37.539,서울강서구,0,0,0,1,0,43,1,1
4152,2018-04-16,1,0,1,1,0,0,0,서울,송파구,0,3,0,1,1,0,0,127.1242,37.4883,서울송파구,0,0,0,0,0,156,0,0
4153,2018-11-04,1,6,1,1,0,0,0,서울,송파구,0,0,0,0,0,0,0,127.0772,37.5027,서울송파구,0,0,0,1,0,156,1,1
4159,2018-11-21,0,2,1,1,0,0,0,서울,양천구,0,0,3,1,3,0,0,126.8393,37.5174,서울양천구,0,0,0,0,0,140,1,1
4161,2018-10-15,1,0,1,1,0,0,0,서울,노원구,0,4,4,0,0,0,0,127.0618,37.6491,서울노원구,0,0,0,0,0,18,0,0
4162,2018-06-25,1,0,1,1,0,0,0,서울,노원구,0,2,0,0,0,0,0,127.0783,37.6563,서울노원구,0,0,0,0,0,18,1,1
4163,2018-02-07,0,2,1,1,0,0,0,서울,도봉구,0,1,0,1,2,0,0,127.0445,37.6733,서울도봉구,0,0,0,0,0,98,1,1
4165,2018-02-06,1,1,1,1,0,0,0,서울,은평구,0,0,0,1,1,0,0,126.9171,37.6237,서울은평구,0,0,0,0,0,139,1,1
4167,2018-08-12,0,6,1,1,0,0,0,부산,북구,0,0,0,0,0,0,0,128.9965,35.2063,부산북구,0,0,0,1,0,118,1,1
4169,2018-07-18,0,2,1,20,5,14,0,부산,동래구,0,0,0,0,0,2,0,129.0797,35.2037,부산동래구,2,2,0,0,0,216,1,1
4172,2018-04-25,1,2,1,1,0,0,0,부산,해운대구,0,0,0,0,0,5,0,129.1282,35.2198,부산해운대구,0,5,0,0,0,1,1,1
4173,2018-02-25,1,6,1,1,0,0,0,부산,해운대구,0,0,0,2,4,1,0,129.1442,35.1633,부산해운대구,0,1,0,1,0,1,1,1
4175,2018-05-18,0,4,1,1,0,0,0,부산,부산진구,0,1,0,0,0,4,0,129.06,35.1591,부산부산진구,0,4,0,0,0,163,1,1
4176,2018-10-11,0,3,1,1,0,0,0,부산,부산진구,0,1,0,0,0,0,0,129.0289,35.1477,부산부산진구,0,0,0,0,0,163,1,1
4178,2018-12-21,1,4,1,1,0,0,0,부산,연제구,0,3,0,0,0,2,0,129.0883,35.1801,부산연제구,0,2,0,0,0,221,0,0
4179,2018-06-28,0,3,1,1,0,0,0,부산,연제구,0,0,2,0,0,0,0,129.0895,35.1742,부산연제구,0,0,0,0,0,221,1,1
4180,2018-02-23,0,4,1,1,0,0,0,부산,강서구,0,0,0,0,0,0,0,128.9767,35.2114,부산강서구,0,0,0,0,0,206,1,1
4181,2018-03-09,1,4,1,1,0,0,0,부산,강서구,0,0,0,0,0,0,0,128.8843,35.0887,부산강서구,0,0,0,0,0,206,1,1
4182,2018-05-19,0,5,1,1,0,0,0,부산,강서구,0,1,0,0,0,0,0,128.9267,35.1129,부산강서구,0,0,0,1,0,206,1,1
4183,2018-03-31,1,5,1,1,0,0,0,부산,강서구,0,1,2,1,2,0,0,128.9586,35.163,부산강서구,0,0,0,1,0,206,1,1
4184,2018-01-16,0,1,1,1,0,0,0,부산,기장군,0,0,1,1,3,1,0,129.1917,35.3198,부산기장군,0,1,0,0,0,85,1,0
4187,2018-08-12,0,6,1,1,0,0,0,경기,수원시,0,2,0,0,0,0,0,127.0054,37.3039,경기수원시,0,0,0,1,0,99,1,1
4192,2018-09-28,1,4,1,1,0,0,0,경기,평택시,0,3,0,0,0,3,0,126.8343,37.0024,경기평택시,0,3,0,0,0,14,0,0
4200,2018-03-23,0,4,1,1,0,0,0,경기,광주시,0,0,0,0,0,0,0,127.2707,37.4023,경기광주시,0,0,0,0,0,9,1,1
4201,2018-09-22,0,5,1,1,0,0,0,경기,광주시,0,1,0,1,2,2,0,127.2648,37.4063,경기광주시,0,2,0,1,0,9,1,1
4211,2018-11-02,0,4,1,1,0,0,0,경기,화성시,0,0,0,0,0,0,0,127.0366,37.2117,경기화성시,0,0,0,0,0,50,1,1
4213,2018-12-21,1,4,1,1,0,0,0,경기,부천시,0,4,1,1,3,0,0,126.7513,37.4895,경기부천시,0,0,0,0,0,65,0,0
4215,2018-02-21,0,2,1,1,0,0,0,경기,광명시,0,0,0,0,0,0,0,126.8522,37.4749,경기광명시,0,0,0,0,0,81,1,1
4218,2018-12-28,1,4,1,1,0,0,0,경기,수원시,0,0,2,1,2,0,0,127.0353,37.2607,경기수원시,0,0,0,0,0,99,1,1
4219,2018-02-04,0,6,1,1,0,0,0,경기,군포시,0,0,2,0,0,0,0,126.9336,37.3704,경기군포시,0,0,0,1,0,126,1,1
4222,2018-04-10,0,1,1,1,0,0,0,경기,성남시,0,4,1,1,3,2,0,127.1172,37.3918,경기성남시,0,2,0,0,0,95,0,0
4225,2018-04-22,0,6,1,1,0,0,0,경기,시흥시,0,0,0,1,2,2,0,126.7511,37.3433,경기시흥시,0,2,0,1,0,73,1,1
4226,2018-06-09,0,5,1,1,0,0,0,경기,시흥시,0,1,0,0,0,0,0,126.7483,37.3396,경기시흥시,0,0,0,1,0,73,1,1
4227,2018-10-12,0,4,1,1,0,0,0,경기,안산시,0,0,0,1,3,2,0,126.8455,37.3161,경기안산시,0,2,0,0,0,2,1,1
4228,2018-01-04,0,3,1,2,0,1,0,경기,안산시,0,0,2,0,0,0,0,126.9147,37.2987,경기안산시,0,0,0,0,0,2,1,1
4230,2018-10-03,0,2,1,1,0,0,0,경기,수원시,0,2,0,0,0,1,0,127.0094,37.2683,경기수원시,0,1,0,1,0,99,1,1
4242,2018-07-02,1,0,1,1,0,0,0,경기,하남시,0,1,0,1,3,1,0,127.2037,37.5391,경기하남시,0,1,0,0,0,67,1,1
4244,2018-07-15,1,6,1,1,0,0,0,경기,부천시,0,2,1,1,3,0,0,126.7979,37.5192,경기부천시,0,0,0,1,0,65,1,0
4248,2018-03-04,0,6,1,1,0,0,0,강원,강릉시,0,0,2,0,0,0,0,128.8886,37.7404,강원강릉시,0,0,0,1,0,194,1,1
4249,2018-09-29,0,5,1,1,0,0,0,강원,강릉시,0,0,0,0,0,0,0,128.8734,37.7856,강원강릉시,0,0,0,1,0,194,1,1
4255,2018-11-01,0,3,1,2,1,0,0,강원,평창군,0,1,0,0,0,0,0,128.4142,37.407,강원평창군,0,0,0,0,0,24,1,1
4256,2018-10-11,1,3,1,1,0,0,0,강원,평창군,0,4,5,0,0,1,0,128.555,37.6336,강원평창군,0,1,0,0,0,24,0,0
4265,2018-07-14,0,5,1,1,0,0,0,강원,동해시,0,2,0,0,0,1,0,129.1034,37.5094,강원동해시,0,1,0,1,0,210,1,1
4267,2018-05-23,0,2,1,1,0,0,0,충북,청주시,0,2,0,0,0,0,0,127.4762,36.6579,충북청주시,0,0,0,0,0,83,1,1
4268,2018-07-04,0,2,1,1,0,0,0,충북,청주시,0,0,0,1,2,2,0,127.4526,36.7406,충북청주시,0,2,0,0,0,83,1,1
4270,2018-05-13,1,6,1,1,0,0,0,충북,충주시,0,1,0,2,4,0,0,127.9107,36.9822,충북충주시,0,0,0,1,0,6,1,1
4272,2018-01-28,0,6,1,3,0,2,0,충북,충주시,0,0,2,1,1,0,0,127.826,36.9733,충북충주시,0,0,0,1,0,6,1,1
4283,2018-11-01,0,3,1,1,0,0,0,충북,진천군,0,3,0,0,0,0,0,127.4354,36.9104,충북진천군,0,0,0,0,0,60,0,0
4297,2018-11-13,0,1,1,3,1,1,0,충북,충주시,0,1,0,0,0,1,0,127.7338,37.046,충북충주시,0,1,0,0,0,6,1,1
4300,2018-03-01,0,3,1,2,0,1,0,충남,천안시,0,2,0,1,1,2,0,127.1282,36.916,충남천안시,0,2,0,1,0,63,1,1
4303,2018-03-25,1,6,1,1,0,0,0,충남,논산시,0,1,0,0,0,1,0,127.1404,36.3028,충남논산시,0,1,0,1,0,61,1,1
4306,2018-06-22,0,4,1,1,0,0,0,충남,논산시,0,2,0,0,0,0,0,127.0805,36.1951,충남논산시,0,0,0,0,0,61,1,1
4307,2018-01-10,0,2,1,1,0,0,0,충남,홍성군,0,2,0,0,0,2,0,126.7134,36.6212,충남홍성군,0,2,0,0,0,38,1,1
4311,2018-07-15,0,6,1,1,0,0,0,충남,아산시,0,3,0,0,0,1,0,126.8654,36.7515,충남아산시,0,1,0,1,0,53,0,0
4312,2018-08-13,1,0,1,1,0,0,0,충남,아산시,0,1,0,0,0,0,0,126.9986,36.7787,충남아산시,0,0,0,0,0,53,1,1
4313,2018-06-14,1,3,1,1,0,0,0,충남,아산시,0,0,1,0,0,0,0,127.0084,36.7796,충남아산시,0,0,0,0,0,53,1,0
4314,2018-01-14,0,6,1,1,0,0,0,충남,아산시,0,3,0,0,0,9,0,126.9211,36.7234,충남아산시,0,9,0,1,0,53,0,0
4318,2018-04-04,0,2,1,1,0,0,0,충남,보령시,0,0,0,0,0,1,0,126.5969,36.4574,충남보령시,0,1,0,0,0,136,1,1
4319,2018-12-11,0,1,1,1,0,0,0,충남,보령시,0,0,0,0,0,0,0,126.6037,36.4684,충남보령시,0,0,0,0,0,136,1,1
4322,2018-01-04,0,3,1,1,0,0,0,세종,세종,0,2,2,0,0,0,0,127.299,36.5963,세종세종,0,0,1,0,0,229,1,1
4323,2018-09-21,0,4,1,1,0,0,0,세종,세종,0,0,0,1,2,1,0,127.1672,36.7306,세종세종,0,1,1,0,0,229,1,1
4325,2018-04-04,0,2,1,2,1,0,0,충남,당진시,0,2,4,0,0,1,0,126.5648,37.0239,충남당진시,0,1,0,0,0,46,1,1
4328,2018-05-29,1,1,1,1,0,0,0,충남,당진시,0,0,0,1,1,1,0,126.7855,36.9445,충남당진시,0,1,0,0,0,46,1,1
4332,2018-08-26,1,6,1,1,0,0,0,충남,천안시,0,4,3,1,3,0,0,127.1421,36.7985,충남천안시,0,0,0,1,0,63,0,0
4333,2018-09-07,1,4,1,1,0,0,0,충남,천안시,0,1,0,1,2,3,0,127.2641,36.7563,충남천안시,0,3,0,0,0,63,1,1
4339,2018-04-22,0,6,1,1,0,0,0,전북,전주시,0,0,0,1,1,0,0,127.114,35.8123,전북전주시,0,0,0,1,0,11,1,1
4340,2018-02-10,0,5,1,1,0,0,0,전북,전주시,0,1,0,1,3,0,0,127.145,35.8118,전북전주시,0,0,0,1,0,11,1,1
4341,2018-07-26,0,3,1,1,0,0,0,전북,전주시,0,2,5,0,0,0,0,127.1461,35.8293,전북전주시,0,0,0,0,0,11,1,1
4346,2018-04-21,0,5,1,1,0,0,0,전북,군산시,0,1,0,0,0,1,0,126.7478,35.9498,전북군산시,0,1,0,1,0,166,1,1
4347,2018-07-09,0,0,1,1,0,0,0,전북,군산시,0,0,0,1,1,2,0,126.6804,35.9728,전북군산시,0,2,0,0,0,166,1,1
4348,2018-02-23,0,4,1,1,0,0,0,전북,군산시,0,1,0,1,1,2,0,126.7428,35.9757,전북군산시,0,2,0,0,0,166,1,1
4350,2018-04-29,0,6,1,1,0,0,0,전북,익산시,0,1,2,0,0,0,0,126.9552,35.985,전북익산시,0,0,0,1,0,125,1,1
4351,2018-02-23,0,4,1,1,0,0,0,전북,정읍시,0,1,0,0,0,0,0,126.8772,35.6538,전북정읍시,0,0,0,0,0,12,1,1
4352,2018-01-05,1,4,1,1,0,0,0,전북,김제시,0,2,0,0,0,0,0,126.872,35.8101,전북김제시,0,0,0,0,0,34,1,1
4359,2018-04-14,1,5,1,1,0,0,0,전북,남원시,0,1,0,0,0,0,0,127.4498,35.4585,전북남원시,0,0,0,1,0,193,1,1
4364,2018-01-20,0,5,1,1,0,0,0,전북,부안군,0,1,0,2,4,0,0,126.7383,35.7281,전북부안군,0,0,0,1,0,185,1,1
4380,2018-09-22,0,5,1,1,0,0,0,전남,여수시,0,2,0,2,4,0,0,127.711,34.7586,전남여수시,0,0,0,1,0,102,1,1
4381,2018-07-19,1,3,1,1,0,0,0,전남,여수시,0,0,3,0,0,0,0,127.7074,34.7554,전남여수시,0,0,0,0,0,102,1,1
4383,2018-05-23,1,2,1,1,0,0,0,전남,여수시,0,0,0,1,2,0,0,127.7349,34.7536,전남여수시,0,0,0,0,0,102,1,1
4385,2018-05-14,0,0,1,2,1,0,0,전남,순천시,0,1,0,0,0,1,0,127.489,34.8456,전남순천시,0,1,0,0,0,27,1,1
4390,2018-06-29,0,4,1,1,0,0,0,전남,나주시,0,1,0,2,4,1,0,126.7069,35.0028,전남나주시,0,1,0,0,0,33,1,1
4392,2018-01-06,0,5,1,1,0,0,0,전남,나주시,0,0,0,0,0,0,0,126.7546,35.0235,전남나주시,0,0,0,1,0,33,1,1
4393,2018-09-23,1,6,1,1,0,0,0,전남,장흥군,0,3,0,0,0,1,0,126.9469,34.5672,전남장흥군,0,1,0,1,0,56,0,0
4394,2018-02-10,1,5,1,1,0,0,0,전남,해남군,0,1,0,0,0,1,0,126.5185,34.3672,전남해남군,0,1,0,1,0,119,1,1
4399,2018-01-03,0,2,1,1,0,0,0,전남,보성군,0,3,0,0,0,0,0,127.0769,34.7915,전남보성군,0,0,0,0,0,122,0,0
4404,2018-01-05,1,4,1,1,0,0,0,전남,영광군,0,0,1,1,3,0,0,126.5032,35.2734,전남영광군,0,0,0,0,0,127,1,0
4408,2018-07-05,1,3,1,1,0,0,0,전남,장성군,0,1,0,1,1,0,0,126.7431,35.2638,전남장성군,0,0,0,0,0,146,1,1
4415,2018-01-13,1,5,1,1,0,0,0,전남,광양시,0,0,0,0,0,0,0,127.5598,34.9653,전남광양시,0,0,0,1,0,130,1,1
4424,2018-03-18,0,6,1,1,0,0,0,경북,경주시,0,0,2,1,2,0,0,129.494,35.7769,경북경주시,0,0,0,1,0,100,1,1
4426,2018-03-21,0,2,1,1,0,0,0,경북,안동시,0,2,0,0,0,0,0,128.5717,36.5799,경북안동시,0,0,0,0,0,66,1,1
4427,2018-03-25,0,6,1,1,0,0,0,경북,김천시,0,2,0,1,1,1,0,128.1334,36.1178,경북김천시,0,1,0,1,0,76,1,1
4439,2018-10-26,0,4,1,1,0,0,0,경북,영천시,0,0,0,0,0,1,0,128.8948,35.8783,경북영천시,0,1,0,0,0,5,1,1
4444,2018-10-25,1,3,1,1,0,0,0,경북,영덕군,0,1,0,0,0,1,0,129.381,36.3438,경북영덕군,0,1,0,0,0,54,1,1
4445,2018-05-04,1,4,1,1,0,0,0,경북,예천군,0,3,0,0,0,0,0,128.3751,36.6433,경북예천군,0,0,0,0,0,55,0,0
4446,2018-10-29,1,0,1,1,0,0,0,경북,청도군,0,0,0,2,4,1,0,128.768,35.6548,경북청도군,0,1,0,0,0,3,1,1
4449,2018-04-27,0,4,1,1,0,0,0,경북,청도군,0,2,2,0,0,0,0,128.9715,35.6944,경북청도군,0,0,0,0,0,3,1,1
4451,2018-12-24,0,0,1,1,0,0,0,경북,성주군,0,0,0,0,0,0,0,128.3158,35.9487,경북성주군,0,0,0,0,0,168,1,1
4452,2018-06-17,0,6,1,1,0,0,0,경북,울진군,0,2,0,0,0,0,0,129.4315,36.661,경북울진군,0,0,0,1,0,208,1,1
4453,2018-10-17,0,2,1,1,0,0,0,경북,고령군,0,0,0,0,0,0,0,128.2742,35.7416,경북고령군,0,0,0,0,0,220,1,1
4456,2018-09-05,1,2,1,1,0,0,0,경북,영양군,0,3,0,0,0,1,0,129.1184,36.6643,경북영양군,0,1,0,0,0,128,0,0
4460,2018-07-12,0,3,1,1,0,0,0,경북,포항시,0,2,0,0,0,0,0,129.4029,35.959,경북포항시,0,0,0,0,0,160,1,1
4461,2018-12-10,0,0,1,1,0,0,0,경북,포항시,0,0,2,1,3,0,0,129.3729,36.0315,경북포항시,0,0,0,0,0,160,1,1
4466,2018-07-27,0,4,1,1,0,0,0,경남,창원시(통합),0,0,0,1,1,0,0,128.5758,35.1998,경남창원시(통합),0,0,0,0,0,86,1,1
4469,2018-05-19,0,5,1,1,0,0,0,경남,진주시,0,2,0,0,0,1,0,128.2216,35.1981,경남진주시,0,1,0,1,0,42,1,1
4471,2018-03-17,0,5,1,1,0,0,0,경남,통영시,0,0,2,0,0,2,0,128.4206,34.8263,경남통영시,0,2,0,1,0,212,1,1
4473,2018-08-06,0,0,1,1,0,0,0,경남,사천시,0,1,0,2,4,1,0,128.0616,35.0133,경남사천시,0,1,0,0,0,57,1,1
4474,2018-11-17,0,5,1,1,0,0,0,경남,사천시,0,2,0,0,0,1,0,128.0015,35.1107,경남사천시,0,1,0,1,0,57,1,1
4475,2018-06-25,1,0,1,1,0,0,0,경남,김해시,0,0,0,1,1,1,0,128.829,35.3683,경남김해시,0,1,0,0,0,13,1,1
4476,2018-10-31,0,2,1,1,0,0,0,경남,김해시,0,1,0,0,0,0,0,128.8795,35.2259,경남김해시,0,0,0,0,0,13,1,1
4477,2018-02-06,0,1,1,1,0,0,0,경남,합천군,0,3,0,1,2,0,0,128.1533,35.4389,경남합천군,0,0,0,0,0,133,0,0
4482,2018-01-06,0,5,1,1,0,0,0,경남,고성군,0,2,0,0,0,1,0,128.3346,34.9621,경남고성군,0,1,0,1,0,87,1,1
4486,2018-11-06,0,1,1,2,1,0,0,경남,남해군,0,0,1,0,0,0,0,128.0047,34.7217,경남남해군,0,0,0,0,0,197,1,0
4488,2018-11-01,1,3,1,1,0,0,0,경남,함안군,0,0,0,1,2,1,0,128.4094,35.2734,경남함안군,0,1,0,0,0,117,1,1
4493,2018-08-17,0,4,1,2,1,0,0,경남,창원시(통합),0,0,0,1,1,0,0,128.5851,35.2417,경남창원시(통합),0,0,0,0,0,86,1,1
4494,2018-04-17,0,1,1,1,0,0,0,경남,창원시(통합),0,0,3,0,0,4,0,128.5894,35.2456,경남창원시(통합),0,4,0,0,0,86,1,1
4495,2018-06-17,0,6,1,1,0,0,0,경남,창원시(통합),0,0,0,1,1,0,0,128.6401,35.2681,경남창원시(통합),0,0,0,1,0,86,1,1
4497,2018-11-20,1,1,1,1,0,0,0,경남,김해시,0,0,0,0,0,1,0,128.7877,35.3245,경남김해시,0,1,0,0,0,13,1,1
4498,2018-11-16,0,4,1,1,0,0,0,경남,창녕군,0,1,0,0,0,5,0,128.5123,35.4595,경남창녕군,0,5,0,0,0,211,1,1
4504,2018-10-23,1,1,1,1,0,0,0,제주,서귀포시,0,1,0,1,1,1,0,126.7177,33.2787,제주서귀포시,0,1,0,0,0,62,1,1
4506,2018-08-12,0,6,1,1,0,0,0,제주,제주시,0,0,0,1,2,0,0,126.5,33.4934,제주제주시,0,0,0,1,0,90,1,1
4507,2018-11-29,1,3,1,1,0,0,0,제주,제주시,0,1,0,0,0,0,0,126.489,33.4949,제주제주시,0,0,0,0,0,90,1,1
4508,2018-01-17,1,2,1,1,0,0,0,제주,제주시,0,1,0,0,0,1,0,126.3013,33.3641,제주제주시,0,1,0,0,0,90,1,1
4513,2018-05-16,1,2,1,1,0,0,0,대구,수성구,0,0,0,0,0,1,0,128.6369,35.8716,대구수성구,0,1,0,0,0,37,1,1
4515,2018-10-26,1,4,1,1,0,0,0,대구,달서구,0,0,0,1,3,1,0,128.5515,35.8202,대구달서구,0,1,0,0,0,20,1,1
4517,2018-05-11,1,4,1,1,0,0,0,대구,서구,0,2,0,1,2,0,0,128.5694,35.8646,대구서구,0,0,0,0,0,107,1,1
4521,2018-09-22,0,5,1,1,0,0,0,대구,서구,0,2,0,0,0,0,0,128.5714,35.8637,대구서구,0,0,0,1,0,107,1,1
4522,2018-07-12,0,3,1,1,0,0,0,대구,중구,0,0,0,0,0,0,0,128.5973,35.8706,대구중구,0,0,0,0,0,178,1,1
4523,2018-12-24,0,0,1,1,0,0,0,인천,남구,0,1,1,1,3,2,0,126.6502,37.4651,인천남동구,0,2,0,0,0,29,1,0
4524,2018-07-26,1,3,1,1,0,0,0,인천,계양구,0,0,0,1,1,1,0,126.7194,37.5268,인천계양구,0,1,0,0,0,7,1,1
4530,2018-01-22,1,0,1,1,0,0,0,인천,남동구,0,0,0,0,0,0,0,126.7387,37.4208,인천남동구,0,0,0,0,0,29,1,1
4533,2018-02-02,0,4,1,1,0,0,0,광주,서구,0,1,0,1,2,2,0,126.8657,35.1579,광주서구,0,2,0,0,0,222,1,1
4535,2018-10-08,0,0,1,1,0,0,0,광주,광산구,0,0,2,0,0,0,0,126.776,35.1344,광주광산구,0,0,0,0,0,135,1,1
4536,2018-10-24,1,2,1,1,0,0,0,광주,광산구,0,0,0,0,0,1,0,126.8491,35.2066,광주광산구,0,1,0,0,0,135,1,1
4537,2018-05-18,1,4,1,1,0,0,0,광주,광산구,0,1,0,1,1,1,0,126.7979,35.1414,광주광산구,0,1,0,0,0,135,1,1
4538,2018-03-02,1,4,1,1,0,0,0,대전,중구,0,0,0,1,1,0,0,127.3939,36.3236,대전중구,0,0,0,0,0,39,1,1
4543,2018-02-10,1,5,1,1,0,0,0,대전,서구,0,0,0,0,0,1,0,127.3412,36.2547,대전서구,0,1,0,1,0,4,1,1
4544,2018-06-01,0,4,1,1,0,0,0,대전,서구,0,4,0,1,3,0,0,127.3884,36.3347,대전서구,0,0,0,0,0,4,0,0
4545,2018-08-01,0,2,1,1,0,0,0,대전,서구,0,0,0,1,1,0,0,127.3791,36.3256,대전서구,0,0,0,0,0,4,1,1
4547,2018-11-16,0,4,1,1,0,0,0,대전,서구,0,0,0,0,0,4,0,127.395,36.3471,대전서구,0,4,0,0,0,4,1,1
4548,2018-08-18,0,5,1,1,0,0,0,대전,서구,0,1,0,0,0,0,0,127.3992,36.349,대전서구,0,0,0,1,0,4,1,1
4552,2018-11-23,1,4,1,1,0,0,0,울산,중구,0,1,0,0,0,1,0,129.334,35.5568,울산중구,0,1,0,0,0,205,1,1
4554,2018-05-22,0,1,1,1,0,0,0,울산,남구,0,0,3,1,1,0,0,129.34,35.5373,울산남구,0,0,0,1,0,213,1,1
4556,2018-05-12,1,5,1,1,0,0,0,울산,울주군,0,1,0,1,1,0,0,129.2874,35.4057,울산울주군,0,0,0,1,0,17,1,1
4557,2018-12-20,0,3,1,1,0,0,0,울산,울주군,0,2,0,0,0,0,0,129.2401,35.5168,울산울주군,0,0,0,0,0,17,1,1
4562,2018-02-21,0,2,1,1,0,0,0,경기,의정부시,0,1,0,0,0,0,0,127.0282,37.7611,경기의정부시,0,0,0,0,0,64,1,1
4564,2018-12-21,1,4,1,1,0,0,0,경기,남양주시,0,0,0,0,0,3,0,127.3066,37.653,경기남양주시,0,3,0,0,0,70,1,1
4565,2018-03-18,0,6,1,1,0,0,0,경기,남양주시,0,1,0,1,2,0,0,127.162,37.6875,경기남양주시,0,0,0,1,0,70,1,1
4574,2018-04-09,1,0,1,1,0,0,0,경기,가평군,0,1,0,0,0,1,0,127.3629,37.766,경기가평군,0,1,0,0,0,176,1,1
4576,2018-01-17,0,2,1,1,0,0,0,경기,고양시,0,0,4,1,3,0,0,126.7401,37.6687,경기고양시,0,0,0,0,0,40,1,1
4577,2018-02-07,0,2,1,1,0,0,0,서울,종로구,0,2,0,0,0,0,0,127.0028,37.5711,서울종로구,0,0,0,0,0,116,1,1
4578,2018-08-22,1,2,1,1,0,0,0,서울,은평구,0,0,0,0,0,1,0,126.935,37.6024,서울은평구,0,1,0,0,0,139,1,1
4580,2018-10-30,1,1,1,1,0,0,0,서울,강북구,0,0,0,0,0,0,0,127.0128,37.629,서울강북구,0,0,0,0,0,200,1,1
4581,2018-09-30,0,6,1,1,0,0,0,서울,동대문구,0,1,0,2,4,0,0,127.068,37.5664,서울동대문구,0,0,0,1,0,201,1,1
4582,2018-07-12,1,3,2,8,1,3,2,서울,광진구,0,3,0,0,0,0,0,127.0922,37.552,서울광진구,1,0,0,0,0,183,0,0
4583,2018-08-08,0,2,1,1,0,0,0,서울,광진구,0,1,0,0,0,0,0,127.0662,37.5463,서울광진구,0,0,0,0,0,183,1,1
4585,2018-04-07,0,5,1,1,0,0,0,서울,금천구,0,0,0,0,0,1,0,126.9009,37.4533,서울금천구,0,1,0,1,0,109,1,1
4586,2018-09-29,0,5,1,2,0,1,0,서울,관악구,0,1,0,0,0,0,0,126.9576,37.4793,서울관악구,0,0,0,1,0,188,1,1
4587,2018-12-01,0,5,1,1,0,0,0,서울,관악구,0,1,0,1,2,0,0,126.9204,37.4737,서울관악구,0,0,0,1,0,188,1,1
4590,2018-11-19,1,0,1,1,0,0,0,서울,강동구,0,1,0,0,0,2,0,127.1299,37.5548,서울강동구,0,2,0,0,0,91,1,1
4592,2018-03-20,0,1,1,1,0,0,0,서울,강동구,0,4,1,1,1,0,0,127.171,37.5593,서울강동구,0,0,0,0,0,91,0,0
4594,2018-07-20,1,4,1,1,0,0,0,서울,송파구,0,0,0,0,0,0,0,127.1214,37.5023,서울송파구,0,0,0,0,0,156,1,1
4595,2018-08-06,1,0,1,1,0,0,0,서울,송파구,0,1,0,1,2,0,0,127.155,37.4964,서울송파구,0,0,0,0,0,156,1,1
4597,2018-10-13,0,5,1,1,0,0,0,서울,송파구,0,0,3,0,0,0,0,127.113,37.4972,서울송파구,0,0,0,1,0,156,1,1
4600,2018-02-13,0,1,1,1,0,0,0,서울,성북구,0,1,0,0,0,1,0,127.0369,37.6061,서울성북구,0,1,0,0,0,167,1,1
4601,2018-03-10,0,5,1,1,0,0,0,서울,성북구,0,2,0,0,0,0,0,127.0357,37.5955,서울성북구,0,0,0,1,0,167,1,1
4603,2018-03-24,0,5,1,1,0,0,0,서울,서초구,0,0,0,0,0,0,0,127.0085,37.4905,서울서초구,0,0,0,1,0,214,1,1
4608,2018-09-01,0,5,1,1,0,0,0,서울,서초구,0,1,0,2,4,0,0,126.9926,37.4875,서울서초구,0,0,0,1,0,214,1,1
4609,2018-09-28,0,4,1,1,0,0,0,서울,서초구,0,0,0,2,4,0,0,127.0003,37.4776,서울서초구,0,0,0,0,0,214,1,1
4610,2018-07-04,0,2,1,1,0,0,0,부산,동구,0,1,0,0,0,0,0,129.0401,35.1143,부산동구,0,0,0,0,0,209,1,1
4611,2018-10-04,1,3,1,1,0,0,0,부산,서구,0,1,0,2,4,1,0,129.0164,35.1004,부산서구,0,1,0,0,0,226,1,1
4613,2018-12-11,1,1,1,1,0,0,0,부산,수영구,0,0,1,0,0,0,0,129.1205,35.16,부산수영구,0,0,0,0,0,45,1,0
4615,2018-03-31,1,5,1,1,0,0,0,부산,남구,0,0,0,0,0,4,0,129.1183,35.1255,부산남구,0,4,0,1,0,180,1,1
4618,2018-03-22,1,3,1,1,0,0,0,부산,동래구,0,4,1,0,0,2,0,129.0784,35.2032,부산동래구,0,2,0,0,0,216,0,0
4620,2018-01-18,0,3,1,1,0,0,0,부산,부산진구,0,0,2,0,0,0,0,129.0652,35.166,부산부산진구,0,0,0,0,0,163,1,1
4622,2018-03-03,0,5,1,1,0,0,0,부산,금정구,0,0,0,1,1,0,0,129.0918,35.2501,부산금정구,0,0,0,1,0,96,1,1
4623,2018-01-09,0,1,1,2,0,1,0,부산,사하구,0,0,3,1,3,4,0,128.9795,35.0647,부산사하구,0,4,0,0,0,25,1,1