index,발생년월일,주야,요일,사망자수,사상자수,중상자수,경상자수,부상신고자수,발생지시도,발생지시군구,사고유형_대분류,사고유형_중분류,법규위반,도로형태_대분류,도로형태,당사자종별_1당_대분류,당사자종별_2당_대분류,경도,위도,발생지,사고피해정도,사고차량타입,도시여부,주말/공휴일,인구수,발생지번호,보행자의위치,무단횡단여부
4624,2018-12-24,0,0,1,1,0,0,0,부산,연제구,0,2,2,0,0,0,0,129.0985,35.1879,부산연제구,0,0,0,0,0,221,1,1
4626,2018-04-23,0,0,1,1,0,0,0,부산,사상구,0,0,2,0,0,0,0,128.9812,35.1626,부산사상구,0,0,0,0,0,120,1,1
4630,2018-03-23,1,4,1,1,0,0,0,경기,수원시,0,1,0,1,1,2,0,127.0151,37.2922,경기수원시,0,2,0,0,0,99,1,1
4632,2018-04-11,0,2,1,1,0,0,0,경기,성남시,0,1,0,0,0,1,0,127.1375,37.4425,경기성남시,0,1,0,0,0,95,1,1
4633,2018-01-10,0,2,1,1,0,0,0,경기,성남시,0,2,0,0,0,0,0,127.1286,37.4341,경기성남시,0,0,0,0,0,95,1,1
4634,2018-04-07,0,5,1,1,0,0,0,경기,평택시,0,0,1,1,1,0,0,127.0909,36.9972,경기평택시,0,0,0,1,0,14,1,0
4637,2018-10-24,1,2,1,1,0,0,0,경기,평택시,0,2,0,1,2,3,0,126.9385,36.9904,경기평택시,0,3,0,0,0,14,1,1
4640,2018-12-20,0,3,1,1,0,0,0,경기,평택시,0,0,2,1,1,0,0,127.0849,37.0049,경기평택시,0,0,0,0,0,14,1,1
4643,2018-08-08,0,2,1,1,0,0,0,경기,광주시,0,0,0,2,4,0,0,127.2011,37.4118,경기광주시,0,0,0,0,0,9,1,1
4644,2018-12-22,0,5,1,1,0,0,0,경기,여주시,0,2,0,0,0,0,0,127.6301,37.3907,경기여주시,0,0,0,1,0,22,1,1
4649,2018-07-04,1,2,1,1,0,0,0,경기,용인시,0,1,0,0,0,3,0,127.0711,37.2306,경기용인시,0,3,0,0,0,51,1,1
4654,2018-08-31,0,4,1,2,1,0,0,경기,부천시,0,1,0,1,2,2,0,126.7786,37.4944,경기부천시,0,2,0,0,0,65,1,1
4656,2018-08-20,1,0,1,1,0,0,0,경기,안산시,0,0,2,0,0,0,0,126.792,37.3349,경기안산시,0,0,0,0,0,2,1,1
4658,2018-04-02,0,0,1,1,0,0,0,경기,안산시,0,0,0,0,0,2,0,126.6245,37.2357,경기안산시,0,2,0,0,0,2,1,1
4659,2018-02-16,0,4,1,1,0,0,0,경기,안산시,0,0,0,0,0,0,0,126.835,37.3166,경기안산시,0,0,0,1,0,2,1,1
4660,2018-10-17,1,2,1,1,0,0,0,경기,수원시,0,1,0,0,0,2,0,127.0822,37.2658,경기수원시,0,2,0,0,0,99,1,1
4661,2018-11-17,0,5,1,1,0,0,0,경기,수원시,0,2,0,0,0,1,0,127.0115,37.2514,경기수원시,0,1,0,1,0,99,1,1
4662,2018-09-02,0,6,1,2,0,1,0,경기,군포시,0,0,2,1,1,0,0,126.9262,37.3515,경기군포시,0,0,0,1,0,126,1,1
4665,2018-04-11,0,2,1,1,0,0,0,경기,시흥시,0,3,0,0,0,0,0,126.7719,37.4254,경기시흥시,0,0,0,0,0,73,0,0
4666,2018-12-24,0,0,1,1,0,0,0,경기,안산시,0,0,0,0,0,1,0,126.86,37.3324,경기안산시,0,1,0,0,0,2,1,1
4671,2018-01-11,0,3,1,1,0,0,0,경기,안산시,0,1,0,0,0,1,0,126.8973,37.3051,경기안산시,0,1,0,0,0,2,1,1
4674,2018-12-24,0,0,1,1,0,0,0,경기,성남시,0,2,0,0,0,0,0,127.0829,37.4173,경기성남시,0,0,0,0,0,95,1,1
4678,2018-08-10,0,4,1,1,0,0,0,경기,화성시,0,2,0,2,4,0,0,126.9113,37.2902,경기화성시,0,0,0,0,0,50,1,1
4680,2018-05-09,0,2,1,1,0,0,0,경기,하남시,0,0,0,1,3,0,0,127.2038,37.5433,경기하남시,0,0,0,0,0,67,1,1
4681,2018-02-01,1,3,1,1,0,0,0,경기,안양시,0,1,0,0,0,3,0,126.8873,37.4054,경기안양시,0,3,0,0,0,151,1,1
4682,2018-12-28,0,4,1,1,0,0,0,경기,용인시,0,0,0,0,0,2,0,127.0893,37.3196,경기용인시,0,2,0,0,0,51,1,1
4686,2018-11-22,1,3,1,1,0,0,0,강원,강릉시,0,0,0,0,0,2,0,128.8986,37.7566,강원강릉시,0,2,0,0,0,194,1,1
4691,2018-01-12,1,4,1,1,0,0,0,강원,원주시,0,0,0,1,3,0,0,127.9357,37.357,강원원주시,0,0,0,0,0,36,1,1
4692,2018-10-25,1,3,1,1,0,0,0,강원,속초시,0,0,0,0,0,1,0,128.5945,38.2157,강원속초시,0,1,0,0,0,104,1,1
4693,2018-09-19,1,2,1,1,0,0,0,강원,양양군,0,0,0,2,4,1,0,128.6269,38.1186,강원양양군,0,1,0,0,0,164,1,1
4694,2018-09-17,0,0,1,1,0,0,0,강원,양양군,0,3,0,0,0,1,0,128.629,38.092,강원양양군,0,1,0,0,0,164,0,0
4699,2018-11-27,1,1,1,1,0,0,0,강원,태백시,0,2,0,2,4,0,0,128.9601,37.1304,강원태백시,0,0,0,0,0,215,1,1
4702,2018-10-01,0,0,1,1,0,0,0,강원,횡성군,0,0,0,0,0,0,0,128.1711,37.4852,강원횡성군,0,0,0,0,0,31,1,1
4703,2018-04-02,0,0,1,1,0,0,0,강원,인제군,0,2,0,0,0,2,0,128.1834,38.0744,강원인제군,0,2,0,0,0,124,1,1
4709,2018-01-22,0,0,1,1,0,0,0,충북,청주시,0,0,0,0,0,0,0,127.4596,36.6368,충북청주시,0,0,0,0,0,83,1,1
4712,2018-02-14,0,2,1,1,0,0,0,충북,충주시,0,1,0,0,0,0,0,127.9528,37.0762,충북충주시,0,0,0,0,0,6,1,1
4713,2018-12-18,1,1,1,1,0,0,0,충북,충주시,0,0,3,0,0,0,0,127.9075,36.9716,충북충주시,0,0,0,0,0,6,1,1
4718,2018-11-21,0,2,1,1,0,0,0,충북,음성군,0,0,0,0,0,0,0,127.6121,36.9932,충북음성군,0,0,0,0,0,110,1,1
4723,2018-05-30,0,2,1,1,0,0,0,충북,청주시,0,2,2,0,0,0,0,127.4665,36.6487,충북청주시,0,0,0,0,0,83,1,1
4734,2018-10-03,0,2,1,1,0,0,0,충남,서산시,0,0,2,0,0,0,0,126.5409,36.6951,충남서산시,0,0,0,1,0,69,1,1
4735,2018-10-27,0,5,1,1,0,0,0,충남,서산시,0,0,2,1,1,0,0,126.4613,36.7725,충남서산시,0,0,0,1,0,69,1,1
4737,2018-02-02,1,4,1,1,0,0,0,충남,천안시,0,0,0,1,2,2,0,127.1337,36.8357,충남천안시,0,2,0,0,0,63,1,1
4741,2018-03-26,1,0,1,1,0,0,0,충남,논산시,0,0,0,1,1,1,0,127.0116,36.1525,충남논산시,0,1,0,0,0,61,1,1
4743,2018-04-12,0,3,1,1,0,0,0,충남,계룡시,0,0,0,1,1,0,0,127.236,36.2998,충남계룡시,0,0,0,0,0,223,1,1
4744,2018-09-27,1,3,1,1,0,0,0,충남,논산시,0,1,0,0,0,0,0,127.109,36.2461,충남논산시,0,0,0,0,0,61,1,1
4749,2018-03-31,0,5,1,1,0,0,0,충남,아산시,0,0,0,0,0,0,0,127.0874,36.8326,충남아산시,0,0,0,1,0,53,1,1
4754,2018-02-04,0,6,1,1,0,0,0,충남,서천군,0,2,0,1,1,0,0,126.694,36.0081,충남서천군,0,0,0,1,0,10,1,1
4755,2018-08-11,0,5,1,1,0,0,0,충남,공주시,0,0,3,1,2,0,0,127.1355,36.4735,충남공주시,0,0,0,1,0,19,1,1
4759,2018-04-09,1,0,1,1,0,0,0,충남,부여군,0,0,0,1,1,0,0,126.942,36.2744,충남부여군,0,0,0,0,0,129,1,1
4760,2018-12-20,0,3,1,1,0,0,0,충남,부여군,0,3,0,0,0,5,0,126.8847,36.271,충남부여군,0,5,0,0,0,129,0,0
4761,2018-03-20,0,1,1,1,0,0,0,충남,당진시,0,0,2,1,1,0,0,126.764,36.8053,충남당진시,0,0,0,0,0,46,1,1
4762,2018-07-20,0,4,1,1,0,0,0,충남,당진시,0,3,0,0,0,0,0,126.6669,36.8143,충남당진시,0,0,0,0,0,46,0,0
4765,2018-03-29,0,3,1,1,0,0,0,충남,청양군,0,2,0,1,1,0,0,126.8007,36.4475,충남청양군,0,0,0,0,0,174,1,1
4766,2018-10-22,0,0,1,1,0,0,0,충남,청양군,0,2,0,0,0,0,0,126.7139,36.4334,충남청양군,0,0,0,0,0,174,1,1
4767,2018-01-03,0,2,1,1,0,0,0,충남,천안시,0,0,0,0,0,1,0,127.2767,36.7169,충남천안시,0,1,0,0,0,63,1,1
4769,2018-05-07,0,0,1,1,0,0,0,충남,태안군,0,1,0,0,0,8,0,126.371,36.4221,충남태안군,0,8,0,1,0,169,1,1
4771,2018-05-22,0,1,1,1,0,0,0,전북,전주시,0,0,0,1,2,0,0,127.101,35.8214,전북전주시,0,0,0,1,0,11,1,1
4772,2018-12-19,0,2,1,1,0,0,0,전북,군산시,0,0,0,0,0,0,0,126.6368,35.9594,전북군산시,0,0,0,0,0,166,1,1
4777,2018-08-24,0,4,1,1,0,0,0,전북,익산시,0,0,0,1,2,0,0,126.9975,35.9607,전북익산시,0,0,0,0,0,125,1,1
4778,2018-11-09,1,4,1,1,0,0,0,전북,익산시,0,0,2,0,0,0,0,126.9723,35.9585,전북익산시,0,0,0,0,0,125,1,1
4789,2018-09-25,1,1,1,1,0,0,0,전북,부안군,0,3,0,0,0,0,0,126.7922,35.686,전북부안군,0,0,0,1,0,185,0,0
4790,2018-01-18,1,3,1,1,0,0,0,전북,진안군,0,3,0,0,0,1,0,127.4208,35.7847,전북진안군,0,1,0,0,0,192,0,0
4792,2018-07-12,1,3,1,1,0,0,0,전북,완주군,0,3,0,0,0,0,0,127.1551,35.8782,전북완주군,0,0,0,0,0,28,0,0
4797,2018-11-07,1,2,1,1,0,0,0,전남,목포시,0,1,0,0,0,0,0,126.3946,34.8036,전남목포시,0,0,0,0,0,153,1,1
4798,2018-02-11,0,6,1,1,0,0,0,전남,목포시,0,2,0,0,0,0,0,126.4041,34.7885,전남목포시,0,0,0,1,0,153,1,1
4799,2018-11-08,0,3,1,1,0,0,0,전남,여수시,0,0,0,1,1,0,0,127.7017,34.7669,전남여수시,0,0,0,0,0,102,1,1
4800,2018-10-10,1,2,1,1,0,0,0,전남,여수시,0,0,3,1,2,3,0,127.6628,34.7849,전남여수시,0,3,0,0,0,102,1,1
4801,2018-09-28,0,4,1,1,0,0,0,전남,여수시,0,0,0,1,1,0,0,127.7108,34.7592,전남여수시,0,0,0,0,0,102,1,1
4802,2018-03-28,1,2,1,3,2,0,0,전남,여수시,0,4,5,1,2,2,0,127.6537,34.7542,전남여수시,1,2,0,0,0,102,0,0
4803,2018-09-29,0,5,1,1,0,0,0,전남,순천시,0,1,0,0,0,0,0,127.528,34.9553,전남순천시,0,0,0,1,0,27,1,1
4808,2018-04-19,0,3,1,1,0,0,0,전남,고흥군,0,3,0,0,0,0,0,127.2,34.4854,전남고흥군,0,0,0,0,0,191,0,0
4812,2018-03-13,1,1,1,1,0,0,0,전남,보성군,0,3,0,2,4,1,0,127.132,34.7066,전남보성군,0,1,0,0,0,122,0,0
4816,2018-03-17,0,5,1,1,0,0,0,전남,함평군,0,0,0,0,0,0,0,126.6038,35.1106,전남함평군,0,0,0,1,0,157,1,1
4819,2018-10-27,0,5,1,1,0,0,0,전남,영암군,0,0,0,0,0,0,0,126.6897,34.8867,전남영암군,0,0,0,1,0,16,1,1
4824,2018-11-29,0,3,1,1,0,0,0,전남,담양군,0,0,0,0,0,0,0,127.0361,35.2484,전남담양군,0,0,0,0,0,181,1,1
4833,2018-05-10,1,3,1,1,0,0,0,전북,익산시,0,1,0,0,0,5,0,127.1027,36.0375,전북익산시,0,5,0,0,0,125,1,1
4834,2018-12-28,0,4,1,1,0,0,0,경북,경주시,0,0,0,0,0,0,0,129.3191,35.7362,경북경주시,0,0,0,0,0,100,1,1
4836,2018-10-24,1,2,1,1,0,0,0,경북,경주시,0,2,0,0,0,0,0,129.3082,35.7838,경북경주시,0,0,0,0,0,100,1,1
4838,2018-04-20,0,4,1,1,0,0,0,경북,경주시,0,2,0,0,0,8,0,129.2174,35.8433,경북경주시,0,8,0,0,0,100,1,1
4839,2018-12-24,0,0,1,1,0,0,0,경북,경주시,0,2,0,0,0,1,0,129.1998,35.7167,경북경주시,0,1,0,0,0,100,1,1
4845,2018-12-22,0,5,1,1,0,0,0,경북,포항시,0,2,0,0,0,0,0,129.3747,36.0642,경북포항시,0,0,0,1,0,160,1,1
4846,2018-10-10,1,2,1,1,0,0,0,경북,안동시,0,2,0,1,1,0,0,128.7437,36.564,경북안동시,0,0,0,0,0,66,1,1
4847,2018-03-14,1,2,1,1,0,0,0,경북,안동시,0,0,0,1,2,2,0,128.7208,36.5651,경북안동시,0,2,0,0,0,66,1,1
4849,2018-10-17,0,2,1,1,0,0,0,경북,김천시,0,2,0,0,0,0,0,128.2196,36.1979,경북김천시,0,0,0,0,0,76,1,1
4854,2018-10-29,0,0,1,1,0,0,0,경북,영주시,0,0,1,1,3,1,0,128.6359,36.8183,경북영주시,0,1,0,0,0,113,1,0
4859,2018-10-03,0,2,1,1,0,0,0,경북,경산시,0,0,0,1,1,0,0,128.8254,35.8836,경북경산시,0,0,0,1,0,52,1,1
4860,2018-02-17,0,5,1,1,0,0,0,경북,경산시,0,0,2,1,1,0,0,128.8506,35.7547,경북경산시,0,0,0,1,0,52,1,1
4876,2018-12-15,0,5,1,1,0,0,0,경북,구미시,0,0,0,1,1,0,0,128.3292,36.1366,경북구미시,0,0,0,1,0,144,1,1
4877,2018-08-22,0,2,1,1,0,0,0,경북,포항시,0,0,0,1,3,0,0,129.5476,35.9853,경북포항시,0,0,0,0,0,160,1,1
4884,2018-08-07,0,1,1,1,0,0,0,대구,수성구,0,0,0,0,0,1,0,128.6931,35.8353,대구수성구,0,1,0,0,0,37,1,1
4886,2018-05-21,1,0,1,1,0,0,0,경남,창원시(통합),0,0,0,1,2,0,0,128.4858,35.1149,경남창원시(통합),0,0,0,0,0,86,1,1
4887,2018-02-14,0,2,1,1,0,0,0,경남,창원시(통합),0,1,0,0,0,0,0,128.5601,35.184,경남창원시(통합),0,0,0,0,0,86,1,1
4889,2018-09-29,1,5,1,1,0,0,0,경남,진주시,0,0,0,0,0,0,0,128.0649,35.1923,경남진주시,0,0,0,1,0,42,1,1
4890,2018-11-21,1,2,1,1,0,0,0,경남,창원시(통합),0,1,0,0,0,1,0,128.7672,35.1152,경남창원시(통합),0,1,0,0,0,86,1,1
4891,2018-08-13,1,0,1,1,0,0,0,경남,밀양시,0,0,0,0,0,2,0,128.6907,35.444,경남밀양시,0,2,0,0,0,177,1,1
4893,2018-02-09,1,4,1,1,0,0,0,경남,김해시,0,0,3,1,3,3,0,128.8717,35.239,경남김해시,0,3,0,0,0,13,1,1
4894,2018-12-12,1,2,1,1,0,0,0,경남,김해시,0,0,0,1,2,0,0,128.9149,35.2404,경남김해시,0,0,0,0,0,13,1,1
4895,2018-12-22,0,5,1,1,0,0,0,경남,김해시,0,0,1,0,0,2,0,128.8826,35.2264,경남김해시,0,2,0,1,0,13,1,0
4897,2018-05-23,0,2,1,1,0,0,0,경남,합천군,0,3,2,0,0,0,0,128.1736,35.5856,경남합천군,0,0,0,0,0,133,0,0
4898,2018-05-09,1,2,1,1,0,0,0,경남,창녕군,0,1,0,0,0,1,0,128.4878,35.5587,경남창녕군,0,1,0,0,0,211,1,1
4900,2018-06-16,0,5,1,1,0,0,0,경남,함양군,0,1,0,1,1,0,0,127.701,35.4952,경남함양군,0,0,0,1,0,108,1,1
4904,2018-06-14,1,3,1,1,0,0,0,경남,양산시,0,0,0,0,0,0,0,129.0733,35.3112,경남양산시,0,0,0,0,0,49,1,1
4914,2018-11-05,1,0,1,1,0,0,0,경남,의령군,0,2,0,0,0,3,0,128.3579,35.3519,경남의령군,0,3,0,0,0,189,1,1
4915,2018-02-13,0,1,1,1,0,0,0,경남,창원시(통합),0,0,3,0,0,0,0,128.6918,35.2202,경남창원시(통합),0,0,0,0,0,86,1,1
4916,2018-08-05,0,6,1,1,0,0,0,경남,창원시(통합),0,2,0,0,0,0,0,128.6664,35.2395,경남창원시(통합),0,0,0,1,0,86,1,1
4918,2018-01-01,0,0,1,1,0,0,0,경남,창원시(통합),0,0,0,1,2,0,0,128.6888,35.279,경남창원시(통합),0,0,0,1,0,86,1,1
4919,2018-11-20,1,1,1,1,0,0,0,경남,창원시(통합),0,1,0,2,4,0,0,128.6227,35.2628,경남창원시(통합),0,0,0,0,0,86,1,1
4924,2018-09-18,0,1,1,1,0,0,0,제주,제주시,0,1,0,1,1,0,0,126.5324,33.4948,제주제주시,0,0,0,0,0,90,1,1
4925,2018-08-16,0,3,1,1,0,0,0,제주,제주시,0,1,2,0,0,0,0,126.5972,33.4889,제주제주시,0,0,0,0,0,90,1,1
4926,2018-11-08,0,3,1,1,0,0,0,제주,서귀포시,0,0,0,1,1,0,0,126.6481,33.272,제주서귀포시,0,0,0,0,0,62,1,1
4928,2018-02-01,0,3,1,1,0,0,0,제주,서귀포시,0,1,0,0,0,0,0,126.9093,33.4643,제주서귀포시,0,0,0,0,0,62,1,1
4931,2018-11-14,0,2,1,1,0,0,0,대구,남구,0,0,0,1,3,0,0,128.5981,35.8555,대구남구,0,0,0,0,0,145,1,1
4932,2018-12-14,1,4,1,1,0,0,0,대구,동구,0,0,1,0,0,1,0,128.6446,35.8931,대구동구,0,1,0,0,0,26,1,0
4933,2018-08-31,0,4,1,1,0,0,0,대구,동구,0,1,0,1,3,0,0,128.6155,35.8681,대구동구,0,0,0,0,0,26,1,1
4934,2018-05-04,1,4,1,1,0,0,0,대구,수성구,0,0,0,0,0,0,0,128.6306,35.8255,대구수성구,0,0,0,0,0,37,1,1
4935,2018-04-21,0,5,1,2,0,1,0,대구,수성구,0,1,0,0,0,0,0,128.622,35.8594,대구수성구,0,0,0,1,0,37,1,1
4936,2018-06-02,1,5,1,1,0,0,0,대구,달성군,0,4,1,1,3,1,0,128.4299,35.7645,대구달성군,0,1,0,1,0,30,0,0
4937,2018-06-06,0,2,1,1,0,0,0,대구,달성군,0,1,0,0,0,0,0,128.3906,35.8813,대구달성군,0,0,0,1,0,30,1,1
4938,2018-01-21,0,6,1,1,0,0,0,대구,북구,0,0,0,1,3,0,0,128.6117,35.8819,대구북구,0,0,0,1,0,112,1,1
4939,2018-01-13,1,5,1,1,0,0,0,대구,서구,0,0,3,0,0,4,0,128.5477,35.8692,대구서구,0,4,0,1,0,107,1,1
4940,2018-12-24,0,0,1,1,0,0,0,대구,서구,0,2,0,0,0,1,0,128.571,35.8673,대구서구,0,1,0,0,0,107,1,1
4941,2018-04-01,0,6,1,1,0,0,0,대구,중구,0,1,0,1,2,0,0,128.5988,35.8595,대구중구,0,0,0,1,0,178,1,1
4942,2018-09-12,1,2,1,1,0,0,0,대구,중구,0,0,0,1,3,3,0,128.6033,35.8657,대구중구,0,3,0,0,0,178,1,1
4944,2018-05-26,0,5,1,1,0,0,0,대구,달서구,0,2,0,0,0,0,0,128.5023,35.8354,대구달서구,0,0,0,1,0,20,1,1
4945,2018-03-30,1,4,1,1,0,0,0,대구,북구,0,0,1,1,3,2,0,128.5969,35.9244,대구북구,0,2,0,0,0,112,1,0
4946,2018-04-29,0,6,1,7,0,6,0,대구,북구,0,2,2,0,0,0,0,128.5473,35.906,대구북구,1,0,0,1,0,112,1,1
4947,2018-08-20,0,0,1,1,0,0,0,대구,북구,0,0,2,0,0,0,0,128.5506,35.9164,대구북구,0,0,0,0,0,112,1,1
4949,2018-01-14,1,6,1,1,0,0,0,인천,동구,0,0,3,0,0,0,0,126.645,37.4754,인천동구,0,0,0,1,0,207,1,1
4954,2018-01-22,0,0,1,1,0,0,0,인천,서구,0,0,2,0,0,1,0,126.6833,37.4794,인천서구,0,1,0,0,0,97,1,1
4956,2018-01-12,1,4,1,1,0,0,0,인천,계양구,0,0,1,1,3,0,0,126.738,37.5708,인천계양구,0,0,0,0,0,7,1,0
4957,2018-03-20,0,1,1,1,0,0,0,인천,강화군,0,0,0,0,0,0,0,126.4813,37.7241,인천강화군,0,0,0,0,0,92,1,1
4962,2018-01-27,0,5,1,1,0,0,0,광주,서구,0,3,0,0,0,7,0,126.8666,35.1458,광주서구,0,7,0,1,0,222,0,0
4963,2018-08-28,0,1,1,1,0,0,0,광주,남구,0,0,0,1,3,0,0,126.9045,35.1491,광주남구,0,0,0,0,0,190,1,1
4972,2018-12-24,1,0,1,1,0,0,0,대전,중구,0,0,1,1,1,0,0,127.4109,36.3222,대전중구,0,0,0,0,0,39,1,0
4973,2018-02-09,0,4,1,1,0,0,0,대전,중구,0,0,0,1,2,1,0,127.3971,36.3054,대전중구,0,1,0,0,0,39,1,1
4976,2018-08-30,0,3,1,1,0,0,0,대전,동구,0,0,0,1,1,1,0,127.433,36.3393,대전동구,0,1,0,0,0,80,1,1
4978,2018-01-28,0,6,1,1,0,0,0,대전,대덕구,0,0,2,1,2,0,0,127.4045,36.4449,대전대덕구,0,0,0,1,0,77,1,1
4979,2018-01-09,1,1,1,1,0,0,0,대전,대덕구,0,2,0,0,0,0,0,127.4267,36.3786,대전대덕구,0,0,0,0,0,77,1,1
4981,2018-03-15,0,3,1,1,0,0,0,울산,북구,0,1,0,0,0,0,0,129.3596,35.5832,울산북구,0,0,0,0,0,158,1,1
4982,2018-02-27,0,1,1,1,0,0,0,울산,중구,0,0,0,0,0,0,0,129.3425,35.551,울산중구,0,0,0,0,0,205,1,1
4991,2018-07-02,1,0,1,1,0,0,0,경기,고양시,0,0,1,1,1,0,0,126.8394,37.624,경기고양시,0,0,0,0,0,40,1,0
4992,2018-01-18,1,3,1,1,0,0,0,경기,고양시,0,0,0,0,0,1,0,126.8681,37.6069,경기고양시,0,1,0,0,0,40,1,1
4993,2018-10-07,1,6,1,1,0,0,0,경기,고양시,0,1,0,0,0,0,0,126.8939,37.6565,경기고양시,0,0,0,1,0,40,1,1
4995,2018-01-16,0,1,1,1,0,0,0,경기,남양주시,0,0,3,1,1,3,0,127.3057,37.6488,경기남양주시,0,3,0,0,0,70,1,1
4996,2018-01-31,0,2,1,1,0,0,0,경기,남양주시,0,2,0,0,0,0,0,127.2023,37.7466,경기남양주시,0,0,0,0,0,70,1,1
4998,2018-10-11,1,3,1,1,0,0,0,경기,남양주시,0,1,0,0,0,0,0,127.1854,37.6598,경기남양주시,0,0,0,0,0,70,1,1
5005,2018-09-12,1,2,1,2,1,0,0,경기,양주시,0,0,0,1,2,0,0,126.9824,37.8396,경기양주시,0,0,0,0,0,59,1,1
5015,2018-01-10,0,2,1,2,0,0,1,서울,중구,0,4,4,0,0,0,0,127.0028,37.5645,서울중구,0,0,0,0,0,8,0,0
5016,2018-08-21,0,1,1,1,0,0,0,서울,중구,0,1,0,1,2,2,0,126.9834,37.5659,서울중구,0,2,0,0,0,8,1,1
5020,2018-02-24,0,5,1,1,0,0,0,서울,동대문구,0,0,0,1,3,0,0,127.0547,37.5655,서울동대문구,0,0,0,1,0,201,1,1
5021,2018-03-07,1,2,1,1,0,0,0,서울,동대문구,0,0,0,1,3,1,0,127.0701,37.5787,서울동대문구,0,1,0,0,0,201,1,1
5022,2018-12-06,1,3,1,1,0,0,0,서울,광진구,0,0,0,1,3,2,0,127.0949,37.5364,서울광진구,0,2,0,0,0,183,1,1
5023,2018-10-09,1,1,1,1,0,0,0,서울,마포구,0,0,3,0,0,3,0,126.9551,37.5575,서울마포구,0,3,0,1,0,159,1,1
5024,2018-02-04,1,6,1,1,0,0,0,서울,마포구,0,0,0,0,0,2,0,126.9407,37.5563,서울마포구,0,2,0,1,0,159,1,1
5025,2018-11-01,1,3,1,1,0,0,0,서울,영등포구,0,0,0,0,0,1,0,126.8919,37.511,서울영등포구,0,1,0,0,0,150,1,1
5027,2018-08-29,1,2,1,1,0,0,0,서울,영등포구,0,0,3,1,2,1,0,126.9338,37.5187,서울영등포구,0,1,0,0,0,150,1,1
5028,2018-09-03,1,0,1,3,2,0,0,서울,영등포구,0,4,4,0,0,0,0,126.9053,37.5216,서울영등포구,1,0,0,0,0,150,0,0
5030,2018-08-09,0,3,1,1,0,0,0,서울,영등포구,0,1,0,1,1,0,0,126.9012,37.4966,서울영등포구,0,0,0,0,0,150,1,1
5031,2018-03-16,1,4,1,1,0,0,0,서울,영등포구,0,1,0,0,0,2,0,126.8944,37.5168,서울영등포구,0,2,0,0,0,150,1,1
5033,2018-01-15,0,0,1,1,0,0,0,서울,성동구,0,0,0,2,4,0,0,127.0316,37.5634,서울성동구,0,0,0,0,0,84,1,1
5034,2018-07-12,1,3,1,1,0,0,0,서울,동작구,0,2,4,0,0,1,0,126.9232,37.4999,서울동작구,0,1,0,0,0,93,1,1
5035,2018-01-04,1,3,1,1,0,0,0,서울,중랑구,0,2,0,1,2,0,0,127.0767,37.6136,서울중랑구,0,0,0,0,0,196,1,1
5038,2018-03-22,1,3,1,2,1,0,0,서울,강동구,0,0,0,0,0,0,0,127.1251,37.5401,서울강동구,0,0,0,0,0,91,1,1
5039,2018-03-10,1,5,1,1,0,0,0,서울,송파구,0,1,0,1,2,0,0,127.0911,37.5096,서울송파구,0,0,0,1,0,156,1,1
5040,2018-07-18,0,2,1,2,0,1,0,서울,송파구,0,2,0,1,2,0,0,127.097,37.5039,서울송파구,0,0,0,0,0,156,1,1
5041,2018-09-20,1,3,1,1,0,0,0,서울,성북구,0,0,1,1,3,3,0,127.049,37.6137,서울성북구,0,3,0,0,0,167,1,0
5043,2018-07-06,0,4,1,1,0,0,0,서울,도봉구,0,1,0,1,1,3,0,127.0375,37.6413,서울도봉구,0,3,0,0,0,98,1,1
5045,2018-12-18,0,1,1,1,0,0,0,서울,은평구,0,2,0,0,0,0,0,126.9078,37.6463,서울은평구,0,0,0,0,0,139,1,1
5051,2018-06-07,0,3,1,1,0,0,0,부산,해운대구,0,1,0,0,0,1,0,129.1628,35.1603,부산해운대구,0,1,0,0,0,1,1,1
5053,2018-04-14,0,5,1,1,0,0,0,부산,금정구,0,1,0,0,0,0,0,129.1765,35.3173,부산금정구,0,0,0,1,0,96,1,1
5054,2018-07-02,0,0,1,1,0,0,0,부산,연제구,0,0,2,0,0,0,0,129.0895,35.1743,부산연제구,0,0,0,0,0,221,1,1
5057,2018-01-27,0,5,1,3,0,2,0,부산,사상구,0,0,0,0,0,0,0,128.9861,35.1827,부산사상구,0,0,0,1,0,120,1,1
5058,2018-11-16,1,4,1,1,0,0,0,부산,사상구,0,1,1,0,0,3,0,128.9822,35.1927,부산사상구,0,3,0,0,0,120,1,0
5063,2018-10-05,1,4,1,1,0,0,0,경기,수원시,0,0,0,0,0,0,0,127.0304,37.2807,경기수원시,0,0,0,0,0,99,1,1
5064,2018-12-09,0,6,1,2,0,1,0,경기,수원시,0,0,0,0,0,0,0,127.0086,37.2964,경기수원시,0,0,0,1,0,99,1,1
5065,2018-04-22,1,6,1,1,0,0,0,경기,수원시,0,0,0,0,0,0,0,127.0012,37.2934,경기수원시,0,0,0,1,0,99,1,1
5066,2018-08-15,0,2,1,1,0,0,0,경기,성남시,0,1,0,0,0,0,0,127.1192,37.4343,경기성남시,0,0,0,1,0,95,1,1
5067,2018-12-17,0,0,1,1,0,0,0,경기,성남시,0,1,0,1,1,0,0,127.1599,37.4521,경기성남시,0,0,0,0,0,95,1,1
5069,2018-12-19,1,2,1,1,0,0,0,경기,평택시,0,0,0,1,1,0,0,127.0355,37.0725,경기평택시,0,0,0,0,0,14,1,1