index,발생년월일,주야,요일,사망자수,사상자수,중상자수,경상자수,부상신고자수,발생지시도,발생지시군구,사고유형_대분류,사고유형_중분류,법규위반,도로형태_대분류,도로형태,당사자종별_1당_대분류,당사자종별_2당_대분류,경도,위도,발생지,사고피해정도,사고차량타입,도시여부,주말/공휴일,인구수,발생지번호,보행자의위치,무단횡단여부
5070,2018-07-29,0,6,1,1,0,0,0,경기,평택시,0,0,2,0,0,0,0,127.0536,36.9489,경기평택시,0,0,0,1,0,14,1,1
5071,2018-07-10,0,1,1,1,0,0,0,경기,평택시,0,1,0,1,1,0,0,126.8572,36.9633,경기평택시,0,0,0,0,0,14,1,1
5074,2018-02-21,1,2,1,1,0,0,0,경기,안성시,0,2,0,1,2,1,0,127.2949,37.0584,경기안성시,0,1,0,0,0,23,1,1
5075,2018-04-06,1,4,1,1,0,0,0,경기,안양시,0,0,0,1,2,1,0,126.9768,37.4018,경기안양시,0,1,0,0,0,151,1,1
5084,2018-08-25,1,5,1,2,1,0,0,경기,김포시,0,4,4,1,2,0,0,126.7215,37.6009,경기김포시,0,0,0,1,0,47,0,0
5085,2018-11-13,1,1,1,1,0,0,0,경기,김포시,0,2,2,0,0,1,0,126.6416,37.6403,경기김포시,0,1,0,0,0,47,1,1
5088,2018-12-12,1,2,1,1,0,0,0,경기,오산시,0,1,0,1,1,0,0,127.0678,37.1437,경기오산시,0,0,0,0,0,143,1,1
5091,2018-07-17,0,1,1,1,0,0,0,경기,안산시,0,0,0,0,0,0,0,126.8021,37.3229,경기안산시,0,0,0,0,0,2,1,1
5092,2018-01-10,0,2,1,1,0,0,0,경기,안산시,0,0,2,0,0,0,0,126.8295,37.3105,경기안산시,0,0,0,0,0,2,1,1
5093,2018-04-24,0,1,1,1,0,0,0,경기,과천시,0,2,0,0,0,0,0,126.99,37.4179,경기과천시,0,0,0,0,0,227,1,1
5094,2018-03-22,1,3,1,1,0,0,0,경기,성남시,0,1,0,0,0,2,0,127.1443,37.438,경기성남시,0,2,0,0,0,95,1,1
5095,2018-04-09,1,0,1,1,0,0,0,경기,시흥시,0,0,0,1,1,0,0,126.7317,37.3646,경기시흥시,0,0,0,0,0,73,1,1
5098,2018-08-29,0,2,1,1,0,0,0,경기,수원시,0,0,0,0,0,0,0,127.004,37.2677,경기수원시,0,0,0,0,0,99,1,1
5106,2018-01-09,1,1,1,1,0,0,0,경기,화성시,0,0,0,0,0,1,0,126.8756,37.1973,경기화성시,0,1,0,0,0,50,1,1
5107,2018-08-03,0,4,1,1,0,0,0,경기,의왕시,0,2,0,1,2,0,0,126.9647,37.3362,경기의왕시,0,0,0,0,0,199,1,1
5108,2018-04-25,1,2,1,1,0,0,0,경기,하남시,0,0,2,0,0,0,0,127.2343,37.492,경기하남시,0,0,0,0,0,67,1,1
5109,2018-05-24,1,3,1,1,0,0,0,경기,하남시,0,1,3,1,2,0,0,127.1996,37.5421,경기하남시,0,0,0,0,0,67,1,1
5110,2018-03-18,0,6,1,1,0,0,0,경기,안양시,0,0,0,0,0,2,0,126.9116,37.4025,경기안양시,0,2,0,1,0,151,1,1
5112,2018-04-22,1,6,1,1,0,0,0,강원,강릉시,0,2,0,1,1,1,0,128.8993,37.7499,강원강릉시,0,1,0,1,0,194,1,1
5118,2018-09-01,1,5,1,1,0,0,0,강원,평창군,0,1,0,0,0,0,0,128.3089,37.4301,강원평창군,0,0,0,1,0,24,1,1
5126,2018-12-11,0,1,1,1,0,0,0,강원,인제군,0,0,0,1,1,0,0,128.2444,38.139,강원인제군,0,0,0,0,0,124,1,1
5132,2018-01-29,1,0,1,1,0,0,0,충북,청주시,0,1,0,1,1,1,0,127.5361,36.7219,충북청주시,0,1,0,0,0,83,1,1
5134,2018-06-08,0,4,1,1,0,0,0,충북,청주시,0,1,0,1,2,0,0,127.4919,36.6641,충북청주시,0,0,0,0,0,83,1,1
5151,2018-11-26,1,0,1,1,0,0,0,충북,옥천군,0,3,0,0,0,0,0,127.6594,36.2439,충북옥천군,0,0,0,0,0,142,0,0
5152,2018-07-01,0,6,1,1,0,0,0,충북,옥천군,0,0,0,1,2,0,0,127.6049,36.2717,충북옥천군,0,0,0,1,0,142,1,1
5153,2018-10-10,0,2,1,1,0,0,0,충북,옥천군,0,0,0,0,0,0,0,127.6681,36.3966,충북옥천군,0,0,0,0,0,142,1,1
5156,2018-09-08,0,5,1,1,0,0,0,충북,진천군,0,1,0,0,0,1,0,127.4342,36.8073,충북진천군,0,1,0,1,0,60,1,1
5161,2018-12-20,1,3,1,2,0,1,0,충북,청주시,0,0,0,1,3,0,0,127.5025,36.6038,충북청주시,0,0,0,0,0,83,1,1
5162,2018-06-10,1,6,1,1,0,0,0,충북,청주시,0,0,0,1,1,3,0,127.477,36.6178,충북청주시,0,3,0,1,0,83,1,1
5163,2018-05-08,1,1,1,1,0,0,0,충북,청주시,0,1,1,1,3,1,0,127.5117,36.6123,충북청주시,0,1,0,0,0,83,1,0
5164,2018-01-08,1,0,1,1,0,0,0,충북,청주시,0,0,0,1,2,0,0,127.4997,36.6273,충북청주시,0,0,0,0,0,83,1,1
5170,2018-08-07,1,1,1,1,0,0,0,충남,서산시,0,1,0,0,0,3,0,126.4425,36.7626,충남서산시,0,3,0,0,0,69,1,1
5172,2018-09-17,0,0,1,1,0,0,0,충남,서산시,0,0,0,0,0,1,0,126.498,36.8276,충남서산시,0,1,0,0,0,69,1,1
5174,2018-09-10,0,0,1,1,0,0,0,충남,천안시,0,0,0,0,0,0,0,127.1371,36.8243,충남천안시,0,0,0,0,0,63,1,1
5180,2018-04-30,1,0,1,2,1,0,0,충남,논산시,0,1,0,0,0,0,0,127.0855,36.2052,충남논산시,0,0,0,0,0,61,1,1
5184,2018-09-10,0,0,1,1,0,0,0,충남,아산시,0,0,0,2,4,0,0,126.9771,36.7873,충남아산시,0,0,0,0,0,53,1,1
5188,2018-06-29,1,4,1,1,0,0,0,충남,보령시,0,0,3,1,2,2,0,126.6037,36.3553,충남보령시,0,2,0,0,0,136,1,1
5189,2018-03-16,0,4,1,1,0,0,0,충남,보령시,0,3,0,0,0,0,0,126.4942,36.5081,충남보령시,0,0,0,0,0,136,0,0
5190,2018-12-06,0,3,1,1,0,0,0,충남,공주시,0,0,1,0,0,0,0,127.1294,36.4729,충남공주시,0,0,0,0,0,19,1,0
5195,2018-01-25,1,3,1,1,0,0,0,충남,공주시,0,0,1,0,0,0,0,127.1338,36.4542,충남공주시,0,0,0,0,0,19,1,0
5196,2018-01-13,0,5,1,1,0,0,0,세종,세종,0,1,0,0,0,1,0,127.2762,36.5978,세종세종,0,1,1,1,0,229,1,1
5201,2018-09-02,0,6,1,1,0,0,0,충남,당진시,0,0,0,0,0,1,0,126.5116,36.9587,충남당진시,0,1,0,1,0,46,1,1
5202,2018-04-28,0,5,1,1,0,0,0,충남,당진시,0,1,0,0,0,0,0,126.7331,36.8646,충남당진시,0,0,0,1,0,46,1,1
5203,2018-08-26,0,6,1,1,0,0,0,충남,당진시,0,3,0,1,2,0,0,126.5398,36.8759,충남당진시,0,0,0,1,0,46,0,0
5204,2018-10-06,1,5,1,1,0,0,0,충남,금산군,0,1,0,1,1,1,0,127.4863,36.1041,충남금산군,0,1,0,1,0,68,1,1
5207,2018-11-28,0,2,1,1,0,0,0,충남,청양군,0,0,0,0,0,0,0,126.8124,36.4522,충남청양군,0,0,0,0,0,174,1,1
5211,2018-10-19,1,4,1,1,0,0,0,충남,태안군,0,0,0,2,4,0,0,126.2479,36.7465,충남태안군,0,0,0,0,0,169,1,1
5216,2018-09-22,0,5,1,1,0,0,0,전북,전주시,0,2,0,0,0,0,0,127.1268,35.8015,전북전주시,0,0,0,1,0,11,1,1
5218,2018-04-25,1,2,1,1,0,0,0,전북,전주시,0,0,1,1,3,2,0,127.1363,35.7967,전북전주시,0,2,0,0,0,11,1,0
5219,2018-08-03,1,4,1,1,0,0,0,전북,전주시,0,0,0,0,0,0,0,127.1067,35.8039,전북전주시,0,0,0,0,0,11,1,1
5221,2018-11-15,1,3,1,1,0,0,0,전북,전주시,0,0,0,0,0,1,0,127.1212,35.859,전북전주시,0,1,0,0,0,11,1,1
5222,2018-10-01,0,0,1,1,0,0,0,전북,전주시,0,0,2,1,1,0,0,127.1266,35.894,전북전주시,0,0,0,0,0,11,1,1
5223,2018-09-21,1,4,1,1,0,0,0,전북,전주시,0,0,2,1,2,2,0,127.1379,35.8384,전북전주시,0,2,0,0,0,11,1,1
5228,2018-12-21,0,4,1,1,0,0,0,전북,익산시,0,3,0,0,0,2,0,127.0076,36.0248,전북익산시,0,2,0,0,0,125,0,0
5231,2018-11-07,1,2,1,1,0,0,0,전북,익산시,0,0,0,1,1,1,0,126.9677,36.0413,전북익산시,0,1,0,0,0,125,1,1
5232,2018-02-15,0,3,1,1,0,0,0,전북,익산시,0,0,0,0,0,4,0,126.9657,35.9462,전북익산시,0,4,0,1,0,125,1,1
5237,2018-09-08,1,5,1,1,0,0,0,전북,김제시,0,1,4,0,0,0,0,126.8582,35.818,전북김제시,0,0,0,1,0,34,1,1
5244,2018-09-19,0,2,1,1,0,0,0,전북,완주군,0,0,1,1,3,1,0,127.0262,35.8211,전북완주군,0,1,0,0,0,28,1,0
5255,2018-05-04,1,4,1,1,0,0,0,전남,목포시,0,2,0,0,0,2,0,126.4243,34.8246,전남목포시,0,2,0,0,0,153,1,1
5256,2018-11-03,0,5,1,1,0,0,0,전남,여수시,0,0,0,0,0,1,0,127.7275,34.7519,전남여수시,0,1,0,1,0,102,1,1
5257,2018-05-28,0,0,1,1,0,0,0,전남,여수시,0,0,0,1,3,1,0,127.6469,34.7608,전남여수시,0,1,0,0,0,102,1,1
5261,2018-03-27,1,1,1,1,0,0,0,전남,순천시,0,2,0,0,0,0,0,127.4852,34.9686,전남순천시,0,0,0,0,0,27,1,1
5262,2018-06-08,0,4,1,1,0,0,0,전남,순천시,0,0,0,1,1,0,0,127.4994,34.9459,전남순천시,0,0,0,0,0,27,1,1
5272,2018-03-29,1,3,1,1,0,0,0,전남,장흥군,0,0,1,0,0,0,0,126.9059,34.6765,전남장흥군,0,0,0,0,0,56,1,0
5276,2018-03-09,0,4,1,1,0,0,0,전남,보성군,0,1,0,0,0,0,0,127.4093,34.8379,전남보성군,0,0,0,0,0,122,1,1
5277,2018-11-21,1,2,1,1,0,0,0,전남,보성군,0,0,0,1,1,1,0,127.0817,34.7676,전남보성군,0,1,0,0,0,122,1,1
5285,2018-10-24,1,2,1,1,0,0,0,전남,장성군,0,0,0,1,1,0,0,126.9024,35.4039,전남장성군,0,0,0,0,0,146,1,1
5299,2018-11-03,0,5,1,1,0,0,0,경북,경주시,0,2,0,1,1,0,0,129.1788,35.8437,경북경주시,0,0,0,1,0,100,1,1
5304,2018-04-05,1,3,1,1,0,0,0,경북,경주시,0,3,0,1,2,2,0,129.1986,35.7516,경북경주시,0,2,0,0,0,100,0,0
5308,2018-01-11,0,3,1,2,0,1,0,경북,포항시,0,0,0,1,3,0,0,129.3571,36.0219,경북포항시,0,0,0,0,0,160,1,1
5310,2018-09-21,0,4,1,2,1,0,0,경북,포항시,0,2,2,0,0,0,0,129.3523,36.0484,경북포항시,0,0,0,0,0,160,1,1
5311,2018-05-05,0,5,1,1,0,0,0,경북,포항시,0,0,0,0,0,0,0,129.3596,36.0333,경북포항시,0,0,0,1,0,160,1,1
5314,2018-06-30,1,5,1,1,0,0,0,경북,안동시,0,2,0,0,0,0,0,128.7877,36.6121,경북안동시,0,0,0,1,0,66,1,1
5319,2018-11-05,1,0,1,1,0,0,0,경북,김천시,0,0,3,0,0,1,0,128.1196,36.1031,경북김천시,0,1,0,0,0,76,1,1
5320,2018-11-05,1,0,1,1,0,0,0,경북,상주시,0,3,0,0,0,1,0,128.2975,36.3636,경북상주시,0,1,0,0,0,58,0,0
5325,2018-09-14,0,4,1,1,0,0,0,경북,칠곡군,0,1,0,0,0,0,0,128.4947,35.9651,경북칠곡군,0,0,0,0,0,21,1,1
5328,2018-08-24,1,4,1,1,0,0,0,경북,영천시,0,3,0,1,2,1,0,129.0212,35.9979,경북영천시,0,1,0,0,0,5,0,0
5330,2018-02-12,0,0,1,1,0,0,0,경북,문경시,0,2,0,0,0,0,0,128.3079,36.6629,경북문경시,0,0,0,0,0,74,1,1
5333,2018-08-29,0,2,1,1,0,0,0,경북,경산시,0,2,0,0,0,0,0,128.7515,35.8222,경북경산시,0,0,0,0,0,52,1,1
5336,2018-10-20,1,5,1,3,0,0,2,경북,영덕군,0,1,0,0,0,4,0,129.3744,36.4204,경북영덕군,0,4,0,1,0,54,1,1
5344,2018-01-05,0,4,1,1,0,0,0,경북,포항시,0,3,0,1,2,1,0,129.3721,36.0329,경북포항시,0,1,0,0,0,160,0,0
5345,2018-06-30,0,5,1,1,0,0,0,경북,포항시,0,1,0,0,0,0,0,129.3572,36.0076,경북포항시,0,0,0,1,0,160,1,1
5346,2018-08-04,0,5,1,1,0,0,0,경북,포항시,0,0,3,0,0,1,0,129.3732,36.0161,경북포항시,0,1,0,1,0,160,1,1
5347,2018-12-21,1,4,1,1,0,0,0,경북,포항시,0,0,0,0,0,0,0,129.351,35.9902,경북포항시,0,0,0,0,0,160,1,1
5355,2018-02-25,0,6,1,1,0,0,0,경남,진주시,0,1,1,1,1,0,0,128.2244,35.1868,경남진주시,0,0,0,1,0,42,1,0
5356,2018-01-13,0,5,1,1,0,0,0,경남,창원시(통합),0,2,0,1,1,0,0,128.8002,35.0934,경남창원시(통합),0,0,0,1,0,86,1,1
5360,2018-01-02,1,1,1,1,0,0,0,경남,김해시,0,0,0,0,0,1,0,128.9202,35.2352,경남김해시,0,1,0,0,0,13,1,1
5362,2018-07-17,0,1,1,1,0,0,0,경남,김해시,0,0,0,1,2,0,0,128.9041,35.2417,경남김해시,0,0,0,0,0,13,1,1
5366,2018-03-04,0,6,1,2,1,0,0,경남,창녕군,0,1,5,1,2,0,0,128.4739,35.3924,경남창녕군,0,0,0,1,0,211,1,1
5367,2018-07-06,1,4,1,1,0,0,0,경남,창녕군,0,0,0,1,3,1,0,128.485,35.5406,경남창녕군,0,1,0,0,0,211,1,1
5368,2018-08-05,1,6,1,1,0,0,0,경남,양산시,0,0,0,1,2,0,0,129.0613,35.4245,경남양산시,0,0,0,1,0,49,1,1
5370,2018-08-28,1,1,1,1,0,0,0,경남,양산시,0,2,0,0,0,0,0,128.9981,35.3131,경남양산시,0,0,0,0,0,49,1,1
5371,2018-08-06,1,0,1,1,0,0,0,경남,거제시,0,1,0,1,1,1,0,128.7028,34.8288,경남거제시,0,1,0,0,0,15,1,1
5373,2018-10-24,0,2,1,1,0,0,0,경남,의령군,0,0,0,2,4,0,0,128.2422,35.324,경남의령군,0,0,0,0,0,189,1,1
5376,2018-12-15,0,5,1,1,0,0,0,경남,창원시(통합),0,0,0,1,1,0,0,128.6142,35.2582,경남창원시(통합),0,0,0,1,0,86,1,1
5379,2018-12-13,0,3,1,1,0,0,0,경남,창녕군,0,1,0,0,0,1,0,128.5073,35.5113,경남창녕군,0,1,0,0,0,211,1,1
5381,2018-01-02,0,1,1,1,0,0,0,제주,제주시,0,0,1,1,3,2,0,126.5288,33.5056,제주제주시,0,2,0,0,0,90,1,0
5382,2018-05-12,0,5,1,1,0,0,0,제주,서귀포시,0,1,0,1,2,0,0,126.717,33.3081,제주서귀포시,0,0,0,1,0,62,1,1
5385,2018-05-05,0,5,1,1,0,0,0,제주,서귀포시,0,0,2,1,1,0,0,126.911,33.4421,제주서귀포시,0,0,0,1,0,62,1,1
5387,2018-02-19,0,0,1,1,0,0,0,제주,제주시,0,3,0,0,0,0,0,126.4386,33.4638,제주제주시,0,0,0,0,0,90,0,0
5391,2018-04-13,1,4,1,1,0,0,0,대구,동구,0,0,3,0,0,0,0,128.6465,35.945,대구동구,0,0,0,0,0,26,1,1
5393,2018-09-09,1,6,1,1,0,0,0,대구,수성구,0,0,0,0,0,0,0,128.6088,35.8516,대구수성구,0,0,0,1,0,37,1,1
5394,2018-04-22,0,6,1,1,0,0,0,대구,북구,0,1,0,0,0,0,0,128.606,35.902,대구북구,0,0,0,1,0,112,1,1
5398,2018-02-05,1,0,1,1,0,0,0,대구,북구,0,0,0,0,0,0,0,128.5468,35.9196,대구북구,0,0,0,0,0,112,1,1
5400,2018-09-15,1,5,1,2,0,0,1,인천,옹진군,0,2,0,0,0,0,0,126.2398,37.181,인천옹진군,0,0,0,1,0,186,1,1
5401,2018-01-22,1,0,1,1,0,0,0,인천,부평구,0,1,0,0,0,2,0,126.7214,37.5054,인천부평구,0,2,0,0,0,44,1,1
5402,2018-08-19,1,6,1,1,0,0,0,인천,서구,0,0,0,0,0,1,0,126.6827,37.4955,인천서구,0,1,0,1,0,97,1,1
5403,2018-11-03,1,5,1,1,0,0,0,인천,서구,0,0,0,1,1,0,0,126.6741,37.5047,인천서구,0,0,0,1,0,97,1,1
5404,2018-09-15,0,5,1,1,0,0,0,인천,서구,0,0,0,0,0,0,0,126.6854,37.4957,인천서구,0,0,0,1,0,97,1,1
5405,2018-11-24,1,5,1,1,0,0,0,인천,서구,0,1,0,1,1,0,0,126.6614,37.6035,인천서구,0,0,0,1,0,97,1,1
5406,2018-03-12,1,0,1,1,0,0,0,인천,계양구,0,0,0,1,3,0,0,126.7225,37.5375,인천계양구,0,0,0,0,0,7,1,1
5409,2018-09-21,0,4,1,1,0,0,0,인천,연수구,0,2,0,0,0,0,0,126.6366,37.3966,인천연수구,0,0,0,0,0,35,1,1
5410,2018-03-15,0,3,1,1,0,0,0,인천,연수구,0,0,0,1,2,1,0,126.6463,37.4311,인천연수구,0,1,0,0,0,35,1,1
5411,2018-02-01,1,3,1,1,0,0,0,인천,부평구,0,0,1,1,1,1,0,126.7469,37.5168,인천부평구,0,1,0,0,0,44,1,0
5412,2018-04-18,0,2,1,1,0,0,0,인천,부평구,0,0,1,1,1,2,0,126.7255,37.5072,인천부평구,0,2,0,0,0,44,1,0
5414,2018-01-19,0,4,1,2,0,1,0,서울,금천구,0,2,2,0,0,0,0,126.8973,37.4472,서울금천구,0,0,0,0,0,109,1,1
5416,2018-07-25,1,2,1,1,0,0,0,광주,서구,0,0,0,0,0,5,0,126.9007,35.1538,광주서구,0,5,0,0,0,222,1,1
5419,2018-10-25,1,3,1,1,0,0,0,광주,남구,0,0,1,1,1,1,0,126.9039,35.1471,광주남구,0,1,0,0,0,190,1,0
5420,2018-11-20,1,1,1,1,0,0,0,광주,북구,0,1,0,0,0,2,0,126.9012,35.2002,광주북구,0,2,0,0,0,137,1,1
5421,2018-11-10,0,5,1,1,0,0,0,광주,북구,0,1,0,0,0,0,0,126.9035,35.1579,광주북구,0,0,0,1,0,137,1,1
5422,2018-08-21,0,1,1,1,0,0,0,광주,북구,0,0,0,0,0,0,0,126.909,35.1726,광주북구,0,0,0,0,0,137,1,1
5423,2018-01-16,1,1,1,1,0,0,0,광주,북구,0,0,0,0,0,0,0,126.9256,35.1734,광주북구,0,0,0,0,0,137,1,1
5424,2018-11-09,0,4,1,1,0,0,0,광주,광산구,0,2,0,0,0,0,0,126.8325,35.1864,광주광산구,0,0,0,0,0,135,1,1
5425,2018-08-23,1,3,1,1,0,0,0,광주,광산구,0,0,0,1,2,1,0,126.8012,35.1402,광주광산구,0,1,0,0,0,135,1,1
5427,2018-10-21,0,6,1,1,0,0,0,광주,광산구,0,2,0,0,0,0,0,126.7792,35.132,광주광산구,0,0,0,1,0,135,1,1
5429,2018-10-30,0,1,1,1,0,0,0,대전,중구,0,2,0,0,0,0,0,127.3865,36.3056,대전중구,0,0,0,0,0,39,1,1
5430,2018-02-03,0,5,1,1,0,0,0,대전,중구,0,0,2,0,0,0,0,127.4384,36.3117,대전중구,0,0,0,1,0,39,1,1
5431,2018-07-01,0,6,1,1,0,0,0,대전,동구,0,1,0,0,0,2,0,127.4372,36.3337,대전동구,0,2,0,1,0,80,1,1
5432,2018-07-12,0,3,1,1,0,0,0,대전,동구,0,0,0,0,0,0,0,127.4186,36.3386,대전동구,0,0,0,0,0,80,1,1
5433,2018-06-12,1,1,1,1,0,0,0,대전,동구,0,0,1,1,1,0,0,127.4425,36.3439,대전동구,0,0,0,0,0,80,1,0
5436,2018-04-16,0,0,1,1,0,0,0,대전,서구,0,1,0,1,1,0,0,127.3479,36.3082,대전서구,0,0,0,0,0,4,1,1
5437,2018-09-07,0,4,1,1,0,0,0,대전,서구,0,2,0,0,0,0,0,127.3755,36.3387,대전서구,0,0,0,0,0,4,1,1
5441,2018-09-21,0,4,1,1,0,0,0,대전,유성구,0,4,1,1,3,1,0,127.3205,36.3028,대전유성구,0,1,0,0,0,148,0,0
5443,2018-06-17,0,6,1,1,0,0,0,울산,남구,0,0,0,0,0,0,0,129.2872,35.5468,울산남구,0,0,0,1,0,213,1,1
5444,2018-11-02,1,4,1,2,0,1,0,울산,남구,0,1,0,0,0,1,0,129.3098,35.5399,울산남구,0,1,0,0,0,213,1,1
5446,2018-02-08,1,3,1,1,0,0,0,울산,동구,0,0,3,1,1,1,0,129.4252,35.5045,울산동구,0,1,0,0,0,225,1,1
5447,2018-06-18,0,0,1,1,0,0,0,울산,북구,0,0,1,0,0,0,0,129.4573,35.6071,울산북구,0,0,0,0,0,158,1,0
5448,2018-11-18,0,6,1,1,0,0,0,울산,동구,0,2,2,0,0,0,0,129.4273,35.4954,울산동구,0,0,0,1,0,225,1,1
5453,2018-06-26,0,1,1,1,0,0,0,경기,고양시,0,1,2,1,3,0,0,126.7909,37.6407,경기고양시,0,0,0,0,0,40,1,1
5454,2018-02-19,1,0,1,1,0,0,0,경기,고양시,0,0,0,1,1,1,0,126.7869,37.6731,경기고양시,0,1,0,0,0,40,1,1
5457,2018-12-20,0,3,1,1,0,0,0,경기,남양주시,0,0,0,1,1,0,0,127.1119,37.6504,경기남양주시,0,0,0,0,0,70,1,1
5458,2018-12-03,1,0,1,1,0,0,0,경기,파주시,0,0,1,1,3,0,0,126.7749,37.7583,경기파주시,0,0,0,0,0,175,1,0
5460,2018-09-27,1,3,1,1,0,0,0,경기,양주시,0,0,0,0,0,1,0,126.9967,37.7932,경기양주시,0,1,0,0,0,59,1,1
5462,2018-06-10,0,6,1,1,0,0,0,경기,동두천시,0,0,0,0,0,0,0,127.058,37.9118,경기동두천시,0,0,0,1,0,94,1,1
5464,2018-09-14,1,4,1,1,0,0,0,경기,동두천시,0,0,1,0,0,0,0,127.0535,37.8912,경기동두천시,0,0,0,0,0,94,1,0
5465,2018-08-18,0,5,1,1,0,0,0,경기,동두천시,0,0,0,0,0,0,0,127.0633,37.9044,경기동두천시,0,0,0,1,0,94,1,1
5468,2018-05-18,0,4,1,1,0,0,0,서울,서대문구,0,0,0,0,0,0,0,126.915,37.5696,서울서대문구,0,0,0,0,0,195,1,1
5469,2018-08-11,0,5,1,1,0,0,0,서울,용산구,0,0,1,0,0,0,0,126.9998,37.536,서울용산구,0,0,0,1,0,134,1,0
5470,2018-10-17,0,2,1,1,0,0,0,서울,성북구,0,0,3,1,1,1,0,127.0091,37.6155,서울성북구,0,1,0,0,0,167,1,1
5471,2018-07-22,0,6,1,1,0,0,0,서울,강북구,0,0,1,1,1,2,0,127.0135,37.634,서울강북구,0,2,0,1,0,200,1,0
5475,2018-12-11,1,1,1,1,0,0,0,서울,동대문구,0,1,1,1,2,4,0,127.0466,37.5751,서울동대문구,0,4,0,0,0,201,1,0
5476,2018-07-11,0,2,1,1,0,0,0,서울,광진구,0,2,0,2,4,0,0,127.0638,37.5323,서울광진구,0,0,0,0,0,183,1,1
5481,2018-01-07,0,6,1,1,0,0,0,서울,영등포구,0,0,2,0,0,0,0,126.9168,37.517,서울영등포구,0,0,0,1,0,150,1,1
5483,2018-08-26,0,6,1,1,0,0,0,서울,관악구,0,0,3,1,1,4,0,126.9098,37.4811,서울관악구,0,4,0,1,0,188,1,1
5484,2018-11-01,0,3,1,1,0,0,0,서울,금천구,0,0,3,1,3,0,0,126.898,37.4694,서울금천구,0,0,0,0,0,109,1,1
5485,2018-04-14,0,5,1,1,0,0,0,서울,동작구,0,1,0,0,0,4,0,126.9644,37.5082,서울동작구,0,4,0,1,0,93,1,1
5486,2018-03-03,0,5,1,2,0,1,0,서울,중랑구,0,0,2,1,3,0,0,127.0799,37.5744,서울중랑구,0,0,0,1,0,196,1,1
5488,2018-08-13,1,0,1,1,0,0,0,서울,중랑구,0,0,5,0,0,1,0,127.0934,37.5923,서울중랑구,0,1,0,0,0,196,1,1
5489,2018-03-22,0,3,1,1,0,0,0,서울,중랑구,0,0,1,0,0,5,0,127.0931,37.6062,서울중랑구,0,5,0,0,0,196,1,0
5491,2018-11-14,0,2,1,1,0,0,0,서울,강동구,0,3,0,0,0,3,0,127.1238,37.5511,서울강동구,0,3,0,0,0,91,0,0
5492,2018-04-08,1,6,1,1,0,0,0,서울,강동구,0,3,0,0,0,0,0,127.1363,37.5303,서울강동구,0,0,0,1,0,91,0,0
5493,2018-01-27,1,5,1,1,0,0,0,서울,송파구,0,0,3,0,0,0,0,127.1197,37.5148,서울송파구,0,0,0,1,0,156,1,1
5496,2018-01-10,0,2,1,1,0,0,0,서울,구로구,0,0,0,1,1,2,0,126.842,37.4999,서울구로구,0,2,0,0,0,79,1,1
5497,2018-01-26,1,4,1,2,1,0,0,서울,구로구,0,0,1,1,3,3,0,126.8926,37.4809,서울구로구,0,3,0,0,0,79,1,0
5498,2018-11-21,1,2,1,1,0,0,0,서울,서초구,0,1,0,1,3,3,0,127.0267,37.4881,서울서초구,0,3,0,0,0,214,1,1
5500,2018-01-26,0,4,1,1,0,0,0,서울,노원구,0,0,0,0,0,0,0,127.0553,37.6769,서울노원구,0,0,0,0,0,18,1,1
5502,2018-06-13,0,2,1,2,0,0,1,서울,노원구,0,0,0,0,0,0,0,127.0691,37.6341,서울노원구,0,0,0,1,0,18,1,1
5504,2018-02-26,0,0,1,1,0,0,0,서울,동작구,0,1,0,0,0,2,0,126.9819,37.4828,서울동작구,0,2,0,0,0,93,1,1
5510,2018-05-11,0,4,1,1,0,0,0,부산,부산진구,0,0,0,0,0,0,0,129.033,35.1674,부산부산진구,0,0,0,0,0,163,1,1
5512,2018-09-05,0,2,1,1,0,0,0,부산,금정구,0,0,3,1,2,2,0,129.0909,35.229,부산금정구,0,2,0,0,0,96,1,1
5513,2018-03-19,0,0,1,1,0,0,0,부산,금정구,0,1,2,0,0,2,0,129.0871,35.2223,부산금정구,0,2,0,0,0,96,1,1
5515,2018-04-30,1,0,1,1,0,0,0,부산,사상구,0,0,0,0,0,4,0,129.0,35.1478,부산사상구,0,4,0,0,0,120,1,1
5517,2018-12-06,1,3,1,1,0,0,0,부산,기장군,0,0,0,1,2,1,0,129.2166,35.2394,부산기장군,0,1,0,0,0,85,1,1
5522,2018-01-24,0,2,1,1,0,0,0,경기,수원시,0,0,2,1,2,0,0,126.9839,37.2842,경기수원시,0,0,0,0,0,99,1,1
5523,2018-05-25,1,4,1,1,0,0,0,경기,성남시,0,0,3,0,0,2,0,127.1281,37.439,경기성남시,0,2,0,0,0,95,1,1
5526,2018-04-03,0,1,1,1,0,0,0,경기,평택시,0,0,5,0,0,1,0,127.0935,37.0156,경기평택시,0,1,0,0,0,14,1,1
5528,2018-05-19,0,5,1,1,0,0,0,경기,평택시,0,1,0,0,0,0,0,127.0402,37.0122,경기평택시,0,0,0,1,0,14,1,1
5531,2018-01-02,1,1,1,1,0,0,0,경기,평택시,0,4,1,1,3,0,0,127.1131,36.9944,경기평택시,0,0,0,0,0,14,0,0
5533,2018-03-23,0,4,1,1,0,0,0,경기,안성시,0,2,0,0,0,0,0,127.4825,37.101,경기안성시,0,0,0,0,0,23,1,1
5535,2018-07-03,0,1,1,1,0,0,0,경기,안양시,0,0,0,1,3,2,0,126.9497,37.4056,경기안양시,0,2,0,0,0,151,1,1