index,발생년월일,주야,요일,사망자수,사상자수,중상자수,경상자수,부상신고자수,발생지시도,발생지시군구,사고유형_대분류,사고유형_중분류,법규위반,도로형태_대분류,도로형태,당사자종별_1당_대분류,당사자종별_2당_대분류,경도,위도,발생지,사고피해정도,사고차량타입,도시여부,주말/공휴일,인구수,발생지번호,보행자의위치,무단횡단여부
5541,2018-09-16,0,6,1,1,0,0,0,경기,광주시,0,0,3,0,0,0,0,127.2494,37.417,경기광주시,0,0,0,1,0,9,1,1
5546,2018-08-03,0,4,1,1,0,0,0,경기,용인시,0,0,1,1,3,0,0,127.2006,37.2348,경기용인시,0,0,0,0,0,51,1,0
5553,2018-01-26,0,4,1,1,0,0,0,경기,양평군,0,0,0,0,0,1,0,127.4454,37.5117,경기양평군,0,1,0,0,0,48,1,1
5554,2018-08-25,0,5,1,1,0,0,0,경기,부천시,0,0,0,1,1,0,0,126.8129,37.4847,경기부천시,0,0,0,1,0,65,1,1
5555,2018-03-24,0,5,1,1,0,0,0,경기,부천시,0,0,0,2,4,0,0,126.7956,37.4716,경기부천시,0,0,0,1,0,65,1,1
5556,2018-12-27,0,3,1,1,0,0,0,경기,오산시,0,0,2,0,0,0,0,127.0656,37.1493,경기오산시,0,0,0,0,0,143,1,1
5557,2018-09-10,0,0,1,1,0,0,0,경기,화성시,0,0,0,1,1,2,0,127.1262,37.2039,경기화성시,0,2,0,0,0,50,1,1
5558,2018-08-02,0,3,1,1,0,0,0,경기,화성시,0,1,2,1,3,0,0,127.0739,37.2003,경기화성시,0,0,0,0,0,50,1,1
5563,2018-08-20,0,0,1,1,0,0,0,경기,안산시,0,0,0,1,3,5,0,126.8116,37.3343,경기안산시,0,5,0,0,0,2,1,1
5565,2018-04-24,1,1,1,1,0,0,0,경기,안산시,0,0,1,0,0,2,0,126.8168,37.3456,경기안산시,0,2,0,0,0,2,1,0
5566,2018-11-22,0,3,1,1,0,0,0,경기,수원시,0,0,2,0,0,0,0,127.0285,37.2714,경기수원시,0,0,0,0,0,99,1,1
5567,2018-09-21,0,4,1,1,0,0,0,경기,수원시,0,2,0,0,0,0,0,127.0278,37.2548,경기수원시,0,0,0,0,0,99,1,1
5569,2018-02-27,0,1,1,1,0,0,0,경기,성남시,0,2,0,1,2,0,0,127.1394,37.3766,경기성남시,0,0,0,0,0,95,1,1
5572,2018-02-09,0,4,1,1,0,0,0,경기,시흥시,0,3,0,1,1,0,0,126.8726,37.3756,경기시흥시,0,0,0,0,0,73,0,0
5573,2018-06-25,0,0,1,3,1,1,0,경기,시흥시,0,0,3,1,1,1,0,126.8467,37.3784,경기시흥시,0,1,0,0,0,73,1,1
5574,2018-05-24,0,3,1,1,0,0,0,경기,시흥시,0,1,0,0,0,0,0,126.7864,37.3432,경기시흥시,0,0,0,0,0,73,1,1
5580,2018-11-23,0,4,1,1,0,0,0,경기,화성시,0,1,0,2,4,0,0,126.9419,37.2044,경기화성시,0,0,0,0,0,50,1,1
5583,2018-03-28,1,2,1,1,0,0,0,경기,화성시,0,1,0,1,2,3,0,126.8812,37.1669,경기화성시,0,3,0,0,0,50,1,1
5586,2018-11-28,1,2,1,1,0,0,0,경기,의왕시,0,0,0,0,0,2,0,127.0002,37.3908,경기의왕시,0,2,0,0,0,199,1,1
5591,2018-12-06,0,3,1,1,0,0,0,강원,춘천시,0,0,0,0,0,2,0,127.725,37.871,강원춘천시,0,2,0,0,0,111,1,1
5595,2018-01-09,1,1,1,1,0,0,0,강원,원주시,0,0,2,0,0,0,0,128.0241,37.4377,강원원주시,0,0,0,0,0,36,1,1
5599,2018-08-10,0,4,1,1,0,0,0,강원,고성군,0,0,1,1,3,0,0,128.5693,38.2442,강원고성군,0,0,0,0,0,217,1,0
5602,2018-10-01,0,0,1,1,0,0,0,강원,동해시,0,0,0,1,2,0,0,129.1051,37.5275,강원동해시,0,0,0,0,0,210,1,1
5605,2018-06-13,0,2,1,1,0,0,0,충북,청주시,0,0,0,0,0,0,0,127.4898,36.642,충북청주시,0,0,0,1,0,83,1,1
5607,2018-08-08,1,2,1,1,0,0,0,충북,청주시,0,1,0,0,0,1,0,127.4853,36.6451,충북청주시,0,1,0,0,0,83,1,1
5608,2018-10-07,1,6,1,1,0,0,0,충북,청주시,0,0,5,1,2,1,0,127.4807,36.6976,충북청주시,0,1,0,1,0,83,1,1
5614,2018-03-13,1,1,1,1,0,0,0,충북,제천시,0,0,3,1,2,1,0,128.1987,37.1005,충북제천시,0,1,0,0,0,103,1,1
5617,2018-08-10,1,4,1,1,0,0,0,충북,괴산군,0,0,0,1,1,0,0,127.636,36.7742,충북괴산군,0,0,0,0,0,179,1,1
5618,2018-06-02,0,5,1,1,0,0,0,충북,보은군,0,3,0,0,0,1,0,127.6563,36.5857,충북보은군,0,1,0,1,0,32,0,0
5620,2018-02-07,0,2,1,1,0,0,0,충북,음성군,0,1,0,1,1,0,0,127.4943,36.9865,충북음성군,0,0,0,0,0,110,1,1
5622,2018-03-27,1,1,1,1,0,0,0,충북,단양군,0,0,1,0,0,0,0,128.3691,36.9833,충북단양군,0,0,0,0,0,204,1,0
5623,2018-06-17,0,6,1,1,0,0,0,충북,단양군,0,1,0,0,0,0,0,128.4866,37.0769,충북단양군,0,0,0,1,0,204,1,1
5626,2018-02-13,0,1,1,1,0,0,0,충북,청주시,0,0,0,1,3,1,0,127.4295,36.6249,충북청주시,0,1,0,0,0,83,1,1
5627,2018-02-13,0,1,1,1,0,0,0,충북,청주시,0,0,0,0,0,0,0,127.4446,36.6338,충북청주시,0,0,0,0,0,83,1,1
5631,2018-01-26,0,4,1,1,0,0,0,충북,청주시,0,0,0,0,0,0,0,127.5057,36.5959,충북청주시,0,0,0,0,0,83,1,1
5636,2018-10-22,1,0,1,1,0,0,0,충남,서산시,0,0,2,0,0,0,0,126.4557,36.7777,충남서산시,0,0,0,0,0,69,1,1
5642,2018-12-24,1,0,1,1,0,0,0,충남,논산시,0,2,0,0,0,0,0,127.069,36.1122,충남논산시,0,0,0,0,0,61,1,1
5643,2018-10-10,0,2,1,1,0,0,0,충남,논산시,0,0,0,0,0,0,0,127.1032,36.1281,충남논산시,0,0,0,0,0,61,1,1
5645,2018-01-06,0,5,1,1,0,0,0,충남,홍성군,0,2,2,0,0,0,0,126.6199,36.504,충남홍성군,0,0,0,1,0,38,1,1
5647,2018-10-18,1,3,1,2,1,0,0,충남,홍성군,0,1,0,1,2,1,0,126.5758,36.5853,충남홍성군,0,1,0,0,0,38,1,1
5648,2018-12-17,0,0,1,1,0,0,0,충남,홍성군,0,0,5,0,0,0,0,126.7265,36.5889,충남홍성군,0,0,0,0,0,38,1,1
5649,2018-09-25,0,1,1,1,0,0,0,충남,홍성군,0,0,0,0,0,2,0,126.6277,36.5309,충남홍성군,0,2,0,1,0,38,1,1
5650,2018-10-26,0,4,1,1,0,0,0,충남,홍성군,0,0,2,2,4,0,0,126.6466,36.556,충남홍성군,0,0,0,0,0,38,1,1
5651,2018-12-18,1,1,1,1,0,0,0,충남,홍성군,0,0,0,1,1,0,0,126.6594,36.6296,충남홍성군,0,0,0,0,0,38,1,1
5652,2018-12-20,0,3,1,1,0,0,0,충남,아산시,0,1,0,0,0,0,0,127.0729,36.8072,충남아산시,0,0,0,0,0,53,1,1
5653,2018-04-05,0,3,1,1,0,0,0,충남,아산시,0,1,0,1,2,0,0,127.0154,36.7616,충남아산시,0,0,0,0,0,53,1,1
5655,2018-02-26,1,0,1,1,0,0,0,충남,공주시,0,1,5,1,2,0,0,127.1225,36.4487,충남공주시,0,0,0,0,0,19,1,1
5660,2018-11-26,1,0,1,1,0,0,0,충남,예산군,0,0,0,1,1,0,0,126.8484,36.6766,충남예산군,0,0,0,0,0,187,1,1
5663,2018-09-04,1,1,1,1,0,0,0,충남,부여군,0,0,0,0,0,1,0,126.7146,36.2913,충남부여군,0,1,0,0,0,129,1,1
5670,2018-04-20,1,4,1,1,0,0,0,충남,천안시,0,1,0,0,0,0,0,127.1478,36.8086,충남천안시,0,0,0,0,0,63,1,1
5677,2018-03-23,0,4,1,1,0,0,0,전북,전주시,0,0,0,1,2,1,0,127.1413,35.7986,전북전주시,0,1,0,0,0,11,1,1
5678,2018-06-25,1,0,1,1,0,0,0,전북,전주시,0,1,0,0,0,1,0,127.1482,35.8233,전북전주시,0,1,0,0,0,11,1,1
5679,2018-01-04,0,3,1,1,0,0,0,전북,전주시,0,0,2,1,3,0,0,127.1124,35.8022,전북전주시,0,0,0,0,0,11,1,1
5682,2018-12-09,0,6,1,1,0,0,0,전북,군산시,0,0,2,1,3,0,0,126.71,35.9911,전북군산시,0,0,0,1,0,166,1,1
5683,2018-01-04,1,3,1,1,0,0,0,전북,군산시,0,0,0,0,0,0,0,126.7266,35.9722,전북군산시,0,0,0,0,0,166,1,1
5686,2018-10-29,0,0,1,1,0,0,0,전북,익산시,0,1,0,0,0,1,0,126.9638,35.972,전북익산시,0,1,0,0,0,125,1,1
5690,2018-01-31,0,2,1,1,0,0,0,전북,김제시,0,0,0,0,0,2,0,126.7902,35.8104,전북김제시,0,2,0,0,0,34,1,1
5695,2018-11-21,0,2,1,1,0,0,0,전북,고창군,0,2,0,0,0,0,0,126.5951,35.3348,전북고창군,0,0,0,0,0,219,1,1
5697,2018-09-04,0,1,1,1,0,0,0,전북,고창군,0,1,0,1,1,2,0,126.5516,35.5241,전북고창군,0,2,0,0,0,219,1,1
5698,2018-09-25,0,1,1,1,0,0,0,전북,부안군,0,2,0,0,0,0,0,126.7333,35.7422,전북부안군,0,0,0,1,0,185,1,1
5701,2018-01-19,0,4,1,1,0,0,0,전북,무주군,0,0,2,0,0,0,0,127.7987,35.997,전북무주군,0,0,0,0,0,182,1,1
5708,2018-12-14,0,4,1,1,0,0,0,전남,목포시,0,1,0,0,0,0,0,126.39,34.7997,전남목포시,0,0,0,0,0,153,1,1
5709,2018-01-07,0,6,1,1,0,0,0,전남,목포시,0,0,0,1,3,0,0,126.3994,34.812,전남목포시,0,0,0,1,0,153,1,1
5711,2018-10-23,1,1,1,1,0,0,0,전남,여수시,0,0,2,0,0,0,0,127.6352,34.7949,전남여수시,0,0,0,0,0,102,1,1
5714,2018-12-31,1,0,1,1,0,0,0,전남,나주시,0,0,2,1,2,0,0,126.7755,35.0221,전남나주시,0,0,0,0,0,33,1,1
5720,2018-09-08,0,5,1,1,0,0,0,전남,해남군,0,0,0,0,0,0,0,126.311,34.579,전남해남군,0,0,0,1,0,119,1,1
5722,2018-05-16,1,2,1,1,0,0,0,전남,보성군,0,2,0,0,0,0,0,127.1575,34.7712,전남보성군,0,0,0,0,0,122,1,1
5724,2018-09-17,0,0,1,1,0,0,0,전남,영광군,0,2,0,0,0,1,0,126.5263,35.2145,전남영광군,0,1,0,0,0,127,1,1
5729,2018-10-20,1,5,1,1,0,0,0,전남,영암군,0,0,1,0,0,1,0,126.5196,34.733,전남영암군,0,1,0,1,0,16,1,0
5736,2018-02-22,1,3,1,1,0,0,0,전남,무안군,0,0,0,0,0,0,0,126.4751,34.8144,전남무안군,0,0,0,0,0,101,1,1
5741,2018-03-17,0,5,1,1,0,0,0,경북,경주시,0,1,0,0,0,0,0,129.2071,35.8441,경북경주시,0,0,0,1,0,100,1,1
5744,2018-09-03,0,0,1,1,0,0,0,경북,안동시,0,0,3,1,1,0,0,128.6932,36.5669,경북안동시,0,0,0,0,0,66,1,1
5747,2018-12-02,1,6,1,1,0,0,0,경북,김천시,0,0,0,1,1,1,0,128.128,36.1212,경북김천시,0,1,0,1,0,76,1,1
5748,2018-05-08,1,1,1,1,0,0,0,경북,상주시,0,0,0,0,0,1,0,127.9203,36.5605,경북상주시,0,1,0,0,0,58,1,1
5753,2018-08-03,0,4,1,1,0,0,0,경북,영주시,0,1,0,0,0,0,0,128.6135,36.8117,경북영주시,0,0,0,0,0,113,1,1
5755,2018-01-17,0,2,1,1,0,0,0,경북,문경시,0,3,0,0,0,0,0,128.3191,36.7616,경북문경시,0,0,0,0,0,74,0,0
5759,2018-04-05,0,3,1,1,0,0,0,경북,경산시,0,0,1,0,0,0,0,128.7302,35.8206,경북경산시,0,0,0,0,0,52,1,0
5762,2018-09-23,0,6,1,1,0,0,0,경북,영덕군,0,0,0,1,1,1,0,129.379,36.3602,경북영덕군,0,1,0,1,0,54,1,1
5766,2018-10-26,0,4,1,2,1,0,0,경북,예천군,0,1,2,0,0,0,0,128.4785,36.6321,경북예천군,0,0,0,0,0,55,1,1
5769,2018-07-27,0,4,1,1,0,0,0,경북,청도군,0,1,0,0,0,0,0,128.7472,35.6397,경북청도군,0,0,0,0,0,3,1,1
5773,2018-11-19,1,0,1,1,0,0,0,경북,성주군,0,0,0,0,0,0,0,128.3288,35.9148,경북성주군,0,0,0,0,0,168,1,1
5775,2018-10-08,0,0,1,1,0,0,0,경북,구미시,0,0,2,0,0,0,0,128.4227,36.1363,경북구미시,0,0,0,0,0,144,1,1
5776,2018-05-19,0,5,2,4,0,2,0,경북,구미시,0,0,0,0,0,2,0,128.3557,36.1214,경북구미시,1,2,0,1,0,144,1,1
5780,2018-10-14,1,6,1,2,0,1,0,경북,포항시,0,0,3,1,1,0,0,129.336,36.0083,경북포항시,0,0,0,1,0,160,1,1
5789,2018-11-26,0,0,1,1,0,0,0,경남,창원시(통합),0,0,3,1,1,2,0,128.5586,35.2022,경남창원시(통합),0,2,0,0,0,86,1,1
5791,2018-07-02,0,0,1,1,0,0,0,경남,진주시,0,0,0,1,1,2,0,128.1169,35.1864,경남진주시,0,2,0,0,0,42,1,1
5793,2018-11-17,0,5,1,1,0,0,0,경남,창원시(통합),0,0,0,1,1,4,0,128.6909,35.1537,경남창원시(통합),0,4,0,1,0,86,1,1
5795,2018-08-07,0,1,1,1,0,0,0,경남,사천시,0,0,2,1,3,0,0,128.0797,34.9484,경남사천시,0,0,0,0,0,57,1,1
5796,2018-10-12,0,4,1,1,0,0,0,경남,사천시,0,0,1,1,2,0,0,128.0689,34.9295,경남사천시,0,0,0,0,0,57,1,0
5797,2018-03-14,1,2,1,1,0,0,0,경남,사천시,0,1,0,0,0,0,0,128.1242,34.9524,경남사천시,0,0,0,0,0,57,1,1
5798,2018-12-20,1,3,1,1,0,0,0,경남,밀양시,0,3,0,0,0,0,0,128.7689,35.4243,경남밀양시,0,0,0,0,0,177,0,0
5799,2018-05-04,1,4,1,1,0,0,0,경남,밀양시,0,3,0,0,0,1,0,128.791,35.5048,경남밀양시,0,1,0,0,0,177,0,0
5800,2018-07-17,1,1,1,1,0,0,0,경남,거창군,0,2,0,0,0,1,0,128.0188,35.6766,경남거창군,0,1,0,0,0,154,1,1
5802,2018-09-06,1,3,1,1,0,0,0,경남,합천군,0,0,0,1,3,1,0,128.1701,35.5676,경남합천군,0,1,0,0,0,133,1,1
5804,2018-02-05,0,0,1,1,0,0,0,경남,함양군,0,3,0,0,0,0,0,127.7824,35.5489,경남함양군,0,0,0,0,0,108,0,0
5806,2018-03-29,0,3,1,1,0,0,0,경남,고성군,0,2,0,0,0,1,0,128.3236,34.9777,경남고성군,0,1,0,0,0,87,1,1
5808,2018-10-17,0,2,1,1,0,0,0,경남,고성군,0,0,1,0,0,0,0,128.3521,35.0258,경남고성군,0,0,0,0,0,87,1,0
5809,2018-12-10,1,0,1,1,0,0,0,경남,고성군,0,1,0,1,1,1,0,128.2451,35.0529,경남고성군,0,1,0,0,0,87,1,1
5818,2018-11-15,0,3,1,1,0,0,0,경남,함안군,0,2,0,0,0,0,0,128.5134,35.3494,경남함안군,0,0,0,0,0,117,1,1
5820,2018-02-12,0,0,1,1,0,0,0,경남,창원시(통합),0,2,0,0,0,0,0,128.6808,35.2425,경남창원시(통합),0,0,0,0,0,86,1,1
5824,2018-06-29,0,4,1,1,0,0,0,경남,창원시(통합),0,1,1,1,1,0,0,128.6078,35.3474,경남창원시(통합),0,0,0,0,0,86,1,0
5825,2018-07-30,0,0,1,1,0,0,0,경남,창원시(통합),0,0,2,0,0,0,0,128.6644,35.246,경남창원시(통합),0,0,0,0,0,86,1,1
5826,2018-08-01,0,2,1,1,0,0,0,경남,통영시,0,1,0,0,0,0,0,128.4164,34.8735,경남통영시,0,0,0,0,0,212,1,1
5828,2018-02-01,1,3,1,1,0,0,0,제주,서귀포시,0,1,0,0,0,1,0,126.7173,33.2793,제주서귀포시,0,1,0,0,0,62,1,1
5829,2018-02-25,1,6,1,1,0,0,0,제주,서귀포시,0,0,5,0,0,0,0,126.742,33.2851,제주서귀포시,0,0,0,1,0,62,1,1
5833,2018-07-29,0,6,1,1,0,0,0,제주,서귀포시,0,1,0,1,2,0,0,126.2979,33.2313,제주서귀포시,0,0,0,1,0,62,1,1
5834,2018-07-17,0,1,1,1,0,0,0,제주,제주시,0,0,1,1,3,0,0,126.272,33.4073,제주제주시,0,0,0,0,0,90,1,0
5837,2018-02-24,0,5,1,1,0,0,0,제주,제주시,0,0,0,0,0,2,0,126.4162,33.4876,제주제주시,0,2,0,1,0,90,1,1
5843,2018-02-01,0,3,1,1,0,0,0,대구,수성구,0,0,0,1,2,1,0,128.7171,35.8348,대구수성구,0,1,0,0,0,37,1,1
5845,2018-02-19,1,0,1,1,0,0,0,대구,달서구,0,0,1,0,0,0,0,128.5255,35.8119,대구달서구,0,0,0,0,0,20,1,0
5846,2018-10-19,1,4,1,2,0,1,0,대구,달성군,0,4,2,0,0,1,0,128.4717,35.7415,대구달성군,0,1,0,0,0,30,0,0
5848,2018-06-07,1,3,1,1,0,0,0,대구,서구,0,4,4,2,4,1,0,128.5551,35.8757,대구서구,0,1,0,0,0,107,0,0
5849,2018-10-13,1,5,1,1,0,0,0,대구,서구,0,1,0,1,1,1,0,128.5707,35.8804,대구서구,0,1,0,1,0,107,1,1
5850,2018-11-27,1,1,1,1,0,0,0,대구,서구,0,1,0,1,1,1,0,128.5601,35.937,대구서구,0,1,0,0,0,107,1,1
5856,2018-09-14,0,4,1,1,0,0,0,인천,중구,0,0,2,1,3,0,0,126.557,37.4911,인천중구,0,0,0,0,0,72,1,1
5858,2018-05-28,0,0,1,2,0,1,0,인천,중구,0,1,2,1,1,0,0,126.4906,37.4954,인천중구,0,0,0,0,0,72,1,1
5859,2018-07-30,1,0,1,1,0,0,0,인천,남구,0,0,0,1,2,0,0,126.6557,37.4559,인천남동구,0,0,0,0,0,29,1,1
5860,2018-02-07,0,2,1,1,0,0,0,인천,남구,0,0,0,2,4,0,0,126.6754,37.4642,인천남동구,0,0,0,0,0,29,1,1
5861,2018-01-24,0,2,1,1,0,0,0,인천,부평구,0,1,0,0,0,0,0,126.7269,37.4874,인천부평구,0,0,0,0,0,44,1,1
5862,2018-01-12,0,4,1,1,0,0,0,인천,부평구,0,0,0,0,0,0,0,126.7297,37.4902,인천부평구,0,0,0,0,0,44,1,1
5863,2018-09-16,0,6,1,1,0,0,0,인천,남동구,0,2,0,2,4,0,0,126.7003,37.4447,인천남동구,0,0,0,1,0,29,1,1
5864,2018-07-29,0,6,1,1,0,0,0,인천,남구,0,1,0,0,0,0,0,126.6986,37.4411,인천남동구,0,0,0,1,0,29,1,1
5866,2018-02-24,1,5,1,1,0,0,0,인천,계양구,0,2,0,1,1,2,0,126.7175,37.5307,인천계양구,0,2,0,1,0,7,1,1
5869,2018-04-12,0,3,1,1,0,0,0,인천,연수구,0,0,0,0,0,0,0,126.6738,37.4158,인천연수구,0,0,0,0,0,35,1,1
5873,2018-12-27,0,3,1,1,0,0,0,광주,서구,0,0,0,0,0,0,0,126.8611,35.122,광주서구,0,0,0,0,0,222,1,1
5874,2018-10-16,0,1,1,1,0,0,0,광주,서구,0,2,0,0,0,0,0,126.9016,35.1545,광주서구,0,0,0,0,0,222,1,1
5875,2018-01-02,1,1,1,1,0,0,0,광주,서구,0,1,0,0,0,0,0,126.8834,35.163,광주서구,0,0,0,0,0,222,1,1
5876,2018-06-27,0,2,1,1,0,0,0,광주,남구,0,1,0,0,0,0,0,126.9072,35.1337,광주남구,0,0,0,0,0,190,1,1
5877,2018-10-16,1,1,1,1,0,0,0,광주,남구,0,0,0,1,3,0,0,126.9009,35.1333,광주남구,0,0,0,0,0,190,1,1
5878,2018-03-07,0,2,1,1,0,0,0,광주,남구,0,0,0,0,0,0,0,126.9016,35.1357,광주남구,0,0,0,0,0,190,1,1
5880,2018-02-01,0,3,1,1,0,0,0,광주,북구,0,0,0,0,0,1,0,126.8842,35.1688,광주북구,0,1,0,0,0,137,1,1
5884,2018-12-28,0,4,1,1,0,0,0,대전,동구,0,0,0,1,2,2,0,127.4424,36.3185,대전동구,0,2,0,0,0,80,1,1
5885,2018-05-29,0,1,1,1,0,0,0,대전,동구,0,0,0,0,0,0,0,127.4405,36.3503,대전동구,0,0,0,0,0,80,1,1
5887,2018-05-14,0,0,1,1,0,0,0,대전,서구,0,0,0,1,3,1,0,127.3745,36.3045,대전서구,0,1,0,0,0,4,1,1
5888,2018-03-03,1,5,1,1,0,0,0,대전,대덕구,0,0,2,0,0,0,0,127.4239,36.4452,대전대덕구,0,0,0,1,0,77,1,1
5892,2018-11-19,0,0,1,1,0,0,0,대전,유성구,0,0,0,0,0,0,0,127.3818,36.4217,대전유성구,0,0,0,0,0,148,1,1
5894,2018-03-10,0,5,1,1,0,0,0,대전,유성구,0,0,0,1,3,0,0,127.3402,36.3457,대전유성구,0,0,0,1,0,148,1,1
5895,2018-05-10,0,3,1,1,0,0,0,대전,유성구,0,3,0,0,0,1,0,127.3374,36.3592,대전유성구,0,1,0,0,0,148,0,0
5897,2018-11-08,0,3,1,1,0,0,0,울산,중구,0,0,0,0,0,2,0,129.3092,35.5551,울산중구,0,2,0,0,0,205,1,1
5898,2018-05-12,1,5,1,1,0,0,0,울산,중구,0,0,5,0,0,1,0,129.3315,35.5569,울산중구,0,1,0,1,0,205,1,1
5899,2018-07-24,0,1,1,2,1,0,0,울산,중구,0,0,1,0,0,0,0,129.3071,35.5541,울산중구,0,0,0,0,0,205,1,0
5902,2018-03-18,0,6,1,2,1,0,0,울산,남구,0,0,0,1,3,0,0,129.3422,35.54,울산남구,0,0,0,1,0,213,1,1
5903,2018-05-23,0,2,1,1,0,0,0,울산,남구,0,0,0,0,0,0,0,129.3194,35.5061,울산남구,0,0,0,0,0,213,1,1
5904,2018-02-18,0,6,1,1,0,0,0,울산,남구,0,0,0,0,0,0,0,129.3197,35.5353,울산남구,0,0,0,1,0,213,1,1
5907,2018-10-05,0,4,1,1,0,0,0,울산,울주군,0,1,0,1,3,0,0,129.158,35.631,울산울주군,0,0,0,0,0,17,1,1
5908,2018-08-01,0,2,1,1,0,0,0,울산,울주군,0,0,0,0,0,1,0,129.1238,35.5735,울산울주군,0,1,0,0,0,17,1,1
5911,2018-12-14,0,4,1,1,0,0,0,경기,의정부시,0,0,0,1,2,2,0,127.0649,37.7476,경기의정부시,0,2,0,0,0,64,1,1
5912,2018-02-25,0,6,1,1,0,0,0,경기,의정부시,0,1,0,1,1,0,0,127.0621,37.7358,경기의정부시,0,0,0,1,0,64,1,1
5914,2018-11-03,1,5,1,1,0,0,0,경기,고양시,0,0,3,1,2,2,0,126.7699,37.6636,경기고양시,0,2,0,1,0,40,1,1
5915,2018-08-25,0,5,1,1,0,0,0,경기,고양시,0,1,0,1,1,0,0,126.8002,37.6615,경기고양시,0,0,0,1,0,40,1,1
5916,2018-01-03,0,2,1,2,0,1,0,경기,고양시,0,0,0,0,0,4,0,126.7752,37.6562,경기고양시,0,4,0,0,0,40,1,1
5919,2018-03-27,0,1,1,1,0,0,0,경기,남양주시,0,0,0,1,1,0,0,127.1966,37.5959,경기남양주시,0,0,0,0,0,70,1,1
5921,2018-08-13,1,0,1,1,0,0,0,경기,남양주시,0,0,0,1,1,2,0,127.2438,37.653,경기남양주시,0,2,0,0,0,70,1,1
5923,2018-12-18,1,1,1,1,0,0,0,경기,남양주시,0,0,0,1,1,1,0,127.1971,37.7405,경기남양주시,0,1,0,0,0,70,1,1
5924,2018-11-29,1,3,1,1,0,0,0,경기,파주시,0,0,3,1,3,0,0,126.7889,37.7858,경기파주시,0,0,0,0,0,175,1,1
5927,2018-03-21,1,2,1,1,0,0,0,경기,파주시,0,0,0,0,0,0,0,126.7226,37.7286,경기파주시,0,0,0,0,0,175,1,1
5930,2018-03-23,0,4,1,1,0,0,0,경기,양주시,0,0,0,1,2,0,0,127.0825,37.8013,경기양주시,0,0,0,0,0,59,1,1
5931,2018-09-29,1,5,1,1,0,0,0,경기,포천시,0,0,0,1,1,2,0,127.2737,38.0901,경기포천시,0,2,0,1,0,171,1,1
5934,2018-05-10,1,3,1,1,0,0,0,경기,연천군,0,0,0,1,1,0,0,127.0664,38.0341,경기연천군,0,0,0,0,0,106,1,1
5935,2018-09-17,0,0,1,1,0,0,0,경기,고양시,0,0,3,0,0,8,0,126.7603,37.6828,경기고양시,0,8,0,0,0,40,1,1
5936,2018-04-06,0,4,1,1,0,0,0,경기,고양시,0,0,2,0,0,0,0,126.7711,37.6808,경기고양시,0,0,0,0,0,40,1,1
5939,2018-02-15,0,3,1,1,0,0,0,서울,중구,0,0,0,0,0,2,0,126.9727,37.5557,서울중구,0,2,0,1,0,8,1,1
5941,2018-05-31,0,3,1,1,0,0,0,서울,용산구,0,2,0,0,0,4,0,126.9551,37.5273,서울용산구,0,4,0,0,0,134,1,1
5943,2018-04-10,0,1,1,1,0,0,0,서울,강북구,0,1,0,1,2,0,0,127.0105,37.6457,서울강북구,0,0,0,0,0,200,1,1
5944,2018-11-17,0,5,1,1,0,0,0,서울,동대문구,0,1,0,0,0,0,0,127.0428,37.5817,서울동대문구,0,0,0,1,0,201,1,1
5945,2018-03-07,0,2,1,1,0,0,0,서울,동대문구,0,0,0,1,3,0,0,127.045,37.5799,서울동대문구,0,0,0,0,0,201,1,1
5949,2018-03-15,0,3,1,1,0,0,0,서울,영등포구,0,0,2,0,0,1,0,126.9,37.5061,서울영등포구,0,1,0,0,0,150,1,1
5950,2018-07-03,1,1,1,1,0,0,0,서울,금천구,0,2,0,1,1,3,0,126.8995,37.4646,서울금천구,0,3,0,0,0,109,1,1
5952,2018-09-13,1,3,1,1,0,0,0,서울,성동구,0,0,1,1,1,1,0,127.0544,37.5376,서울성동구,0,1,0,0,0,84,1,0
5953,2018-04-17,1,1,1,1,0,0,0,서울,동작구,0,2,0,0,0,2,0,126.951,37.5068,서울동작구,0,2,0,0,0,93,1,1
5954,2018-12-21,1,4,1,1,0,0,0,서울,강남구,0,0,0,0,0,1,0,127.0473,37.507,서울강남구,0,1,0,0,0,89,1,1
5955,2018-12-23,0,6,1,1,0,0,0,서울,강남구,0,0,3,0,0,0,0,127.0562,37.5219,서울강남구,0,0,0,1,0,89,1,1
5956,2018-03-20,0,1,1,1,0,0,0,서울,강남구,0,0,0,0,0,0,0,127.0368,37.5102,서울강남구,0,0,0,0,0,89,1,1
5957,2018-01-12,0,4,1,1,0,0,0,서울,강서구,0,2,0,1,2,0,0,126.7996,37.5795,서울강서구,0,0,0,0,0,43,1,1
5958,2018-07-23,0,0,1,1,0,0,0,서울,강동구,0,1,0,0,0,0,0,127.1281,37.537,서울강동구,0,0,0,0,0,91,1,1
5959,2018-01-22,1,0,1,1,0,0,0,서울,강동구,0,1,0,0,0,0,0,127.1262,37.5466,서울강동구,0,0,0,0,0,91,1,1
5962,2018-10-29,1,0,1,1,0,0,0,서울,성북구,0,2,2,2,4,0,0,127.0356,37.5957,서울성북구,0,0,0,0,0,167,1,1
5963,2018-06-04,1,0,1,1,0,0,0,서울,성북구,0,0,0,1,1,2,0,127.0473,37.6079,서울성북구,0,2,0,0,0,167,1,1
5964,2018-12-20,1,3,1,1,0,0,0,서울,구로구,0,1,0,1,1,3,0,126.8494,37.4993,서울구로구,0,3,0,0,0,79,1,1