index,발생년월일,주야,요일,사망자수,사상자수,중상자수,경상자수,부상신고자수,발생지시도,발생지시군구,사고유형_대분류,사고유형_중분류,법규위반,도로형태_대분류,도로형태,당사자종별_1당_대분류,당사자종별_2당_대분류,경도,위도,발생지,사고피해정도,사고차량타입,도시여부,주말/공휴일,인구수,발생지번호,보행자의위치,무단횡단여부
6429,2018-04-05,0,3,1,1,0,0,0,서울,서초구,0,0,0,0,0,1,0,127.0069,37.495,서울서초구,0,1,0,0,0,214,1,1
6432,2018-11-20,1,1,1,1,0,0,0,서울,양천구,0,0,1,1,3,3,0,126.8443,37.5202,서울양천구,0,3,0,0,0,140,1,0
6433,2018-03-26,0,0,1,1,0,0,0,서울,양천구,0,0,0,0,0,0,0,126.8517,37.5227,서울양천구,0,0,0,0,0,140,1,1
6434,2018-12-25,0,1,1,1,0,0,0,서울,양천구,0,2,0,0,0,3,0,126.8324,37.5252,서울양천구,0,3,0,1,0,140,1,1
6436,2018-10-11,1,3,1,1,0,0,0,서울,도봉구,0,1,0,1,3,2,0,127.0395,37.6564,서울도봉구,0,2,0,0,0,98,1,1
6438,2018-02-27,0,1,1,1,0,0,0,서울,서초구,0,1,0,0,0,0,0,126.9815,37.4785,서울서초구,0,0,0,0,0,214,1,1
6440,2018-09-11,0,1,1,1,0,0,0,부산,중구,0,0,1,0,0,1,0,129.0239,35.1004,부산중구,0,1,0,0,0,228,1,0
6441,2018-08-25,0,5,1,1,0,0,0,부산,남구,0,0,1,0,0,0,0,129.1124,35.1224,부산남구,0,0,0,1,0,180,1,0
6442,2018-02-02,0,4,1,1,0,0,0,부산,북구,0,0,3,1,1,0,0,129.0076,35.1965,부산북구,0,0,0,0,0,118,1,1
6443,2018-05-12,1,5,1,1,0,0,0,부산,북구,0,0,3,0,0,1,0,129.0084,35.2204,부산북구,0,1,0,1,0,118,1,1
6444,2018-11-02,1,4,1,1,0,0,0,부산,해운대구,0,2,0,0,0,1,0,129.134,35.1999,부산해운대구,0,1,0,0,0,1,1,1
6446,2018-03-30,0,4,1,1,0,0,0,부산,해운대구,0,0,0,0,0,0,0,129.1481,35.1613,부산해운대구,0,0,0,0,0,1,1,1
6448,2018-12-01,1,5,1,1,0,0,0,부산,부산진구,0,0,2,1,1,0,0,129.0384,35.17,부산부산진구,0,0,0,1,0,163,1,1
6449,2018-03-08,1,3,1,1,0,0,0,부산,연제구,0,2,0,0,0,0,0,129.0811,35.1882,부산연제구,0,0,0,0,0,221,1,1
6453,2018-09-13,0,3,1,1,0,0,0,부산,사상구,0,1,1,1,1,0,0,128.9829,35.1547,부산사상구,0,0,0,0,0,120,1,0
6456,2018-10-16,1,1,1,1,0,0,0,경기,안성시,0,2,0,1,2,2,0,127.1493,36.9978,경기안성시,0,2,0,0,0,23,1,1
6458,2018-07-06,1,4,1,1,0,0,0,경기,안성시,0,1,0,0,0,0,0,127.2591,37.1354,경기안성시,0,0,0,0,0,23,1,1
6460,2018-08-31,0,4,1,1,0,0,0,경기,이천시,0,2,0,1,2,2,0,127.4848,37.334,경기이천시,0,2,0,0,0,41,1,1
6462,2018-06-07,0,3,1,2,1,0,0,경기,여주시,0,3,0,1,2,0,0,127.6718,37.3043,경기여주시,0,0,0,0,0,22,0,0
6463,2018-09-09,0,6,1,1,0,0,0,경기,용인시,0,2,0,0,0,1,0,127.2414,37.3168,경기용인시,0,1,0,1,0,51,1,1
6464,2018-07-03,0,1,1,1,0,0,0,경기,용인시,0,0,0,0,0,1,0,127.2408,37.3124,경기용인시,0,1,0,0,0,51,1,1
6472,2018-09-11,1,1,1,1,0,0,0,경기,양평군,0,0,0,0,0,0,0,127.6708,37.5481,경기양평군,0,0,0,0,0,48,1,1
6477,2018-09-14,0,4,1,1,0,0,0,경기,부천시,0,0,0,1,3,2,0,126.7563,37.4885,경기부천시,0,2,0,0,0,65,1,1
6480,2018-09-25,0,1,1,1,0,0,0,경기,안산시,0,0,0,1,1,0,0,126.8366,37.3166,경기안산시,0,0,0,1,0,2,1,1
6481,2018-10-21,1,6,1,1,0,0,0,경기,안산시,0,1,0,1,1,1,0,126.5765,37.249,경기안산시,0,1,0,1,0,2,1,1
6482,2018-05-28,1,0,1,1,0,0,0,경기,안산시,0,0,0,0,0,0,0,126.7732,37.3357,경기안산시,0,0,0,0,0,2,1,1
6485,2018-03-22,0,3,1,1,0,0,0,경기,수원시,0,2,0,0,0,0,0,127.0775,37.2581,경기수원시,0,0,0,0,0,99,1,1
6486,2018-09-20,0,3,1,1,0,0,0,경기,군포시,0,0,0,0,0,1,0,126.9452,37.3507,경기군포시,0,1,0,0,0,126,1,1
6488,2018-06-20,0,2,1,1,0,0,0,경기,시흥시,0,1,0,0,0,0,0,126.7887,37.4313,경기시흥시,0,0,0,0,0,73,1,1
6490,2018-12-24,1,0,1,1,0,0,0,경기,시흥시,0,0,1,1,3,1,0,126.7266,37.3457,경기시흥시,0,1,0,0,0,73,1,0
6501,2018-08-03,0,4,1,1,0,0,0,경기,화성시,0,0,3,1,2,2,0,126.9693,37.2139,경기화성시,0,2,0,0,0,50,1,1
6503,2018-01-16,0,1,1,1,0,0,0,경기,화성시,0,2,0,0,0,0,0,126.8429,37.1887,경기화성시,0,0,0,0,0,50,1,1
6504,2018-03-07,0,2,1,1,0,0,0,경기,화성시,0,0,0,0,0,0,0,126.8906,37.1747,경기화성시,0,0,0,0,0,50,1,1
6505,2018-05-02,0,2,1,1,0,0,0,경기,하남시,0,0,3,1,3,2,0,127.2223,37.5364,경기하남시,0,2,0,0,0,67,1,1
6506,2018-10-23,1,1,1,1,0,0,0,경기,부천시,0,0,0,1,1,1,0,126.8035,37.5161,경기부천시,0,1,0,0,0,65,1,1
6508,2018-07-03,1,1,1,1,0,0,0,경기,용인시,0,0,3,1,1,2,0,127.123,37.33,경기용인시,0,2,0,0,0,51,1,1
6509,2018-04-28,0,5,1,1,0,0,0,경기,용인시,0,0,0,0,0,0,0,127.125,37.2917,경기용인시,0,0,0,1,0,51,1,1
6512,2018-10-17,1,2,1,1,0,0,0,강원,춘천시,0,1,0,0,0,1,0,127.7356,37.88,강원춘천시,0,1,0,0,0,111,1,1
6513,2018-04-16,0,0,1,1,0,0,0,강원,강릉시,0,0,3,0,0,2,0,128.9142,37.7638,강원강릉시,0,2,0,0,0,194,1,1
6519,2018-10-20,0,5,1,1,0,0,0,강원,강릉시,0,0,0,0,0,0,0,129.0478,37.6172,강원강릉시,0,0,0,1,0,194,1,1
6528,2018-10-08,0,0,1,1,0,0,0,강원,정선군,0,0,0,1,2,1,0,128.6712,37.3736,강원정선군,0,1,0,0,0,198,1,1
6530,2018-10-08,0,0,1,1,0,0,0,강원,정선군,0,2,0,0,0,0,0,128.8919,37.203,강원정선군,0,0,0,0,0,198,1,1
6533,2018-04-04,0,2,1,3,2,0,0,강원,횡성군,0,0,0,0,0,2,0,127.9839,37.4903,강원횡성군,1,2,0,0,0,31,1,1
6535,2018-11-23,1,4,1,1,0,0,0,강원,양구군,0,0,0,1,1,1,0,127.9871,38.1061,강원양구군,0,1,0,0,0,115,1,1
6537,2018-02-05,1,0,1,1,0,0,0,충북,청주시,0,1,0,0,0,1,0,127.4805,36.6307,충북청주시,0,1,0,0,0,83,1,1
6551,2018-08-08,0,2,1,1,0,0,0,충북,단양군,0,1,1,2,4,1,0,128.3713,36.9858,충북단양군,0,1,0,0,0,204,1,0
6552,2018-10-26,1,4,1,1,0,0,0,충북,진천군,0,1,2,1,1,0,0,127.4068,36.8256,충북진천군,0,0,0,0,0,60,1,1
6555,2018-05-01,0,1,1,1,0,0,0,충북,청주시,0,0,2,1,1,0,0,127.4353,36.6671,충북청주시,0,0,0,0,0,83,1,1
6558,2018-05-08,1,1,1,1,0,0,0,충북,청주시,0,0,0,0,0,1,0,127.36,36.587,충북청주시,0,1,0,0,0,83,1,1
6559,2018-08-25,1,5,1,1,0,0,0,충북,청주시,0,2,0,0,0,0,0,127.4867,36.6281,충북청주시,0,0,0,1,0,83,1,1
6568,2018-11-24,0,5,1,1,0,0,0,충남,서산시,0,0,0,0,0,0,0,126.4458,36.777,충남서산시,0,0,0,1,0,69,1,1
6569,2018-12-12,1,2,1,1,0,0,0,충남,서산시,0,1,0,1,2,0,0,126.538,36.7256,충남서산시,0,0,0,0,0,69,1,1
6570,2018-03-20,0,1,1,1,0,0,0,충남,천안시,0,0,0,1,2,0,0,127.1377,36.826,충남천안시,0,0,0,0,0,63,1,1
6571,2018-07-20,1,4,1,1,0,0,0,충남,천안시,0,0,0,1,3,0,0,127.1157,36.8015,충남천안시,0,0,0,0,0,63,1,1
6573,2018-12-21,1,4,1,1,0,0,0,충남,천안시,0,1,0,0,0,1,0,127.1305,36.9555,충남천안시,0,1,0,0,0,63,1,1
6584,2018-11-15,1,3,1,1,0,0,0,충남,보령시,0,0,0,0,0,0,0,126.483,36.5068,충남보령시,0,0,0,0,0,136,1,1
6587,2018-02-06,0,1,1,1,0,0,0,충남,보령시,0,0,0,0,0,0,0,126.6613,36.3905,충남보령시,0,0,0,0,0,136,1,1
6589,2018-09-25,0,1,1,1,0,0,0,세종,세종,0,1,0,1,1,1,0,127.1534,36.7209,세종세종,0,1,1,1,0,229,1,1
6592,2018-01-08,0,0,1,1,0,0,0,충남,예산군,0,0,1,0,0,0,0,126.6728,36.7046,충남예산군,0,0,0,0,0,187,1,0
6596,2018-09-23,0,6,1,1,0,0,0,충남,부여군,0,2,0,0,0,1,0,126.9798,36.3332,충남부여군,0,1,0,1,0,129,1,1
6597,2018-01-05,1,4,1,1,0,0,0,충남,부여군,0,1,5,0,0,0,0,126.8473,36.3138,충남부여군,0,0,0,0,0,129,1,1
6600,2018-04-26,1,3,1,1,0,0,0,충남,당진시,0,0,2,0,0,0,0,126.7093,36.8464,충남당진시,0,0,0,0,0,46,1,1
6603,2018-04-09,1,0,1,1,0,0,0,충남,금산군,0,0,3,1,1,0,0,127.4732,36.1771,충남금산군,0,0,0,0,0,68,1,1
6605,2018-01-16,0,1,1,1,0,0,0,충남,청양군,0,0,2,0,0,1,0,126.852,36.3968,충남청양군,0,1,0,0,0,174,1,1
6606,2018-03-04,1,6,1,1,0,0,0,충남,청양군,0,0,0,1,2,0,0,126.716,36.4283,충남청양군,0,0,0,1,0,174,1,1
6607,2018-10-19,1,4,1,1,0,0,0,충남,청양군,0,1,0,0,0,0,0,126.8068,36.3871,충남청양군,0,0,0,0,0,174,1,1
6608,2018-09-20,0,3,1,1,0,0,0,충남,청양군,0,0,2,0,0,0,0,126.8018,36.414,충남청양군,0,0,0,0,0,174,1,1
6611,2018-09-13,0,3,1,2,1,0,0,대전,동구,0,1,0,2,4,1,0,127.4741,36.3462,대전동구,0,1,0,0,0,80,1,1
6618,2018-06-25,0,0,1,1,0,0,0,전북,군산시,0,0,0,0,0,1,0,126.6885,35.9659,전북군산시,0,1,0,0,0,166,1,1
6619,2018-01-25,0,3,1,1,0,0,0,전북,군산시,0,2,0,0,0,0,0,126.7366,35.9652,전북군산시,0,0,0,0,0,166,1,1
6625,2018-05-12,1,5,1,1,0,0,0,전북,익산시,0,0,0,0,0,0,0,126.9789,35.9298,전북익산시,0,0,0,1,0,125,1,1
6633,2018-10-21,1,6,1,1,0,0,0,전북,김제시,0,1,0,0,0,1,0,127.003,35.7922,전북김제시,0,1,0,1,0,34,1,1
6634,2018-10-19,1,4,1,1,0,0,0,전북,남원시,0,1,0,2,4,0,0,127.3775,35.4064,전북남원시,0,0,0,0,0,193,1,1
6635,2018-10-09,1,1,1,1,0,0,0,전북,남원시,0,0,0,1,2,1,0,127.3861,35.409,전북남원시,0,1,0,1,0,193,1,1
6639,2018-06-14,1,3,1,1,0,0,0,전북,부안군,0,0,2,0,0,1,0,126.7155,35.7141,전북부안군,0,1,0,0,0,185,1,1
6647,2018-08-18,1,5,1,1,0,0,0,전남,신안군,0,1,0,0,0,0,0,126.1505,34.8619,전남신안군,0,0,0,1,0,132,1,1
6648,2018-03-17,1,5,1,1,0,0,0,전남,목포시,0,1,0,1,1,1,0,126.4182,34.8116,전남목포시,0,1,0,1,0,153,1,1
6651,2018-12-13,1,3,1,1,0,0,0,전남,여수시,0,0,0,0,0,1,0,127.6602,34.7861,전남여수시,0,1,0,0,0,102,1,1
6652,2018-04-11,0,2,1,1,0,0,0,전남,여수시,0,0,3,0,0,0,0,127.6547,34.7726,전남여수시,0,0,0,0,0,102,1,1
6655,2018-12-23,0,6,1,1,0,0,0,전남,순천시,0,1,2,0,0,0,0,127.4884,34.9404,전남순천시,0,0,0,1,0,27,1,1
6657,2018-08-10,0,4,1,1,0,0,0,전남,순천시,0,0,0,1,3,0,0,127.4921,34.9489,전남순천시,0,0,0,0,0,27,1,1
6658,2018-11-05,0,0,1,1,0,0,0,전남,나주시,0,3,0,0,0,1,0,126.8117,35.0333,전남나주시,0,1,0,0,0,33,0,0
6660,2018-03-02,0,4,1,2,0,1,0,전남,나주시,0,1,0,0,0,0,0,126.8151,35.0404,전남나주시,0,0,0,0,0,33,1,1
6661,2018-01-26,0,4,1,1,0,0,0,전남,나주시,0,0,1,1,3,2,0,126.714,34.9968,전남나주시,0,2,0,0,0,33,1,0
6666,2018-03-17,1,5,1,1,0,0,0,전남,영광군,0,0,0,0,0,2,0,126.5015,35.276,전남영광군,0,2,0,1,0,127,1,1
6669,2018-06-20,1,2,1,1,0,0,0,전남,영암군,0,2,0,0,0,1,0,126.6985,34.8158,전남영암군,0,1,0,0,0,16,1,1
6673,2018-09-06,0,3,1,1,0,0,0,전남,강진군,0,0,0,0,0,0,0,126.7148,34.7341,전남강진군,0,0,0,0,0,121,1,1
6675,2018-12-22,0,5,1,1,0,0,0,전남,곡성군,0,3,0,0,0,1,0,127.3008,35.2938,전남곡성군,0,1,0,1,0,147,0,0
6676,2018-12-07,0,4,1,1,0,0,0,전남,완도군,0,2,0,0,0,0,0,126.7304,34.3337,전남완도군,0,0,0,0,0,141,1,1
6680,2018-02-13,1,1,1,1,0,0,0,전남,완도군,0,0,0,0,0,1,0,126.5733,34.1758,전남완도군,0,1,0,0,0,141,1,1
6686,2018-12-27,0,3,1,1,0,0,0,전남,광양시,0,1,0,0,0,0,0,127.5626,34.9871,전남광양시,0,0,0,0,0,130,1,1
6696,2018-08-23,0,3,1,1,0,0,0,경북,포항시,0,1,0,1,1,0,0,129.397,36.0822,경북포항시,0,0,0,0,0,160,1,1
6697,2018-09-06,0,3,1,1,0,0,0,경북,포항시,0,0,0,0,0,0,0,129.3594,36.0512,경북포항시,0,0,0,0,0,160,1,1
6698,2018-01-22,1,0,1,1,0,0,0,경북,포항시,0,0,0,0,0,0,0,129.3668,36.0367,경북포항시,0,0,0,0,0,160,1,1
6705,2018-11-30,1,4,1,1,0,0,0,경북,상주시,0,3,0,1,1,1,0,128.2273,36.4444,경북상주시,0,1,0,0,0,58,0,0
6708,2018-02-27,1,1,1,1,0,0,0,경북,상주시,0,0,0,0,0,1,0,128.1725,36.4165,경북상주시,0,1,0,0,0,58,1,1
6710,2018-10-08,1,0,1,1,0,0,0,경북,상주시,0,0,0,0,0,0,0,127.9576,36.4458,경북상주시,0,0,0,0,0,58,1,1
6712,2018-09-19,0,2,1,1,0,0,0,경북,영주시,0,0,0,1,2,0,0,128.6267,36.8067,경북영주시,0,0,0,0,0,113,1,1
6714,2018-08-31,1,4,1,1,0,0,0,경북,칠곡군,0,0,1,1,3,0,0,128.5093,36.0499,경북칠곡군,0,0,0,0,0,21,1,0
6717,2018-12-15,1,5,1,1,0,0,0,경북,문경시,0,2,1,1,1,1,0,128.1141,36.7204,경북문경시,0,1,0,1,0,74,1,0
6720,2018-10-23,1,1,1,1,0,0,0,경북,경산시,0,0,0,1,1,0,0,128.7391,35.804,경북경산시,0,0,0,0,0,52,1,1
6722,2018-03-16,0,4,1,1,0,0,0,경북,경산시,0,0,0,0,0,2,0,128.8225,35.8965,경북경산시,0,2,0,0,0,52,1,1
6725,2018-02-11,0,6,1,1,0,0,0,경북,청도군,0,2,0,0,0,0,0,128.7653,35.5975,경북청도군,0,0,0,1,0,3,1,1
6731,2018-07-01,0,6,1,1,0,0,0,경북,구미시,0,0,0,0,0,0,0,128.3213,36.1378,경북구미시,0,0,0,1,0,144,1,1
6734,2018-12-13,1,3,1,1,0,0,0,경북,구미시,0,0,1,1,1,2,0,128.3239,36.1319,경북구미시,0,2,0,0,0,144,1,0
6736,2018-03-06,0,1,1,1,0,0,0,경북,구미시,0,0,0,0,0,0,0,128.4105,36.0911,경북구미시,0,0,0,0,0,144,1,1
6737,2018-01-17,1,2,1,1,0,0,0,경북,포항시,0,0,0,0,0,1,0,129.4288,35.9904,경북포항시,0,1,0,0,0,160,1,1
6738,2018-05-10,1,3,1,1,0,0,0,경북,포항시,0,2,0,0,0,0,0,129.4741,35.9894,경북포항시,0,0,0,0,0,160,1,1
6739,2018-09-12,0,2,1,1,0,0,0,경북,포항시,0,1,2,0,0,0,0,129.379,35.9925,경북포항시,0,0,0,0,0,160,1,1
6740,2018-08-14,0,1,1,2,1,0,0,경북,영천시,0,1,2,0,0,0,0,128.8187,36.0352,경북영천시,0,0,0,0,0,5,1,1
6750,2018-03-23,1,4,1,1,0,0,0,경남,진주시,0,0,1,0,0,2,0,128.0933,35.1747,경남진주시,0,2,0,0,0,42,1,0
6751,2018-07-16,1,0,1,1,0,0,0,경남,창원시(통합),0,3,0,0,0,2,0,128.7852,35.1255,경남창원시(통합),0,2,0,0,0,86,0,0
6753,2018-03-15,1,3,1,1,0,0,0,경남,창원시(통합),0,4,1,1,3,5,0,128.8078,35.1047,경남창원시(통합),0,5,0,0,0,86,0,0
6755,2018-07-17,0,1,1,1,0,0,0,경남,통영시,0,1,0,0,0,1,0,128.421,34.863,경남통영시,0,1,0,0,0,212,1,1
6756,2018-06-03,0,6,1,2,0,1,0,경남,통영시,0,0,1,1,3,0,0,128.4244,34.8447,경남통영시,0,0,0,1,0,212,1,0
6758,2018-06-03,0,6,1,1,0,0,0,경남,사천시,0,0,1,1,3,0,0,128.0847,34.93,경남사천시,0,0,0,1,0,57,1,0
6759,2018-04-12,1,3,1,1,0,0,0,경남,사천시,0,0,0,2,4,1,0,128.045,34.9994,경남사천시,0,1,0,0,0,57,1,1
6760,2018-01-04,1,3,1,1,0,0,0,경남,김해시,0,3,0,0,0,0,0,128.8547,35.2326,경남김해시,0,0,0,0,0,13,0,0
6766,2018-03-11,0,6,1,1,0,0,0,경남,하동군,0,1,0,0,0,1,0,127.6327,35.2069,경남하동군,0,1,0,1,0,172,1,1
6767,2018-11-03,1,5,1,1,0,0,0,경남,하동군,0,0,0,0,0,0,0,127.9069,35.0206,경남하동군,0,0,0,1,0,172,1,1
6769,2018-09-19,0,2,1,1,0,0,0,경남,거제시,0,2,0,0,0,2,0,128.4802,34.8595,경남거제시,0,2,0,0,0,15,1,1
6771,2018-06-10,0,6,1,1,0,0,0,경남,산청군,0,0,1,0,0,0,0,127.778,35.2666,경남산청군,0,0,0,1,0,224,1,0
6777,2018-12-12,0,2,1,1,0,0,0,경남,함안군,0,2,0,1,1,1,0,128.4321,35.3648,경남함안군,0,1,0,0,0,117,1,1
6778,2018-09-28,0,4,1,1,0,0,0,경남,함안군,0,1,0,0,0,1,0,128.3025,35.2782,경남함안군,0,1,0,0,0,117,1,1
6779,2018-10-26,0,4,1,1,0,0,0,경남,함안군,0,2,0,0,0,0,0,128.4095,35.2588,경남함안군,0,0,0,0,0,117,1,1
6781,2018-04-20,0,4,1,1,0,0,0,경남,창원시(통합),0,2,0,0,0,0,0,128.6584,35.2392,경남창원시(통합),0,0,0,0,0,86,1,1
6783,2018-04-12,0,3,1,1,0,0,0,경남,창원시(통합),0,0,3,1,2,1,0,128.585,35.2419,경남창원시(통합),0,1,0,0,0,86,1,1
6784,2018-01-22,0,0,1,1,0,0,0,경남,창원시(통합),0,0,3,1,2,0,0,128.6264,35.2429,경남창원시(통합),0,0,0,0,0,86,1,1
6785,2018-07-29,0,6,1,1,0,0,0,경남,창원시(통합),0,0,0,1,2,0,0,128.6461,35.236,경남창원시(통합),0,0,0,1,0,86,1,1
6786,2018-10-30,1,1,1,1,0,0,0,경남,창원시(통합),0,2,0,0,0,1,0,128.6414,35.2303,경남창원시(통합),0,1,0,0,0,86,1,1
6788,2018-10-01,0,0,1,1,0,0,0,경남,창원시(통합),0,0,1,1,3,0,0,128.6084,35.251,경남창원시(통합),0,0,0,0,0,86,1,0
6794,2018-06-13,0,2,1,1,0,0,0,제주,제주시,0,1,0,1,1,0,0,126.5169,33.4924,제주제주시,0,0,0,1,0,90,1,1
6798,2018-12-20,0,3,1,1,0,0,0,제주,서귀포시,0,0,0,1,1,0,0,126.414,33.2551,제주서귀포시,0,0,0,0,0,62,1,1
6799,2018-01-08,1,0,1,2,0,0,1,제주,서귀포시,0,1,0,1,1,0,0,126.3468,33.3186,제주서귀포시,0,0,0,0,0,62,1,1
6803,2018-12-20,0,3,1,1,0,0,0,제주,서귀포시,0,1,0,0,0,0,0,126.3397,33.2497,제주서귀포시,0,0,0,0,0,62,1,1
6806,2018-03-05,0,0,1,1,0,0,0,대구,남구,0,1,0,1,2,0,0,128.5786,35.8415,대구남구,0,0,0,0,0,145,1,1
6808,2018-04-06,0,4,1,1,0,0,0,대구,동구,0,3,0,0,0,0,0,128.6411,35.8842,대구동구,0,0,0,0,0,26,0,0
6809,2018-10-07,0,6,1,1,0,0,0,대구,동구,0,0,0,2,4,0,0,128.704,35.9548,대구동구,0,0,0,1,0,26,1,1
6811,2018-01-17,0,2,1,1,0,0,0,대구,수성구,0,0,0,0,0,0,0,128.712,35.8382,대구수성구,0,0,0,0,0,37,1,1
6812,2018-08-20,0,0,1,1,0,0,0,대구,달서구,0,0,2,0,0,0,0,128.5442,35.8297,대구달서구,0,0,0,0,0,20,1,1
6816,2018-09-04,0,1,1,1,0,0,0,대구,달성군,0,0,0,1,2,0,0,128.447,35.6889,대구달성군,0,0,0,0,0,30,1,1
6819,2018-11-12,0,0,1,1,0,0,0,대구,서구,0,1,0,2,4,1,0,128.5564,35.8878,대구서구,0,1,0,0,0,107,1,1
6824,2018-01-22,1,0,1,1,0,0,0,인천,중구,0,1,0,0,0,2,0,126.4536,37.4432,인천중구,0,2,0,0,0,72,1,1
6826,2018-08-12,1,6,1,1,0,0,0,인천,남구,0,0,1,1,3,2,0,126.6644,37.4428,인천남동구,0,2,0,1,0,29,1,0
6828,2018-02-24,0,5,1,1,0,0,0,인천,남구,0,2,0,0,0,0,0,126.694,37.4596,인천남동구,0,0,0,1,0,29,1,1
6829,2018-09-26,0,2,1,1,0,0,0,인천,남동구,0,0,3,0,0,0,0,126.7006,37.4463,인천남동구,0,0,0,1,0,29,1,1
6832,2018-10-29,0,0,1,1,0,0,0,인천,연수구,0,0,0,1,2,2,0,126.6873,37.4117,인천연수구,0,2,0,0,0,35,1,1
6837,2018-09-18,1,1,1,1,0,0,0,광주,남구,0,1,4,0,0,2,0,126.8958,35.1389,광주남구,0,2,0,0,0,190,1,1
6838,2018-12-24,1,0,1,1,0,0,0,광주,북구,0,0,0,0,0,1,0,126.9153,35.1868,광주북구,0,1,0,0,0,137,1,1
6840,2018-02-22,0,3,1,1,0,0,0,광주,북구,0,1,0,0,0,0,0,126.9075,35.1678,광주북구,0,0,0,0,0,137,1,1
6841,2018-05-29,0,1,1,2,0,1,0,광주,광산구,0,0,0,0,0,0,0,126.8269,35.1789,광주광산구,0,0,0,0,0,135,1,1
6844,2018-01-20,1,5,1,1,0,0,0,광주,광산구,0,0,0,0,0,0,0,126.7922,35.1384,광주광산구,0,0,0,1,0,135,1,1
6846,2018-12-28,1,4,1,1,0,0,0,대전,중구,0,1,3,1,3,0,0,127.3972,36.3185,대전중구,0,0,0,0,0,39,1,1
6848,2018-01-27,0,5,1,1,0,0,0,대전,동구,0,0,2,0,0,0,0,127.444,36.3481,대전동구,0,0,0,1,0,80,1,1
6849,2018-04-17,0,1,1,1,0,0,0,대전,동구,0,2,0,0,0,0,0,127.4325,36.3466,대전동구,0,0,0,0,0,80,1,1
6852,2018-01-19,0,4,1,1,0,0,0,대전,서구,0,0,2,1,3,0,0,127.3903,36.3577,대전서구,0,0,0,0,0,4,1,1
6854,2018-03-28,0,2,1,1,0,0,0,대전,유성구,0,0,0,0,0,0,0,127.3245,36.3464,대전유성구,0,0,0,0,0,148,1,1
6857,2018-07-06,0,4,1,1,0,0,0,울산,남구,0,0,0,0,0,0,0,129.2675,35.535,울산남구,0,0,0,0,0,213,1,1
6858,2018-01-07,0,6,1,1,0,0,0,울산,남구,0,0,3,1,1,0,0,129.354,35.5422,울산남구,0,0,0,1,0,213,1,1
6859,2018-12-01,0,5,1,1,0,0,0,울산,남구,0,0,0,1,2,0,0,129.2599,35.5433,울산남구,0,0,0,1,0,213,1,1
6860,2018-09-07,0,4,1,1,0,0,0,울산,남구,0,0,0,0,0,0,0,129.326,35.5368,울산남구,0,0,0,0,0,213,1,1
6861,2018-12-11,1,1,1,1,0,0,0,울산,북구,0,1,0,0,0,1,0,129.4056,35.6538,울산북구,0,1,0,0,0,158,1,1
6866,2018-03-12,0,0,1,1,0,0,0,울산,울주군,0,0,0,1,2,0,0,129.2071,35.462,울산울주군,0,0,0,0,0,17,1,1
6869,2018-12-20,0,3,1,1,0,0,0,경기,의정부시,0,0,1,1,2,1,0,127.0301,37.7557,경기의정부시,0,1,0,0,0,64,1,0
6870,2018-12-03,1,0,1,1,0,0,0,경기,고양시,0,1,5,1,3,1,0,126.807,37.6403,경기고양시,0,1,0,0,0,40,1,1
6871,2018-08-10,0,4,1,1,0,0,0,경기,고양시,0,2,0,0,0,0,0,126.8744,37.638,경기고양시,0,0,0,0,0,40,1,1
6872,2018-06-22,1,4,1,1,0,0,0,경기,고양시,0,0,3,1,3,0,0,126.7726,37.6567,경기고양시,0,0,0,0,0,40,1,1
6873,2018-12-15,0,5,1,1,0,0,0,경기,고양시,0,2,0,1,2,0,0,126.7846,37.6773,경기고양시,0,0,0,1,0,40,1,1
6875,2018-11-02,1,4,1,1,0,0,0,경기,남양주시,0,4,1,1,3,1,0,127.2053,37.6325,경기남양주시,0,1,0,0,0,70,0,0
6876,2018-12-22,1,5,1,2,0,1,0,경기,남양주시,0,0,0,1,2,1,0,127.1646,37.7019,경기남양주시,0,1,0,1,0,70,1,1
6879,2018-10-02,0,1,1,1,0,0,0,경기,파주시,0,0,0,0,0,0,0,126.8252,37.8313,경기파주시,0,0,0,0,0,175,1,1
6880,2018-02-05,0,0,1,1,0,0,0,경기,파주시,0,0,0,0,0,0,0,126.8689,37.8462,경기파주시,0,0,0,0,0,175,1,1
6883,2018-09-11,0,1,1,1,0,0,0,경기,구리시,0,1,0,0,0,0,0,127.1347,37.5938,경기구리시,0,0,0,0,0,165,1,1
6884,2018-07-15,0,6,1,1,0,0,0,경기,구리시,0,2,2,0,0,1,0,127.1313,37.5943,경기구리시,0,1,0,1,0,165,1,1
6891,2017-01-01,0,6,1,1,0,0,0,서울,송파구,0,0,0,1,2,0,0,127.1331,37.4987,서울송파구,0,0,0,1,0,156,1,1
6894,2017-01-01,0,6,1,1,0,0,0,서울,금천구,0,1,0,0,0,0,0,126.8981,37.4729,서울금천구,0,0,0,1,0,109,1,1
6895,2017-01-01,0,6,1,2,1,0,0,강원,춘천시,0,0,0,0,0,0,0,127.741,37.8718,강원춘천시,0,0,0,1,0,111,1,1
6896,2017-01-01,0,6,1,1,0,0,0,경기,화성시,0,0,0,0,0,0,0,127.0395,37.2132,경기화성시,0,0,0,1,0,50,1,1
6901,2017-01-02,0,0,1,2,0,1,0,울산,울주군,0,2,2,0,0,0,0,129.2914,35.4627,울산울주군,0,0,0,0,0,17,1,1
6902,2017-01-02,0,0,1,1,0,0,0,서울,은평구,0,0,1,1,1,0,0,126.9154,37.6191,서울은평구,0,0,0,0,0,139,1,0