index,발생년월일,주야,요일,사망자수,사상자수,중상자수,경상자수,부상신고자수,발생지시도,발생지시군구,사고유형_대분류,사고유형_중분류,법규위반,도로형태_대분류,도로형태,당사자종별_1당_대분류,당사자종별_2당_대분류,경도,위도,발생지,사고피해정도,사고차량타입,도시여부,주말/공휴일,인구수,발생지번호,보행자의위치,무단횡단여부
6903,2017-01-02,1,0,1,1,0,0,0,전북,전주시,0,0,1,1,1,0,0,127.1345,35.7868,전북전주시,0,0,0,0,0,11,1,0
6904,2017-01-02,1,0,1,1,0,0,0,충남,예산군,0,0,0,1,2,0,0,126.6616,36.6942,충남예산군,0,0,0,0,0,187,1,1
6905,2017-01-02,1,0,1,1,0,0,0,제주,제주시,0,0,1,0,0,1,0,126.5364,33.5138,제주제주시,0,1,0,0,0,90,1,0
6909,2017-01-02,1,0,1,1,0,0,0,경북,울진군,0,0,0,0,0,2,0,129.3716,37.093,경북울진군,0,2,0,0,0,208,1,1
6913,2017-01-02,1,0,1,1,0,0,0,경기,안성시,0,1,0,0,0,0,0,127.2627,37.1071,경기안성시,0,0,0,0,0,23,1,1
6914,2017-01-02,1,0,1,1,0,0,0,경남,남해군,0,0,0,1,2,1,0,128.0262,34.9072,경남남해군,0,1,0,0,0,197,1,1
6917,2017-01-03,0,1,1,1,0,0,0,강원,원주시,0,0,1,1,2,0,0,127.9574,37.3479,강원원주시,0,0,0,0,0,36,1,0
6920,2017-01-03,1,1,1,1,0,0,0,경남,산청군,0,3,0,1,2,1,0,127.8506,35.2715,경남산청군,0,1,0,0,0,224,0,0
6921,2017-01-03,1,1,1,1,0,0,0,경기,안성시,0,1,0,0,0,0,0,127.3055,37.0624,경기안성시,0,0,0,0,0,23,1,1
6923,2017-01-03,1,1,1,1,0,0,0,제주,제주시,0,0,0,0,0,1,0,126.8665,33.5142,제주제주시,0,1,0,0,0,90,1,1
6924,2017-01-03,0,1,1,1,0,0,0,경기,평택시,0,0,0,0,0,2,0,126.9675,37.5634,경기평택시,0,2,0,0,0,14,1,1
6925,2017-01-03,0,1,1,1,0,0,0,제주,제주시,0,0,0,0,0,1,0,126.5514,33.4529,제주제주시,0,1,0,0,0,90,1,1
6926,2017-01-03,0,1,1,1,0,0,0,서울,관악구,0,0,0,0,0,1,0,126.9549,37.4812,서울관악구,0,1,0,0,0,188,1,1
6928,2017-01-03,0,1,1,1,0,0,0,전북,전주시,0,0,1,0,0,0,0,127.1194,35.8253,전북전주시,0,0,0,0,0,11,1,0
6929,2017-01-04,0,2,1,1,0,0,0,경기,수원시,0,0,0,1,1,0,0,126.9635,37.2449,경기수원시,0,0,0,0,0,99,1,1
6930,2017-01-04,0,2,1,1,0,0,0,경기,안양시,0,0,2,0,0,0,0,126.9333,37.3848,경기안양시,0,0,0,0,0,151,1,1
6935,2017-01-05,0,3,1,1,0,0,0,경남,진주시,0,1,0,1,1,0,0,128.1045,35.1561,경남진주시,0,0,0,0,0,42,1,1
6936,2017-01-05,0,3,1,1,0,0,0,경기,성남시,0,0,0,0,0,1,0,127.1201,37.3991,경기성남시,0,1,0,0,0,95,1,1
6941,2017-01-05,0,3,1,1,0,0,0,전북,익산시,0,0,0,0,0,0,0,126.9758,35.9398,전북익산시,0,0,0,0,0,125,1,1
6943,2017-01-05,0,3,1,1,0,0,0,강원,양양군,0,0,0,0,0,0,0,128.6089,38.1488,강원양양군,0,0,0,0,0,164,1,1
6944,2017-01-05,0,3,1,1,0,0,0,경북,경주시,0,0,0,0,0,0,0,129.3175,35.7876,경북경주시,0,0,0,0,0,100,1,1
6947,2017-01-05,0,3,1,1,0,0,0,경기,고양시,0,0,0,0,0,0,0,126.7658,37.6677,경기고양시,0,0,0,0,0,40,1,1
6948,2017-01-06,0,4,1,1,0,0,0,서울,성동구,0,0,0,0,0,1,0,127.0255,37.5473,서울성동구,0,1,0,0,0,84,1,1
6950,2017-01-06,1,4,1,1,0,0,0,서울,성북구,0,0,0,1,1,1,0,127.0382,37.6024,서울성북구,0,1,0,0,0,167,1,1
6951,2017-01-06,1,4,1,1,0,0,0,세종,세종,0,0,5,2,4,2,0,127.323,36.5609,세종세종,0,2,1,0,0,229,1,1
6955,2017-01-06,1,4,1,1,0,0,0,충북,진천군,0,0,0,0,0,1,0,127.4417,36.874,충북진천군,0,1,0,0,0,60,1,1
6956,2017-01-06,1,4,1,1,0,0,0,경북,경산시,0,0,0,1,2,0,0,128.7224,35.8167,경북경산시,0,0,0,0,0,52,1,1
6957,2017-01-06,0,4,1,1,0,0,0,경기,포천시,0,0,0,1,2,0,0,127.2208,37.9204,경기포천시,0,0,0,0,0,171,1,1
6959,2017-01-06,0,4,1,1,0,0,0,경기,수원시,0,2,0,1,2,1,0,127.0219,37.2564,경기수원시,0,1,0,0,0,99,1,1
6960,2017-01-07,0,5,1,1,0,0,0,경기,하남시,0,0,0,0,0,0,0,127.2255,37.5121,경기하남시,0,0,0,1,0,67,1,1
6961,2017-01-07,0,5,1,1,0,0,0,강원,춘천시,0,0,0,1,1,0,0,127.7393,37.9129,강원춘천시,0,0,0,1,0,111,1,1
6962,2017-01-07,0,5,1,1,0,0,0,인천,남동구,0,2,0,0,0,0,0,126.6979,37.4572,인천남동구,0,0,0,1,0,29,1,1
6965,2017-01-07,1,5,1,1,0,0,0,전남,여수시,0,0,0,0,0,0,0,127.6455,34.7318,전남여수시,0,0,0,1,0,102,1,1
6970,2017-01-08,0,6,1,2,0,1,0,광주,서구,0,0,2,0,0,0,0,126.8602,35.1624,광주서구,0,0,0,1,0,222,1,1
6974,2017-01-08,0,6,1,1,0,0,0,경기,부천시,0,0,0,1,1,0,0,126.7793,37.4912,경기부천시,0,0,0,1,0,65,1,1
6976,2017-01-08,0,6,1,1,0,0,0,경기,양주시,0,1,0,1,3,2,0,127.0267,37.7853,경기양주시,0,2,0,1,0,59,1,1
6977,2017-01-09,0,0,1,1,0,0,0,인천,계양구,0,0,0,1,1,0,0,126.7252,37.5434,인천계양구,0,0,0,0,0,7,1,1
6979,2017-01-09,1,0,1,1,0,0,0,전북,김제시,0,0,0,0,0,0,0,126.8978,35.8551,전북김제시,0,0,0,0,0,34,1,1
6987,2017-01-10,0,1,1,1,0,0,0,경북,포항시,0,0,5,1,2,0,0,129.3611,36.0358,경북포항시,0,0,0,0,0,160,1,1
6988,2017-01-10,0,1,1,1,0,0,0,전북,전주시,0,0,0,0,0,2,0,127.1235,35.844,전북전주시,0,2,0,0,0,11,1,1
6989,2017-01-10,1,1,1,1,0,0,0,전남,진도군,0,2,0,0,0,1,0,126.2395,34.4217,전남진도군,0,1,0,0,0,71,1,1
6992,2017-01-10,1,1,1,9,3,5,0,광주,서구,0,1,2,0,0,0,0,126.8867,35.1503,광주서구,2,0,0,0,0,222,1,1
6995,2017-01-10,0,1,1,1,0,0,0,경기,수원시,0,0,0,0,0,0,0,126.9994,37.2686,경기수원시,0,0,0,0,0,99,1,1
7000,2017-01-11,0,2,1,1,0,0,0,경기,남양주시,0,0,0,1,2,1,0,127.1919,37.7251,경기남양주시,0,1,0,0,0,70,1,1
7001,2017-01-11,0,2,1,1,0,0,0,대전,서구,0,0,1,1,1,0,0,127.387,36.3332,대전서구,0,0,0,0,0,4,1,0
7002,2017-01-11,1,2,1,1,0,0,0,부산,동래구,0,0,0,0,0,2,0,129.0952,35.1971,부산동래구,0,2,0,0,0,216,1,1
7006,2017-01-11,1,2,1,4,1,2,0,충남,서천군,0,3,0,0,0,2,0,126.7144,36.0996,충남서천군,1,2,0,0,0,10,0,0
7007,2017-01-11,0,2,1,1,0,0,0,경남,거제시,0,0,0,0,0,0,0,128.4791,34.8629,경남거제시,0,0,0,0,0,15,1,1
7008,2017-01-11,0,2,1,1,0,0,0,전남,담양군,0,1,0,0,0,0,0,127.0426,35.3433,전남담양군,0,0,0,0,0,181,1,1
7010,2017-01-12,0,3,1,1,0,0,0,전남,여수시,0,0,2,0,0,0,0,127.6752,34.7647,전남여수시,0,0,0,0,0,102,1,1
7013,2017-01-12,1,3,1,1,0,0,0,충북,진천군,0,0,0,2,4,1,0,127.4417,36.9892,충북진천군,0,1,0,0,0,60,1,1
7014,2017-01-12,0,3,1,1,0,0,0,충북,청주시,0,0,2,0,0,0,0,127.5769,36.5782,충북청주시,0,0,0,0,0,83,1,1
7017,2017-01-13,1,4,1,1,0,0,0,서울,동작구,0,0,3,1,1,2,0,126.9316,37.5133,서울동작구,0,2,0,0,0,93,1,1
7018,2017-01-13,1,4,1,2,0,1,0,충남,논산시,0,0,2,1,2,0,0,127.0863,36.1939,충남논산시,0,0,0,0,0,61,1,1
7019,2017-01-13,1,4,1,1,0,0,0,서울,서초구,0,0,0,1,2,5,0,126.9818,37.4772,서울서초구,0,5,0,0,0,214,1,1
7020,2017-01-13,1,4,1,1,0,0,0,충남,서산시,0,0,0,0,0,0,0,126.3891,36.7394,충남서산시,0,0,0,0,0,69,1,1
7022,2017-01-13,0,4,1,1,0,0,0,경기,안산시,0,0,3,1,2,2,0,126.7763,37.316,경기안산시,0,2,0,0,0,2,1,1
7023,2017-01-13,0,4,1,3,0,2,0,강원,평창군,0,0,0,0,0,0,0,128.3951,37.3712,강원평창군,0,0,0,0,0,24,1,1
7025,2017-01-14,0,5,1,1,0,0,0,대구,남구,0,1,0,0,0,0,0,128.5767,35.8387,대구남구,0,0,0,1,0,145,1,1
7026,2017-01-14,1,5,1,1,0,0,0,경기,안산시,0,1,2,0,0,1,0,126.8852,37.2937,경기안산시,0,1,0,1,0,2,1,1
7027,2017-01-14,1,5,1,1,0,0,0,전남,무안군,0,1,0,0,0,3,0,126.2966,35.1128,전남무안군,0,3,0,1,0,101,1,1
7028,2017-01-14,1,5,1,1,0,0,0,경기,오산시,0,0,0,0,0,0,0,127.0731,37.1555,경기오산시,0,0,0,1,0,143,1,1
7030,2017-01-14,1,5,2,2,0,0,0,경북,구미시,0,0,0,0,0,0,0,128.3356,36.1351,경북구미시,0,0,0,1,0,144,1,1
7032,2017-01-14,0,5,1,1,0,0,0,충남,홍성군,0,2,0,0,0,0,0,126.5488,36.6023,충남홍성군,0,0,0,1,0,38,1,1
7034,2017-01-14,0,5,1,3,2,0,0,광주,북구,0,0,2,0,0,0,0,126.8575,35.174,광주북구,1,0,0,1,0,137,1,1
7035,2017-01-15,0,6,1,1,0,0,0,전남,진도군,0,0,0,1,1,1,0,126.2672,34.4807,전남진도군,0,1,0,1,0,71,1,1
7036,2017-01-15,1,6,1,1,0,0,0,울산,남구,0,0,2,1,3,1,0,129.2578,35.5404,울산남구,0,1,0,1,0,213,1,1
7037,2017-01-15,1,6,1,1,0,0,0,전북,전주시,0,0,1,0,0,0,0,127.0815,35.865,전북전주시,0,0,0,1,0,11,1,0
7038,2017-01-15,1,6,1,1,0,0,0,경북,경주시,0,0,3,0,0,0,0,129.2488,35.8164,경북경주시,0,0,0,1,0,100,1,1
7039,2017-01-15,1,6,1,1,0,0,0,서울,양천구,0,0,3,0,0,0,0,126.8629,37.5466,서울양천구,0,0,0,1,0,140,1,1
7040,2017-01-15,1,6,1,1,0,0,0,전남,여수시,0,0,0,0,0,0,0,127.7305,34.7403,전남여수시,0,0,0,1,0,102,1,1
7042,2017-01-15,0,6,1,1,0,0,0,충남,청양군,0,1,0,0,0,0,0,126.7557,36.402,충남청양군,0,0,0,1,0,174,1,1
7043,2017-01-15,0,6,1,1,0,0,0,경북,김천시,0,1,0,0,0,5,0,128.261,36.1862,경북김천시,0,5,0,1,0,76,1,1
7046,2017-01-16,0,0,1,1,0,0,0,경남,창원시(통합),0,0,0,1,1,0,0,128.6893,35.279,경남창원시(통합),0,0,0,0,0,86,1,1
7048,2017-01-16,0,0,1,1,0,0,0,경기,구리시,0,0,0,0,0,0,0,127.1438,37.6022,경기구리시,0,0,0,0,0,165,1,1
7049,2017-01-16,1,0,1,1,0,0,0,서울,강서구,0,0,0,0,0,0,0,126.8487,37.5446,서울강서구,0,0,0,0,0,43,1,1
7050,2017-01-16,1,0,1,1,0,0,0,전북,장수군,0,0,2,1,1,2,0,127.4925,35.5583,전북장수군,0,2,0,0,0,155,1,1
7053,2017-01-16,1,0,1,1,0,0,0,충북,진천군,0,1,0,0,0,0,0,127.4369,36.851,충북진천군,0,0,0,0,0,60,1,1
7058,2017-01-16,1,0,1,1,0,0,0,대전,동구,0,0,1,0,0,1,0,127.4223,36.3472,대전동구,0,1,0,0,0,80,1,0
7060,2017-01-16,1,0,1,3,1,1,0,전남,여수시,0,1,0,0,0,1,0,127.7047,34.8944,전남여수시,0,1,0,0,0,102,1,1
7061,2017-01-16,1,0,1,1,0,0,0,광주,광산구,0,0,5,1,2,0,0,126.7969,35.135,광주광산구,0,0,0,0,0,135,1,1
7062,2017-01-16,0,0,1,1,0,0,0,경북,포항시,0,1,0,0,0,0,0,129.2377,36.0597,경북포항시,0,0,0,0,0,160,1,1
7063,2017-01-16,0,0,1,1,0,0,0,서울,관악구,0,0,0,0,0,0,0,126.9319,37.4877,서울관악구,0,0,0,0,0,188,1,1
7065,2017-01-17,0,1,1,1,0,0,0,강원,춘천시,0,0,0,0,0,0,0,127.7279,37.8672,강원춘천시,0,0,0,0,0,111,1,1
7066,2017-01-17,1,1,1,1,0,0,0,경기,광명시,0,2,0,0,0,1,0,126.8741,37.4593,경기광명시,0,1,0,0,0,81,1,1
7067,2017-01-17,1,1,1,1,0,0,0,서울,관악구,0,0,0,0,0,2,0,126.9126,37.4733,서울관악구,0,2,0,0,0,188,1,1
7072,2017-01-17,1,1,1,1,0,0,0,경기,고양시,0,0,0,1,2,2,0,126.8966,37.6537,경기고양시,0,2,0,0,0,40,1,1
7076,2017-01-17,0,1,1,1,0,0,0,경기,용인시,0,0,0,0,0,0,0,127.2351,37.3034,경기용인시,0,0,0,0,0,51,1,1
7078,2017-01-18,0,2,1,1,0,0,0,전북,전주시,0,4,1,0,0,0,0,127.1089,35.8191,전북전주시,0,0,0,0,0,11,0,0
7081,2017-01-18,1,2,1,1,0,0,0,경기,성남시,0,0,0,0,0,2,0,127.131,37.4293,경기성남시,0,2,0,0,0,95,1,1
7083,2017-01-18,1,2,1,1,0,0,0,전남,목포시,0,0,2,0,0,0,0,126.4234,34.8052,전남목포시,0,0,0,0,0,153,1,1
7084,2017-01-18,1,2,1,1,0,0,0,전남,영광군,0,0,0,0,0,0,0,126.4475,35.3569,전남영광군,0,0,0,0,0,127,1,1
7089,2017-01-18,1,2,1,1,0,0,0,서울,서대문구,0,0,0,0,0,0,0,126.9291,37.5722,서울서대문구,0,0,0,0,0,195,1,1
7092,2017-01-18,0,2,1,1,0,0,0,전북,익산시,0,0,1,1,3,1,0,126.9696,35.946,전북익산시,0,1,0,0,0,125,1,0
7093,2017-01-18,0,2,1,1,0,0,0,대구,동구,0,0,1,1,3,0,0,128.6168,35.8717,대구동구,0,0,0,0,0,26,1,0
7094,2017-01-18,0,2,1,1,0,0,0,인천,남동구,0,0,0,0,0,0,0,126.7356,37.4483,인천남동구,0,0,0,0,0,29,1,1
7100,2017-01-19,1,3,1,1,0,0,0,전남,무안군,0,0,0,0,0,1,0,126.4278,34.8546,전남무안군,0,1,0,0,0,101,1,1
7101,2017-01-19,1,3,1,1,0,0,0,경남,남해군,0,0,3,1,1,3,0,127.8769,34.8923,경남남해군,0,3,0,0,0,197,1,1
7103,2017-01-19,1,3,1,1,0,0,0,전남,장성군,0,0,0,1,3,2,0,126.6588,35.2614,전남장성군,0,2,0,0,0,146,1,1
7104,2017-01-19,1,3,1,1,0,0,0,경기,부천시,0,0,0,0,0,0,0,126.8174,37.4806,경기부천시,0,0,0,0,0,65,1,1
7105,2017-01-19,1,3,1,1,0,0,0,서울,마포구,0,2,0,0,0,2,0,126.9118,37.5487,서울마포구,0,2,0,0,0,159,1,1
7108,2017-01-19,0,3,1,1,0,0,0,경기,김포시,0,3,0,0,0,0,0,126.5822,37.6456,경기김포시,0,0,0,0,0,47,0,0
7118,2017-01-20,1,4,1,1,0,0,0,서울,영등포구,0,0,1,1,1,0,0,126.8983,37.5054,서울영등포구,0,0,0,0,0,150,1,0
7122,2017-01-20,1,4,1,1,0,0,0,대구,북구,0,0,0,0,0,0,0,128.5926,35.8925,대구북구,0,0,0,0,0,112,1,1
7125,2017-01-20,0,4,1,1,0,0,0,경기,광주시,0,1,0,0,0,0,0,127.2686,37.4043,경기광주시,0,0,0,0,0,9,1,1
7126,2017-01-20,0,4,1,1,0,0,0,인천,부평구,0,0,0,0,0,0,0,126.7284,37.4983,인천부평구,0,0,0,0,0,44,1,1
7127,2017-01-20,0,4,1,1,0,0,0,전남,여수시,0,1,0,0,0,0,0,127.7251,34.7389,전남여수시,0,0,0,0,0,102,1,1
7128,2017-01-20,0,4,1,1,0,0,0,경기,군포시,0,0,0,0,0,2,0,126.9432,37.3717,경기군포시,0,2,0,0,0,126,1,1
7131,2017-01-21,0,5,1,1,0,0,0,경기,안산시,0,2,0,0,0,0,0,126.9012,37.3014,경기안산시,0,0,0,1,0,2,1,1
7132,2017-01-21,0,5,1,1,0,0,0,부산,연제구,0,0,1,1,3,3,0,129.1073,35.1881,부산연제구,0,3,0,1,0,221,1,0
7133,2017-01-21,1,5,1,1,0,0,0,대구,서구,0,0,0,1,2,0,0,128.574,35.8626,대구서구,0,0,0,1,0,107,1,1
7136,2017-01-21,0,5,1,1,0,0,0,경기,성남시,0,0,1,1,3,2,0,127.1084,37.3852,경기성남시,0,2,0,1,0,95,1,0
7139,2017-01-22,0,6,1,1,0,0,0,서울,종로구,0,2,0,0,0,0,0,127.0042,37.5711,서울종로구,0,0,0,1,0,116,1,1
7147,2017-01-22,1,6,1,1,0,0,0,경기,화성시,0,1,0,0,0,2,0,126.9071,37.1374,경기화성시,0,2,0,1,0,50,1,1
7150,2017-01-22,0,6,1,1,0,0,0,경기,고양시,0,0,0,0,0,0,0,126.9053,37.7207,경기고양시,0,0,0,1,0,40,1,1
7151,2017-01-22,0,6,1,1,0,0,0,제주,제주시,0,4,1,1,3,0,0,126.4777,33.4875,제주제주시,0,0,0,1,0,90,0,0
7152,2017-01-22,0,6,1,1,0,0,0,충북,청주시,0,0,4,0,0,2,0,127.4322,36.6258,충북청주시,0,2,0,1,0,83,1,1
7153,2017-01-22,0,6,1,1,0,0,0,경남,거제시,0,1,0,0,0,0,0,128.7368,34.883,경남거제시,0,0,0,1,0,15,1,1
7154,2017-01-23,1,0,1,1,0,0,0,부산,사상구,0,0,2,1,2,0,0,128.9679,35.1259,부산사상구,0,0,0,0,0,120,1,1
7155,2017-01-23,1,0,1,1,0,0,0,전남,곡성군,0,0,0,1,1,1,0,127.3122,35.2868,전남곡성군,0,1,0,0,0,147,1,1
7156,2017-01-23,1,0,1,1,0,0,0,경남,진주시,0,0,1,0,0,1,0,128.0869,35.1938,경남진주시,0,1,0,0,0,42,1,0
7157,2017-01-23,1,0,1,1,0,0,0,인천,서구,0,1,0,0,0,0,0,126.6765,37.51,인천서구,0,0,0,0,0,97,1,1
7159,2017-01-23,1,0,1,1,0,0,0,부산,사상구,0,0,0,0,0,0,0,128.9942,35.1474,부산사상구,0,0,0,0,0,120,1,1
7161,2017-01-23,1,0,1,1,0,0,0,전남,화순군,0,1,1,1,3,0,0,126.9843,35.0621,전남화순군,0,0,0,0,0,88,1,0
7162,2017-01-23,0,0,1,1,0,0,0,충남,아산시,0,0,0,1,2,0,0,127.0313,36.9034,충남아산시,0,0,0,0,0,53,1,1
7164,2017-01-24,1,1,1,1,0,0,0,충남,아산시,0,0,0,0,0,0,0,127.0631,36.9266,충남아산시,0,0,0,0,0,53,1,1
7170,2017-01-24,1,1,1,1,0,0,0,강원,춘천시,0,1,0,0,0,0,0,127.7276,37.8697,강원춘천시,0,0,0,0,0,111,1,1
7171,2017-01-24,0,1,1,1,0,0,0,제주,제주시,0,0,1,1,2,0,0,126.8338,33.5338,제주제주시,0,0,0,0,0,90,1,0
7173,2017-01-25,0,2,2,2,0,0,0,인천,서구,0,0,1,1,3,0,0,126.6715,37.4935,인천서구,0,0,0,0,0,97,1,0
7174,2017-01-25,0,2,1,1,0,0,0,전북,전주시,0,0,0,0,0,0,0,127.1264,35.8375,전북전주시,0,0,0,0,0,11,1,1
7177,2017-01-25,1,2,1,1,0,0,0,전남,함평군,0,1,4,0,0,2,0,126.5165,35.0639,전남함평군,0,2,0,0,0,157,1,1
7178,2017-01-25,1,2,1,1,0,0,0,경남,창원시(통합),0,3,0,0,0,0,0,128.7294,35.3456,경남창원시(통합),0,0,0,0,0,86,0,0
7179,2017-01-25,0,2,1,1,0,0,0,전북,무주군,0,1,0,0,0,1,0,127.6816,35.8546,전북무주군,0,1,0,0,0,182,1,1
7180,2017-01-25,0,2,1,1,0,0,0,서울,강남구,0,0,0,0,0,0,0,127.0278,37.5196,서울강남구,0,0,0,0,0,89,1,1
7183,2017-01-26,0,3,1,1,0,0,0,경기,평택시,0,0,0,1,3,0,0,127.0646,37.0601,경기평택시,0,0,0,0,0,14,1,1
7184,2017-01-26,0,3,1,1,0,0,0,서울,동대문구,0,0,0,1,1,0,0,127.0337,37.5783,서울동대문구,0,0,0,0,0,201,1,1
7185,2017-01-26,0,3,1,1,0,0,0,경기,수원시,0,0,0,1,1,0,0,127.0136,37.2941,경기수원시,0,0,0,0,0,99,1,1
7186,2017-01-26,1,3,1,1,0,0,0,대구,수성구,0,0,1,1,2,0,0,128.6476,35.873,대구수성구,0,0,0,0,0,37,1,0
7187,2017-01-26,1,3,1,1,0,0,0,전북,전주시,0,0,1,1,2,0,0,127.1399,35.8317,전북전주시,0,0,0,0,0,11,1,0
7192,2017-01-26,1,3,1,1,0,0,0,부산,부산진구,0,0,1,0,0,3,0,129.0608,35.1578,부산부산진구,0,3,0,0,0,163,1,0
7194,2017-01-26,0,3,1,1,0,0,0,경기,김포시,0,0,0,1,1,2,0,126.7086,37.6271,경기김포시,0,2,0,0,0,47,1,1
7195,2017-01-26,0,3,1,1,0,0,0,경북,문경시,0,2,0,0,0,0,0,128.1266,36.6852,경북문경시,0,0,0,0,0,74,1,1
7196,2017-01-27,0,4,1,1,0,0,0,충남,아산시,0,1,5,0,0,0,0,126.9616,36.7853,충남아산시,0,0,0,1,0,53,1,1
7198,2017-01-27,0,4,1,1,0,0,0,전남,목포시,0,0,1,0,0,0,0,126.3875,34.7958,전남목포시,0,0,0,1,0,153,1,0
7200,2017-01-27,1,4,1,2,0,1,0,충북,청주시,0,0,0,0,0,0,0,127.4822,36.5854,충북청주시,0,0,0,1,0,83,1,1
7202,2017-01-27,1,4,1,1,0,0,0,경기,안성시,0,2,0,0,0,0,0,127.436,37.0856,경기안성시,0,0,0,1,0,23,1,1
7203,2017-01-27,0,4,1,1,0,0,0,충북,괴산군,0,0,0,1,2,0,0,127.7966,36.8097,충북괴산군,0,0,0,1,0,179,1,1
7204,2017-01-27,0,4,1,1,0,0,0,서울,종로구,0,2,0,0,0,0,0,127.0073,37.5731,서울종로구,0,0,0,1,0,116,1,1
7205,2017-01-27,0,4,1,1,0,0,0,강원,원주시,0,0,0,0,0,0,0,127.9692,37.3169,강원원주시,0,0,0,1,0,36,1,1
7214,2017-01-29,0,6,1,1,0,0,0,경기,안산시,0,0,0,0,0,1,0,126.8203,37.3416,경기안산시,0,1,0,1,0,2,1,1
7219,2017-01-30,1,0,1,1,0,0,0,부산,북구,0,0,0,1,2,0,0,129.0031,35.2049,부산북구,0,0,0,0,0,118,1,1
7220,2017-01-30,0,0,1,1,0,0,0,서울,서초구,0,2,0,0,0,2,0,127.0211,37.4832,서울서초구,0,2,0,0,0,214,1,1
7221,2017-01-30,0,0,1,1,0,0,0,전북,정읍시,0,0,1,1,3,2,0,126.8543,35.5658,전북정읍시,0,2,0,0,0,12,1,0
7222,2017-01-30,0,0,1,1,0,0,0,경기,양주시,0,0,0,1,1,0,0,127.0426,37.8252,경기양주시,0,0,0,0,0,59,1,1
7225,2017-01-31,1,1,1,1,0,0,0,광주,서구,0,0,3,0,0,0,0,126.8805,35.1527,광주서구,0,0,0,0,0,222,1,1
7228,2017-01-31,1,1,1,2,1,0,0,대전,서구,0,0,3,0,0,1,0,127.3824,36.3144,대전서구,0,1,0,0,0,4,1,1
7229,2017-01-31,1,1,1,1,0,0,0,전남,완도군,0,0,0,1,1,1,0,126.8047,34.3965,전남완도군,0,1,0,0,0,141,1,1
7232,2017-02-01,1,2,1,1,0,0,0,경기,화성시,0,3,0,0,0,0,0,126.9133,37.0793,경기화성시,0,0,0,0,0,50,0,0
7238,2017-02-01,0,2,1,1,0,0,0,서울,도봉구,0,0,0,0,0,1,0,127.045,37.6775,서울도봉구,0,1,0,0,0,98,1,1
7242,2017-02-02,0,3,1,1,0,0,0,충북,청주시,0,0,0,0,0,1,0,127.44,36.6753,충북청주시,0,1,0,0,0,83,1,1
7243,2017-02-02,1,3,1,1,0,0,0,부산,해운대구,0,0,0,0,0,0,0,129.1648,35.1618,부산해운대구,0,0,0,0,0,1,1,1
7244,2017-02-02,1,3,1,1,0,0,0,경남,함안군,0,4,0,0,0,3,0,128.5248,35.3472,경남함안군,0,3,0,0,0,117,0,0
7250,2017-02-02,0,3,1,1,0,0,0,경기,동두천시,0,0,0,0,0,0,0,127.0644,37.9048,경기동두천시,0,0,0,0,0,94,1,1
7253,2017-02-02,0,3,1,1,0,0,0,경기,안양시,0,2,0,1,1,0,0,126.9058,37.4256,경기안양시,0,0,0,0,0,151,1,1
7255,2017-02-02,0,3,1,1,0,0,0,경기,남양주시,0,0,0,1,2,1,0,127.1626,37.6923,경기남양주시,0,1,0,0,0,70,1,1
7257,2017-02-03,0,4,1,1,0,0,0,서울,동대문구,0,0,0,0,0,0,0,127.069,37.5903,서울동대문구,0,0,0,0,0,201,1,1
7260,2017-02-03,1,4,1,1,0,0,0,경기,남양주시,0,0,4,0,0,1,0,127.1591,37.5972,경기남양주시,0,1,0,0,0,70,1,1
7262,2017-02-03,1,4,1,1,0,0,0,인천,강화군,0,0,0,0,0,1,0,126.4488,37.7082,인천강화군,0,1,0,0,0,92,1,1
7265,2017-02-03,0,4,1,1,0,0,0,울산,울주군,0,0,0,0,0,1,0,129.1804,35.4584,울산울주군,0,1,0,0,0,17,1,1
7267,2017-02-03,0,4,1,1,0,0,0,충북,보은군,0,0,0,0,0,0,0,127.7037,36.4654,충북보은군,0,0,0,0,0,32,1,1
7274,2017-02-04,1,5,1,1,0,0,0,부산,사상구,0,0,3,1,3,1,0,128.9804,35.1905,부산사상구,0,1,0,1,0,120,1,1
7278,2017-02-04,0,5,1,1,0,0,0,제주,서귀포시,0,0,0,1,2,0,0,126.527,33.2574,제주서귀포시,0,0,0,1,0,62,1,1
7280,2017-02-04,0,5,1,1,0,0,0,경기,용인시,0,0,1,1,3,2,0,127.2092,37.2335,경기용인시,0,2,0,1,0,51,1,0
7282,2017-02-04,0,5,1,1,0,0,0,충북,제천시,0,0,1,0,0,0,0,128.0814,36.9144,충북제천시,0,0,0,1,0,103,1,0
7286,2017-02-05,0,6,1,1,0,0,0,충남,천안시,0,1,0,0,0,0,0,127.128,36.9579,충남천안시,0,0,0,1,0,63,1,1
7288,2017-02-05,1,6,1,1,0,0,0,충남,아산시,0,0,0,1,3,0,0,127.0528,36.7776,충남아산시,0,0,0,1,0,53,1,1
7289,2017-02-05,1,6,1,1,0,0,0,충북,충주시,0,0,1,1,1,0,0,127.9265,36.9729,충북충주시,0,0,0,1,0,6,1,0
7291,2017-02-05,0,6,1,1,0,0,0,광주,광산구,0,0,0,0,0,0,0,126.7947,35.1615,광주광산구,0,0,0,1,0,135,1,1
7292,2017-02-06,0,0,1,1,0,0,0,경기,평택시,0,0,0,2,4,0,0,127.0706,37.0289,경기평택시,0,0,0,0,0,14,1,1