index,발생년월일,주야,요일,사망자수,사상자수,중상자수,경상자수,부상신고자수,발생지시도,발생지시군구,사고유형_대분류,사고유형_중분류,법규위반,도로형태_대분류,도로형태,당사자종별_1당_대분류,당사자종별_2당_대분류,경도,위도,발생지,사고피해정도,사고차량타입,도시여부,주말/공휴일,인구수,발생지번호,보행자의위치,무단횡단여부
7293,2017-02-06,0,0,1,1,0,0,0,충북,청주시,0,0,0,1,3,0,0,127.4393,36.6328,충북청주시,0,0,0,0,0,83,1,1
7294,2017-02-06,1,0,1,1,0,0,0,인천,서구,0,0,0,1,2,1,0,126.661,37.4991,인천서구,0,1,0,0,0,97,1,1
7295,2017-02-06,1,0,1,1,0,0,0,충북,충주시,0,3,0,0,0,2,0,127.8386,36.9662,충북충주시,0,2,0,0,0,6,0,0
7296,2017-02-06,0,0,1,1,0,0,0,제주,제주시,0,0,5,0,0,0,0,126.5904,33.4888,제주제주시,0,0,0,0,0,90,1,1
7299,2017-02-07,1,1,1,1,0,0,0,제주,제주시,0,0,3,0,0,0,0,126.5259,33.5131,제주제주시,0,0,0,0,0,90,1,1
7302,2017-02-07,1,1,1,1,0,0,0,경남,밀양시,0,0,0,1,1,1,0,128.8013,35.4065,경남밀양시,0,1,0,0,0,177,1,1
7305,2017-02-07,0,1,1,1,0,0,0,경남,창원시(통합),0,0,0,1,3,2,0,128.6708,35.1527,경남창원시(통합),0,2,0,0,0,86,1,1
7306,2017-02-07,0,1,1,1,0,0,0,경기,평택시,0,0,0,1,2,0,0,127.0868,36.9923,경기평택시,0,0,0,0,0,14,1,1
7308,2017-02-07,0,1,1,1,0,0,0,전북,정읍시,0,2,0,0,0,1,0,126.8281,35.5704,전북정읍시,0,1,0,0,0,12,1,1
7310,2017-02-08,1,2,1,1,0,0,0,부산,부산진구,0,0,4,0,0,1,0,129.0524,35.1612,부산부산진구,0,1,0,0,0,163,1,1
7319,2017-02-09,1,3,1,1,0,0,0,경기,안산시,0,0,0,0,0,0,0,126.813,37.3066,경기안산시,0,0,0,0,0,2,1,1
7321,2017-02-09,1,3,1,1,0,0,0,경북,의성군,0,0,0,1,3,2,0,128.694,36.3553,경북의성군,0,2,0,0,0,105,1,1
7322,2017-02-09,0,3,1,1,0,0,0,경기,군포시,0,0,0,1,1,2,0,126.9411,37.3762,경기군포시,0,2,0,0,0,126,1,1
7323,2017-02-10,0,4,1,1,0,0,0,경남,거제시,0,2,0,0,0,0,0,128.6901,34.8706,경남거제시,0,0,0,0,0,15,1,1
7327,2017-02-10,1,4,1,1,0,0,0,전남,여수시,0,0,0,1,1,1,0,127.6731,34.7614,전남여수시,0,1,0,0,0,102,1,1
7328,2017-02-10,1,4,1,1,0,0,0,경기,동두천시,0,1,0,0,0,2,0,127.0619,37.9002,경기동두천시,0,2,0,0,0,94,1,1
7330,2017-02-10,1,4,1,1,0,0,0,경남,창녕군,0,0,0,0,0,1,0,128.4623,35.6376,경남창녕군,0,1,0,0,0,211,1,1
7333,2017-02-10,0,4,1,1,0,0,0,전북,군산시,0,0,0,0,0,0,0,126.7057,35.976,전북군산시,0,0,0,0,0,166,1,1
7334,2017-02-10,0,4,1,1,0,0,0,경북,포항시,0,0,0,1,3,0,0,129.3512,35.9901,경북포항시,0,0,0,0,0,160,1,1
7337,2017-02-11,0,5,1,1,0,0,0,경기,남양주시,0,0,0,0,0,0,0,127.31,37.651,경기남양주시,0,0,0,1,0,70,1,1
7338,2017-02-11,0,5,1,1,0,0,0,서울,종로구,0,2,3,1,1,0,0,126.9772,37.5705,서울종로구,0,0,0,1,0,116,1,1
7339,2017-02-11,0,5,1,1,0,0,0,부산,동구,0,0,0,1,3,0,0,129.0447,35.124,부산동구,0,0,0,1,0,209,1,1
7340,2017-02-11,0,5,1,1,0,0,0,경기,시흥시,0,0,0,1,3,0,0,126.7412,37.3522,경기시흥시,0,0,0,1,0,73,1,1
7341,2017-02-11,1,5,1,1,0,0,0,서울,강남구,0,0,0,1,1,0,0,127.0451,37.523,서울강남구,0,0,0,1,0,89,1,1
7343,2017-02-12,0,6,1,1,0,0,0,경기,평택시,0,0,1,1,3,0,0,127.0548,37.0706,경기평택시,0,0,0,1,0,14,1,0
7346,2017-02-12,0,6,1,1,0,0,0,서울,광진구,0,0,2,1,1,0,0,127.0873,37.5622,서울광진구,0,0,0,1,0,183,1,1
7349,2017-02-12,1,6,1,1,0,0,0,서울,서초구,0,2,2,0,0,0,0,127.0192,37.516,서울서초구,0,0,0,1,0,214,1,1
7351,2017-02-12,1,6,1,1,0,0,0,강원,강릉시,0,0,0,0,0,1,0,128.8913,37.8179,강원강릉시,0,1,0,1,0,194,1,1
7352,2017-02-12,0,6,1,1,0,0,0,경기,여주시,0,1,2,0,0,0,0,127.5705,37.2574,경기여주시,0,0,0,1,0,22,1,1
7353,2017-02-12,0,6,1,1,0,0,0,울산,북구,0,0,0,1,2,0,0,129.3395,35.6622,울산북구,0,0,0,1,0,158,1,1
7355,2017-02-12,0,6,1,1,0,0,0,경기,부천시,0,0,0,1,1,0,0,126.7994,37.482,경기부천시,0,0,0,1,0,65,1,1
7356,2017-02-12,0,6,1,1,0,0,0,세종,세종,0,3,0,0,0,0,0,127.2991,36.5955,세종세종,0,0,1,1,0,229,0,0
7365,2017-02-13,0,0,1,1,0,0,0,서울,관악구,0,1,0,0,0,0,0,126.9099,37.4813,서울관악구,0,0,0,0,0,188,1,1
7367,2017-02-14,0,1,1,1,0,0,0,부산,부산진구,0,0,0,0,0,0,0,129.0684,35.1695,부산부산진구,0,0,0,0,0,163,1,1
7371,2017-02-14,1,1,1,2,1,0,0,경북,경주시,0,0,0,0,0,1,0,129.211,35.8708,경북경주시,0,1,0,0,0,100,1,1
7374,2017-02-14,0,1,1,1,0,0,0,충남,당진시,0,0,0,0,0,0,0,126.7593,36.9561,충남당진시,0,0,0,0,0,46,1,1
7375,2017-02-14,0,1,1,2,1,0,0,경북,칠곡군,0,3,0,0,0,0,0,128.4369,36.0302,경북칠곡군,0,0,0,0,0,21,0,0
7376,2017-02-14,0,1,1,1,0,0,0,울산,울주군,0,0,0,0,0,0,0,129.2705,35.5903,울산울주군,0,0,0,0,0,17,1,1
7377,2017-02-14,0,1,1,1,0,0,0,광주,서구,0,1,0,0,0,0,0,126.8483,35.1527,광주서구,0,0,0,0,0,222,1,1
7379,2017-02-14,0,1,1,1,0,0,0,광주,광산구,0,0,0,0,0,1,0,126.8498,35.2176,광주광산구,0,1,0,0,0,135,1,1
7381,2017-02-15,1,2,1,1,0,0,0,충남,아산시,0,0,0,0,0,1,0,126.8935,36.8757,충남아산시,0,1,0,0,0,53,1,1
7382,2017-02-15,1,2,1,1,0,0,0,전북,익산시,0,0,5,0,0,0,0,126.9447,35.9332,전북익산시,0,0,0,0,0,125,1,1
7384,2017-02-15,0,2,1,1,0,0,0,경북,포항시,0,0,0,1,1,0,0,129.3286,36.0461,경북포항시,0,0,0,0,0,160,1,1
7385,2017-02-15,0,2,1,1,0,0,0,대구,서구,0,0,0,1,1,0,0,128.5481,35.8795,대구서구,0,0,0,0,0,107,1,1
7386,2017-02-15,0,2,1,1,0,0,0,인천,서구,0,0,0,0,0,0,0,126.6821,37.4973,인천서구,0,0,0,0,0,97,1,1
7387,2017-02-16,0,3,1,1,0,0,0,대전,서구,0,2,0,0,0,1,0,127.3669,36.358,대전서구,0,1,0,0,0,4,1,1
7388,2017-02-16,0,3,1,1,0,0,0,경남,김해시,0,2,0,0,0,0,0,128.7652,35.1821,경남김해시,0,0,0,0,0,13,1,1
7389,2017-02-16,0,3,1,1,0,0,0,경북,안동시,0,0,0,0,0,1,0,128.6676,36.4986,경북안동시,0,1,0,0,0,66,1,1
7392,2017-02-16,1,3,1,1,0,0,0,경기,용인시,0,0,0,0,0,1,0,127.1039,37.2576,경기용인시,0,1,0,0,0,51,1,1
7393,2017-02-16,1,3,1,1,0,0,0,대전,중구,0,0,1,1,1,2,0,127.3864,36.3199,대전중구,0,2,0,0,0,39,1,0
7394,2017-02-16,1,3,1,1,0,0,0,경기,파주시,0,0,0,1,1,0,0,126.7505,37.7227,경기파주시,0,0,0,0,0,175,1,1
7395,2017-02-16,1,3,1,1,0,0,0,경남,김해시,0,0,0,0,0,1,0,128.8636,35.2649,경남김해시,0,1,0,0,0,13,1,1
7396,2017-02-16,0,3,1,1,0,0,0,전남,순천시,0,0,0,1,2,0,0,127.4837,34.9686,전남순천시,0,0,0,0,0,27,1,1
7397,2017-02-16,0,3,2,3,0,1,0,충남,공주시,0,0,3,1,3,0,0,127.033,36.4507,충남공주시,1,0,0,0,0,19,1,1
7398,2017-02-16,0,3,1,1,0,0,0,전북,부안군,0,0,0,0,0,0,0,126.7905,35.7059,전북부안군,0,0,0,0,0,185,1,1
7405,2017-02-17,0,4,1,1,0,0,0,경남,밀양시,0,2,0,0,0,0,0,128.8439,35.4204,경남밀양시,0,0,0,0,0,177,1,1
7406,2017-02-18,0,5,1,1,0,0,0,경남,창원시(통합),0,0,0,1,3,0,0,128.7058,35.1526,경남창원시(통합),0,0,0,1,0,86,1,1
7410,2017-02-18,1,5,1,1,0,0,0,경북,청송군,0,3,0,0,0,0,0,129.074,36.3664,경북청송군,0,0,0,1,0,203,0,0
7411,2017-02-18,1,5,1,1,0,0,0,서울,동작구,0,1,0,0,0,3,0,126.9489,37.5031,서울동작구,0,3,0,1,0,93,1,1
7412,2017-02-18,1,5,1,1,0,0,0,경북,영천시,0,0,0,0,0,5,0,128.9935,35.931,경북영천시,0,5,0,1,0,5,1,1
7414,2017-02-18,1,5,1,1,0,0,0,경남,창원시(통합),0,0,2,1,2,0,0,128.5564,35.1991,경남창원시(통합),0,0,0,1,0,86,1,1
7417,2017-02-19,0,6,2,2,0,0,0,제주,제주시,0,0,0,0,0,0,0,126.5392,33.5064,제주제주시,0,0,0,1,0,90,1,1
7419,2017-02-19,0,6,1,1,0,0,0,경남,창원시(통합),0,1,0,0,0,0,0,128.5847,35.2415,경남창원시(통합),0,0,0,1,0,86,1,1
7426,2017-02-20,1,0,1,1,0,0,0,충북,괴산군,0,3,0,0,0,0,0,127.794,36.6799,충북괴산군,0,0,0,0,0,179,0,0
7427,2017-02-20,1,0,1,1,0,0,0,경기,용인시,0,0,0,1,2,0,0,127.2861,37.2331,경기용인시,0,0,0,0,0,51,1,1
7428,2017-02-20,0,0,1,1,0,0,0,서울,강북구,0,1,0,1,1,1,0,127.0332,37.6403,서울강북구,0,1,0,0,0,200,1,1
7429,2017-02-20,0,0,1,2,0,1,0,전북,군산시,0,0,2,1,1,0,0,126.6783,35.9753,전북군산시,0,0,0,0,0,166,1,1
7432,2017-02-20,0,0,1,1,0,0,0,인천,남구,0,0,0,0,0,2,0,126.6619,37.4662,인천남동구,0,2,0,0,0,29,1,1
7435,2017-02-21,1,1,1,1,0,0,0,경기,광주시,0,0,0,0,0,0,0,127.3423,37.3502,경기광주시,0,0,0,0,0,9,1,1
7438,2017-02-21,0,1,1,1,0,0,0,경북,경산시,0,1,0,1,1,0,0,128.8247,35.9124,경북경산시,0,0,0,0,0,52,1,1
7440,2017-02-21,0,1,1,1,0,0,0,경남,함안군,0,0,0,0,0,0,0,128.3943,35.2727,경남함안군,0,0,0,0,0,117,1,1
7441,2017-02-22,1,2,1,1,0,0,0,전북,군산시,0,0,0,1,1,0,0,126.6899,35.9579,전북군산시,0,0,0,0,0,166,1,1
7442,2017-02-22,1,2,1,1,0,0,0,충북,음성군,0,0,0,0,0,0,0,127.581,36.9596,충북음성군,0,0,0,0,0,110,1,1
7448,2017-02-22,0,2,1,1,0,0,0,충북,진천군,0,0,0,1,3,2,0,127.4412,36.8695,충북진천군,0,2,0,0,0,60,1,1
7451,2017-02-23,0,3,1,1,0,0,0,충북,제천시,0,0,2,0,0,0,0,128.2362,37.1646,충북제천시,0,0,0,0,0,103,1,1
7452,2017-02-23,0,3,1,1,0,0,0,서울,송파구,0,0,3,1,1,0,0,127.1456,37.4956,서울송파구,0,0,0,0,0,156,1,1
7453,2017-02-23,1,3,1,1,0,0,0,전북,김제시,0,0,1,1,3,0,0,126.8955,35.8041,전북김제시,0,0,0,0,0,34,1,0
7455,2017-02-23,1,3,1,1,0,0,0,서울,은평구,0,0,1,1,3,2,0,126.9188,37.6346,서울은평구,0,2,0,0,0,139,1,0
7460,2017-02-24,1,4,1,1,0,0,0,경기,평택시,0,0,1,1,3,2,0,126.9327,37.0439,경기평택시,0,2,0,0,0,14,1,0
7461,2017-02-24,1,4,1,1,0,0,0,서울,동작구,0,0,0,1,1,0,0,126.9379,37.4959,서울동작구,0,0,0,0,0,93,1,1
7466,2017-02-24,0,4,1,1,0,0,0,충북,충주시,0,0,3,1,3,0,0,127.8317,36.9706,충북충주시,0,0,0,0,0,6,1,1
7470,2017-02-25,0,5,1,1,0,0,0,부산,남구,0,0,0,1,2,1,0,129.076,35.1245,부산남구,0,1,0,1,0,180,1,1
7473,2017-02-25,1,5,1,1,0,0,0,경남,사천시,0,0,0,0,0,0,0,128.0801,34.9367,경남사천시,0,0,0,1,0,57,1,1
7475,2017-02-25,0,5,1,1,0,0,0,전북,전주시,0,0,2,1,1,0,0,127.0661,35.7907,전북전주시,0,0,0,1,0,11,1,1
7478,2017-02-26,0,6,1,1,0,0,0,충남,당진시,0,0,0,0,0,0,0,126.7876,36.9412,충남당진시,0,0,0,1,0,46,1,1
7479,2017-02-26,0,6,1,1,0,0,0,광주,북구,0,1,0,0,0,0,0,126.902,35.2033,광주북구,0,0,0,1,0,137,1,1
7482,2017-02-27,1,0,1,1,0,0,0,충남,서천군,0,2,0,0,0,0,0,126.8242,36.0983,충남서천군,0,0,0,0,0,10,1,1
7490,2017-02-27,0,0,1,1,0,0,0,서울,도봉구,0,2,0,2,4,1,0,127.0477,37.6518,서울도봉구,0,1,0,0,0,98,1,1
7491,2017-02-27,0,0,1,1,0,0,0,충북,증평군,0,0,0,1,1,1,0,127.5867,36.7881,충북증평군,0,1,0,0,0,138,1,1
7492,2017-02-27,0,0,1,1,0,0,0,서울,강서구,0,2,0,0,0,2,0,126.8507,37.5528,서울강서구,0,2,0,0,0,43,1,1
7495,2017-02-28,0,1,1,1,0,0,0,광주,북구,0,0,2,1,1,0,0,126.8734,35.1977,광주북구,0,0,0,0,0,137,1,1
7496,2017-02-28,1,1,1,1,0,0,0,경기,수원시,0,0,0,0,0,0,0,126.9715,37.3059,경기수원시,0,0,0,0,0,99,1,1
7503,2017-02-28,0,1,1,1,0,0,0,전북,전주시,0,0,0,1,2,0,0,127.1508,35.8793,전북전주시,0,0,0,0,0,11,1,1
7504,2017-02-28,0,1,1,1,0,0,0,경기,의왕시,0,0,2,0,0,0,0,126.9784,37.3413,경기의왕시,0,0,0,0,0,199,1,1
7508,2017-03-01,0,2,1,3,2,0,0,서울,강남구,0,0,2,0,0,0,0,127.0341,37.5001,서울강남구,1,0,0,1,0,89,1,1
7510,2017-03-01,0,2,1,1,0,0,0,서울,강동구,0,4,2,1,3,0,0,127.1291,37.5371,서울강동구,0,0,0,1,0,91,0,0
7511,2017-03-01,1,2,1,1,0,0,0,경북,구미시,0,0,0,1,2,2,0,128.352,36.1236,경북구미시,0,2,0,1,0,144,1,1
7513,2017-03-01,0,2,1,1,0,0,0,부산,사하구,0,0,0,1,1,0,0,128.9729,35.0769,부산사하구,0,0,0,1,0,25,1,1
7516,2017-03-01,0,2,1,1,0,0,0,경남,거제시,0,1,0,0,0,0,0,128.7044,34.8292,경남거제시,0,0,0,1,0,15,1,1
7517,2017-03-02,1,3,1,1,0,0,0,경기,수원시,0,0,0,0,0,1,0,127.0094,37.2867,경기수원시,0,1,0,0,0,99,1,1
7519,2017-03-02,1,3,1,2,0,1,0,서울,강동구,0,0,1,0,0,7,0,127.1332,37.5359,서울강동구,0,7,0,0,0,91,1,0
7523,2017-03-02,0,3,1,1,0,0,0,경북,울진군,0,0,0,0,0,0,0,129.4724,36.6966,경북울진군,0,0,0,0,0,208,1,1
7524,2017-03-02,0,3,1,1,0,0,0,경기,부천시,0,0,0,1,2,0,0,126.7848,37.5165,경기부천시,0,0,0,0,0,65,1,1
7526,2017-03-03,1,4,1,1,0,0,0,전남,장흥군,0,0,0,1,1,1,0,126.9753,34.5888,전남장흥군,0,1,0,0,0,56,1,1
7527,2017-03-03,1,4,1,1,0,0,0,광주,광산구,0,0,1,1,1,1,0,126.846,35.2135,광주광산구,0,1,0,0,0,135,1,0
7529,2017-03-03,1,4,1,1,0,0,0,경남,김해시,0,0,0,0,0,0,0,128.8052,35.1999,경남김해시,0,0,0,0,0,13,1,1
7530,2017-03-03,1,4,1,1,0,0,0,대구,수성구,0,0,0,1,2,3,0,128.6166,35.8133,대구수성구,0,3,0,0,0,37,1,1
7531,2017-03-03,1,4,1,1,0,0,0,경남,진주시,0,3,0,1,1,0,0,128.1159,35.193,경남진주시,0,0,0,0,0,42,0,0
7532,2017-03-03,0,4,1,1,0,0,0,경남,진주시,0,0,3,1,1,0,0,128.3258,35.1481,경남진주시,0,0,0,0,0,42,1,1
7534,2017-03-03,0,4,1,1,0,0,0,충북,청주시,0,0,0,0,0,4,0,127.4719,36.6535,충북청주시,0,4,0,0,0,83,1,1
7547,2017-03-05,1,6,1,1,0,0,0,경북,경주시,0,4,4,0,0,0,0,129.2257,35.8725,경북경주시,0,0,0,1,0,100,0,0
7549,2017-03-05,0,6,1,1,0,0,0,경북,안동시,0,0,0,0,0,0,0,128.6715,36.5782,경북안동시,0,0,0,1,0,66,1,1
7551,2017-03-05,0,6,1,1,0,0,0,충남,논산시,0,0,0,1,2,0,0,127.2176,36.2381,충남논산시,0,0,0,1,0,61,1,1
7559,2017-03-06,1,0,1,1,0,0,0,경기,남양주시,0,1,0,0,0,2,0,127.2428,37.6513,경기남양주시,0,2,0,0,0,70,1,1
7560,2017-03-06,1,0,1,1,0,0,0,경기,평택시,0,1,0,0,0,1,0,127.0965,37.0451,경기평택시,0,1,0,0,0,14,1,1
7562,2017-03-06,0,0,1,1,0,0,0,경기,오산시,0,0,1,1,3,3,0,127.0611,37.1705,경기오산시,0,3,0,0,0,143,1,0
7567,2017-03-07,0,1,1,1,0,0,0,경기,성남시,0,0,0,0,0,0,0,127.1669,37.4611,경기성남시,0,0,0,0,0,95,1,1
7568,2017-03-07,0,1,1,1,0,0,0,서울,관악구,0,0,0,1,2,0,0,126.9761,37.474,서울관악구,0,0,0,0,0,188,1,1
7575,2017-03-07,0,1,1,1,0,0,0,강원,원주시,0,0,0,0,0,2,0,127.9507,37.3374,강원원주시,0,2,0,0,0,36,1,1
7576,2017-03-07,0,1,1,1,0,0,0,울산,울주군,0,1,0,0,0,0,0,129.3094,35.4813,울산울주군,0,0,0,0,0,17,1,1
7578,2017-03-08,0,2,1,1,0,0,0,강원,평창군,0,1,0,0,0,0,0,128.6921,37.6785,강원평창군,0,0,0,0,0,24,1,1
7579,2017-03-08,0,2,1,1,0,0,0,경기,의정부시,0,0,2,0,0,0,0,127.0421,37.7073,경기의정부시,0,0,0,0,0,64,1,1
7585,2017-03-08,0,2,1,1,0,0,0,강원,평창군,0,0,0,0,0,0,0,128.4547,37.4888,강원평창군,0,0,0,0,0,24,1,1
7589,2017-03-09,0,3,1,1,0,0,0,대전,동구,0,0,0,1,2,1,0,127.4396,36.3333,대전동구,0,1,0,0,0,80,1,1
7591,2017-03-09,1,3,1,2,1,0,0,강원,춘천시,0,0,0,0,0,0,0,127.7273,37.8891,강원춘천시,0,0,0,0,0,111,1,1
7593,2017-03-09,0,3,1,1,0,0,0,전북,정읍시,0,0,0,0,0,0,0,126.8721,35.5557,전북정읍시,0,0,0,0,0,12,1,1
7597,2017-03-10,0,4,1,1,0,0,0,경기,화성시,0,2,0,0,0,1,0,126.7966,37.2028,경기화성시,0,1,0,0,0,50,1,1
7600,2017-03-10,1,4,1,1,0,0,0,충북,옥천군,0,2,2,0,0,0,0,127.5144,36.3371,충북옥천군,0,0,0,0,0,142,1,1
7601,2017-03-10,1,4,1,1,0,0,0,서울,마포구,0,0,0,1,3,5,0,126.9138,37.549,서울마포구,0,5,0,0,0,159,1,1
7603,2017-03-10,0,4,1,1,0,0,0,경북,안동시,0,3,0,0,0,0,0,128.7858,36.5514,경북안동시,0,0,0,0,0,66,0,0
7604,2017-03-10,0,4,1,1,0,0,0,전북,전주시,0,1,0,0,0,2,0,127.1445,35.8244,전북전주시,0,2,0,0,0,11,1,1
7605,2017-03-10,0,4,1,1,0,0,0,경북,경주시,0,2,0,0,0,1,0,129.3038,35.7718,경북경주시,0,1,0,0,0,100,1,1
7608,2017-03-11,0,5,1,1,0,0,0,경기,수원시,0,0,0,2,4,0,0,127.0259,37.2646,경기수원시,0,0,0,1,0,99,1,1
7609,2017-03-11,0,5,1,1,0,0,0,전북,고창군,0,1,0,0,0,1,0,126.6432,35.408,전북고창군,0,1,0,1,0,219,1,1
7610,2017-03-11,0,5,1,1,0,0,0,전남,여수시,0,0,2,1,3,0,0,127.6629,34.7661,전남여수시,0,0,0,1,0,102,1,1
7613,2017-03-11,0,5,1,1,0,0,0,경기,연천군,0,0,2,1,1,0,0,127.0641,38.0339,경기연천군,0,0,0,1,0,106,1,1
7614,2017-03-11,0,5,1,1,0,0,0,인천,강화군,0,0,1,0,0,0,0,126.4895,37.7463,인천강화군,0,0,0,1,0,92,1,0
7622,2017-03-12,0,6,1,1,0,0,0,경기,시흥시,0,1,2,0,0,2,0,126.7812,37.3587,경기시흥시,0,2,0,1,0,73,1,1
7628,2017-03-13,1,0,1,1,0,0,0,전남,목포시,0,0,0,1,2,0,0,126.3824,34.7842,전남목포시,0,0,0,0,0,153,1,1
7633,2017-03-13,0,0,1,1,0,0,0,경기,안성시,0,1,0,0,0,0,0,127.2137,36.9496,경기안성시,0,0,0,0,0,23,1,1
7634,2017-03-14,0,1,1,1,0,0,0,전남,나주시,0,2,0,1,2,0,0,126.813,35.0407,전남나주시,0,0,0,0,0,33,1,1
7638,2017-03-14,1,1,1,1,0,0,0,충남,논산시,0,2,0,1,2,0,0,127.0133,36.162,충남논산시,0,0,0,0,0,61,1,1
7640,2017-03-14,1,1,1,1,0,0,0,부산,사상구,0,0,0,1,2,2,0,128.9806,35.1627,부산사상구,0,2,0,0,0,120,1,1
7641,2017-03-14,0,1,1,1,0,0,0,경북,안동시,0,0,0,1,1,1,0,128.7324,36.5632,경북안동시,0,1,0,0,0,66,1,1
7643,2017-03-14,0,1,1,1,0,0,0,광주,남구,0,0,0,0,0,0,0,126.893,35.1423,광주남구,0,0,0,0,0,190,1,1
7644,2017-03-15,0,2,1,1,0,0,0,전남,순천시,0,0,1,1,3,0,0,127.4991,34.9459,전남순천시,0,0,0,0,0,27,1,0
7645,2017-03-15,0,2,1,1,0,0,0,경기,안산시,0,1,2,0,0,0,0,126.8186,37.3503,경기안산시,0,0,0,0,0,2,1,1
7653,2017-03-15,0,2,1,1,0,0,0,충남,서산시,0,0,0,0,0,1,0,126.4849,36.7865,충남서산시,0,1,0,0,0,69,1,1
7658,2017-03-16,1,3,1,1,0,0,0,인천,남동구,0,0,4,0,0,1,0,126.7288,37.4022,인천남동구,0,1,0,0,0,29,1,1
7659,2017-03-16,1,3,1,1,0,0,0,광주,광산구,0,0,0,1,2,1,0,126.802,35.1412,광주광산구,0,1,0,0,0,135,1,1
7660,2017-03-16,1,3,1,1,0,0,0,부산,사하구,0,0,0,1,3,1,0,128.9601,35.096,부산사하구,0,1,0,0,0,25,1,1
7663,2017-03-16,0,3,1,1,0,0,0,제주,서귀포시,0,0,0,0,0,0,0,126.6417,33.2663,제주서귀포시,0,0,0,0,0,62,1,1
7665,2017-03-16,0,3,1,1,0,0,0,대전,서구,0,1,0,0,0,0,0,127.3897,36.353,대전서구,0,0,0,0,0,4,1,1
7666,2017-03-17,0,4,1,1,0,0,0,대구,북구,0,0,0,1,1,0,0,128.6218,35.8925,대구북구,0,0,0,0,0,112,1,1
7677,2017-03-18,0,5,1,1,0,0,0,경기,동두천시,0,0,1,1,3,0,0,127.0563,37.8865,경기동두천시,0,0,0,1,0,94,1,0
7680,2017-03-18,0,5,1,2,0,1,0,경북,포항시,0,2,0,0,0,0,0,129.5703,36.0045,경북포항시,0,0,0,1,0,160,1,1
7681,2017-03-18,0,5,1,1,0,0,0,충남,서산시,0,0,0,0,0,0,0,126.5729,36.6947,충남서산시,0,0,0,1,0,69,1,1
7684,2017-03-18,1,5,1,1,0,0,0,충북,청주시,0,0,3,1,3,0,0,127.5035,36.6066,충북청주시,0,0,0,1,0,83,1,1
7686,2017-03-18,1,5,1,1,0,0,0,서울,관악구,0,2,0,0,0,0,0,126.927,37.4878,서울관악구,0,0,0,1,0,188,1,1
7689,2017-03-18,0,5,1,1,0,0,0,서울,서대문구,0,0,0,0,0,0,0,126.9136,37.5701,서울서대문구,0,0,0,1,0,195,1,1
7692,2017-03-19,0,6,1,1,0,0,0,경기,평택시,0,0,0,0,0,0,0,127.0923,37.012,경기평택시,0,0,0,1,0,14,1,1
7696,2017-03-19,0,6,1,1,0,0,0,인천,연수구,0,0,0,1,1,0,0,126.656,37.4139,인천연수구,0,0,0,1,0,35,1,1
7698,2017-03-19,0,6,1,1,0,0,0,대전,대덕구,0,0,0,1,2,0,0,127.426,36.3589,대전대덕구,0,0,0,1,0,77,1,1
7699,2017-03-19,0,6,1,1,0,0,0,충북,청주시,0,0,0,0,0,2,0,127.4005,36.5934,충북청주시,0,2,0,1,0,83,1,1
7703,2017-03-20,0,0,1,1,0,0,0,부산,사하구,0,0,0,0,0,0,0,128.9635,35.0927,부산사하구,0,0,0,0,0,25,1,1
7704,2017-03-20,0,0,1,1,0,0,0,전북,정읍시,0,0,0,0,0,1,0,127.0453,35.623,전북정읍시,0,1,0,0,0,12,1,1
7707,2017-03-21,0,1,1,1,0,0,0,광주,북구,0,0,2,0,0,0,0,126.8972,35.177,광주북구,0,0,0,0,0,137,1,1
7709,2017-03-21,0,1,1,1,0,0,0,광주,광산구,0,1,0,0,0,1,0,126.8081,35.1722,광주광산구,0,1,0,0,0,135,1,1
7713,2017-03-21,0,1,1,1,0,0,0,강원,동해시,0,0,0,1,2,0,0,129.0694,37.4886,강원동해시,0,0,0,0,0,210,1,1
7714,2017-03-21,0,1,1,1,0,0,0,경기,화성시,0,2,0,0,0,0,0,126.8745,37.2396,경기화성시,0,0,0,0,0,50,1,1
7718,2017-03-22,1,2,1,1,0,0,0,경기,의왕시,0,0,0,1,2,0,0,126.9743,37.3795,경기의왕시,0,0,0,0,0,199,1,1
7720,2017-03-22,1,2,1,1,0,0,0,전북,진안군,0,0,0,1,1,0,0,127.4059,35.8433,전북진안군,0,0,0,0,0,192,1,1
7723,2017-03-22,0,2,1,1,0,0,0,울산,중구,0,1,0,0,0,0,0,129.3132,35.5587,울산중구,0,0,0,0,0,205,1,1
7725,2017-03-22,0,2,1,1,0,0,0,경북,예천군,0,0,0,0,0,0,0,128.4573,36.6504,경북예천군,0,0,0,0,0,55,1,1
7726,2017-03-23,0,3,1,1,0,0,0,경남,창원시(통합),0,0,0,0,0,0,0,128.5875,35.2236,경남창원시(통합),0,0,0,0,0,86,1,1
7729,2017-03-23,1,3,1,1,0,0,0,광주,광산구,0,0,0,1,2,1,0,126.7924,35.1286,광주광산구,0,1,0,0,0,135,1,1
7730,2017-03-23,1,3,1,1,0,0,0,경기,부천시,0,0,5,1,2,1,0,126.8078,37.4703,경기부천시,0,1,0,0,0,65,1,1
7734,2017-03-23,0,3,1,1,0,0,0,전남,순천시,0,0,0,1,1,0,0,127.2365,35.0828,전남순천시,0,0,0,0,0,27,1,1
7736,2017-03-24,0,4,1,1,0,0,0,경기,수원시,0,2,0,0,0,0,0,127.0402,37.2531,경기수원시,0,0,0,0,0,99,1,1
7738,2017-03-24,0,4,1,1,0,0,0,광주,광산구,0,0,0,1,2,0,0,126.803,35.14,광주광산구,0,0,0,0,0,135,1,1