index,발생년월일,주야,요일,사망자수,사상자수,중상자수,경상자수,부상신고자수,발생지시도,발생지시군구,사고유형_대분류,사고유형_중분류,법규위반,도로형태_대분류,도로형태,당사자종별_1당_대분류,당사자종별_2당_대분류,경도,위도,발생지,사고피해정도,사고차량타입,도시여부,주말/공휴일,인구수,발생지번호,보행자의위치,무단횡단여부
8261,2017-05-17,0,2,1,1,0,0,0,울산,중구,0,1,0,0,0,2,0,129.3001,35.5521,울산중구,0,2,0,0,0,205,1,1
8262,2017-05-18,0,3,1,1,0,0,0,경기,의정부시,0,0,0,1,3,0,0,127.0401,37.7382,경기의정부시,0,0,0,0,0,64,1,1
8263,2017-05-18,0,3,1,1,0,0,0,경기,파주시,0,0,0,0,0,0,0,126.8373,37.8183,경기파주시,0,0,0,0,0,175,1,1
8264,2017-05-18,0,3,1,1,0,0,0,부산,서구,0,0,0,1,1,0,0,129.024,35.0935,부산서구,0,0,0,0,0,226,1,1
8265,2017-05-18,1,3,1,1,0,0,0,서울,동작구,0,0,0,0,0,0,0,126.9499,37.5008,서울동작구,0,0,0,0,0,93,1,1
8269,2017-05-18,1,3,1,1,0,0,0,대구,동구,0,3,0,0,0,1,0,128.7496,35.8693,대구동구,0,1,0,0,0,26,0,0
8274,2017-05-18,1,3,1,2,1,0,0,전남,장흥군,0,0,0,1,1,0,0,126.9103,34.6771,전남장흥군,0,0,0,0,0,56,1,1
8279,2017-05-19,0,4,1,1,0,0,0,전남,영광군,0,3,0,0,0,1,0,126.5444,35.2627,전남영광군,0,1,0,0,0,127,0,0
8286,2017-05-19,1,4,1,2,0,1,0,경북,영덕군,0,0,0,1,1,1,0,129.3715,36.4105,경북영덕군,0,1,0,0,0,54,1,1
8290,2017-05-19,0,4,1,1,0,0,0,대구,북구,0,0,1,1,3,2,0,128.5445,35.8973,대구북구,0,2,0,0,0,112,1,0
8293,2017-05-19,0,4,1,1,0,0,0,전북,익산시,0,0,0,0,0,1,0,126.9826,35.9554,전북익산시,0,1,0,0,0,125,1,1
8294,2017-05-20,0,5,1,1,0,0,0,대전,동구,0,0,0,0,0,2,0,127.4318,36.3332,대전동구,0,2,0,1,0,80,1,1
8308,2017-05-21,1,6,1,1,0,0,0,경북,경주시,0,3,0,0,0,1,0,129.4034,35.8126,경북경주시,0,1,0,1,0,100,0,0
8315,2017-05-21,0,6,1,1,0,0,0,경북,안동시,0,0,0,0,0,1,0,128.7032,36.5621,경북안동시,0,1,0,1,0,66,1,1
8317,2017-05-22,0,0,1,1,0,0,0,경기,수원시,0,0,0,0,0,0,0,127.035,37.257,경기수원시,0,0,0,0,0,99,1,1
8318,2017-05-22,1,0,1,1,0,0,0,전남,곡성군,0,0,0,1,1,1,0,127.3395,35.1611,전남곡성군,0,1,0,0,0,147,1,1
8319,2017-05-22,1,0,1,6,4,1,0,인천,강화군,0,4,4,1,1,1,0,126.4924,37.7426,인천강화군,1,1,0,0,0,92,0,0
8321,2017-05-22,1,0,1,1,0,0,0,대구,중구,0,0,0,1,2,3,0,128.578,35.8592,대구중구,0,3,0,0,0,178,1,1
8328,2017-05-23,0,1,1,1,0,0,0,전남,여수시,0,1,0,0,0,0,0,127.6679,34.7658,전남여수시,0,0,0,0,0,102,1,1
8329,2017-05-23,0,1,1,1,0,0,0,경남,통영시,0,0,0,0,0,1,0,128.3937,34.9618,경남통영시,0,1,0,0,0,212,1,1
8331,2017-05-23,1,1,1,1,0,0,0,서울,광진구,0,0,0,0,0,1,0,127.0905,37.5447,서울광진구,0,1,0,0,0,183,1,1
8339,2017-05-23,0,1,1,1,0,0,0,경북,울진군,0,0,0,0,0,0,0,129.3948,36.9958,경북울진군,0,0,0,0,0,208,1,1
8340,2017-05-24,0,2,1,1,0,0,0,전남,화순군,0,1,0,0,0,0,0,126.8974,34.93,전남화순군,0,0,0,0,0,88,1,1
8341,2017-05-24,0,2,1,1,0,0,0,충북,청주시,0,0,2,0,0,0,0,127.4614,36.6316,충북청주시,0,0,0,0,0,83,1,1
8342,2017-05-24,0,2,1,1,0,0,0,경기,포천시,0,0,2,1,2,0,0,127.1574,37.8734,경기포천시,0,0,0,0,0,171,1,1
8349,2017-05-24,1,2,1,1,0,0,0,경기,김포시,0,0,1,0,0,0,0,126.695,37.6499,경기김포시,0,0,0,0,0,47,1,0
8352,2017-05-25,0,3,1,2,1,0,0,경기,부천시,0,0,2,1,3,0,0,126.7773,37.4888,경기부천시,0,0,0,0,0,65,1,1
8355,2017-05-25,0,3,1,3,1,1,0,부산,중구,0,1,0,0,0,0,0,129.0315,35.1029,부산중구,0,0,0,0,0,228,1,1
8364,2017-05-26,1,4,1,1,0,0,0,충북,영동군,0,1,1,1,3,2,0,127.7782,36.175,충북영동군,0,2,0,0,0,75,1,0
8373,2017-05-26,0,4,1,1,0,0,0,경남,진주시,0,1,0,0,0,0,0,128.2191,35.1919,경남진주시,0,0,0,0,0,42,1,1
8374,2017-05-26,0,4,1,1,0,0,0,전남,목포시,0,0,0,0,0,0,0,126.4232,34.8389,전남목포시,0,0,0,0,0,153,1,1
8377,2017-05-26,0,4,1,1,0,0,0,서울,양천구,0,2,0,0,0,0,0,126.8639,37.5311,서울양천구,0,0,0,0,0,140,1,1
8378,2017-05-27,0,5,1,1,0,0,0,경기,안성시,0,2,0,0,0,5,0,127.3918,37.0719,경기안성시,0,5,0,1,0,23,1,1
8380,2017-05-27,0,5,1,1,0,0,0,경기,이천시,0,1,0,2,4,1,0,127.4275,37.2329,경기이천시,0,1,0,1,0,41,1,1
8386,2017-05-27,0,5,1,1,0,0,0,인천,남구,0,2,0,1,2,0,0,126.6538,37.4682,인천남동구,0,0,0,1,0,29,1,1
8387,2017-05-27,0,5,1,1,0,0,0,경북,구미시,0,0,1,1,1,0,0,128.4352,36.1578,경북구미시,0,0,0,1,0,144,1,0
8388,2017-05-27,0,5,1,1,0,0,0,경기,평택시,0,0,0,0,0,0,0,126.9142,36.9932,경기평택시,0,0,0,1,0,14,1,1
8389,2017-05-28,0,6,1,1,0,0,0,광주,북구,0,0,3,1,1,0,0,126.905,35.1571,광주북구,0,0,0,1,0,137,1,1
8392,2017-05-28,1,6,1,1,0,0,0,충남,보령시,0,1,0,0,0,0,0,126.6817,36.2924,충남보령시,0,0,0,1,0,136,1,1
8397,2017-05-29,1,0,1,1,0,0,0,광주,북구,0,0,0,0,0,1,0,126.9143,35.1715,광주북구,0,1,0,0,0,137,1,1
8398,2017-05-29,1,0,1,1,0,0,0,서울,성북구,0,0,0,0,0,1,0,127.0235,37.6086,서울성북구,0,1,0,0,0,167,1,1
8399,2017-05-29,1,0,1,1,0,0,0,부산,기장군,0,1,0,0,0,1,0,129.2566,35.3061,부산기장군,0,1,0,0,0,85,1,1
8400,2017-05-29,1,0,1,1,0,0,0,경남,함안군,0,1,0,0,0,1,0,128.3462,35.3347,경남함안군,0,1,0,0,0,117,1,1
8401,2017-05-29,1,0,1,1,0,0,0,충남,공주시,0,0,0,2,4,0,0,127.1228,36.4602,충남공주시,0,0,0,0,0,19,1,1
8403,2017-05-29,1,0,1,1,0,0,0,경북,상주시,0,2,0,1,1,1,0,128.1766,36.4996,경북상주시,0,1,0,0,0,58,1,1
8404,2017-05-29,0,0,1,1,0,0,0,충남,천안시,0,0,0,1,1,0,0,127.1588,36.8032,충남천안시,0,0,0,0,0,63,1,1
8405,2017-05-30,0,1,1,1,0,0,0,경기,여주시,0,0,1,1,3,0,0,127.6377,37.2772,경기여주시,0,0,0,0,0,22,1,0
8413,2017-05-30,0,1,1,1,0,0,0,강원,춘천시,0,2,0,0,0,1,0,127.7306,37.9511,강원춘천시,0,1,0,0,0,111,1,1
8415,2017-05-31,0,2,1,1,0,0,0,전남,함평군,0,1,0,0,0,1,0,126.541,35.0262,전남함평군,0,1,0,0,0,157,1,1
8416,2017-05-31,0,2,1,1,0,0,0,인천,남구,0,0,0,1,1,0,0,126.6781,37.4641,인천남동구,0,0,0,0,0,29,1,1
8417,2017-05-31,1,2,1,1,0,0,0,서울,양천구,0,1,0,1,1,2,0,126.8555,37.5137,서울양천구,0,2,0,0,0,140,1,1
8418,2017-05-31,1,2,1,1,0,0,0,경기,시흥시,0,0,0,1,1,1,0,126.7459,37.3381,경기시흥시,0,1,0,0,0,73,1,1
8421,2017-05-31,1,2,1,1,0,0,0,전남,보성군,0,2,0,0,0,9,0,127.3162,34.8598,전남보성군,0,9,0,0,0,122,1,1
8423,2017-05-31,0,2,1,6,4,1,0,광주,광산구,0,1,4,0,0,0,0,126.8088,35.1678,광주광산구,1,0,0,0,0,135,1,1
8424,2017-05-31,0,2,1,2,0,1,0,전남,강진군,0,1,0,1,2,1,0,126.8393,34.557,전남강진군,0,1,0,0,0,121,1,1
8430,2017-06-01,1,3,1,1,0,0,0,전북,전주시,0,0,0,0,0,0,0,127.1432,35.8314,전북전주시,0,0,0,0,0,11,1,1
8432,2017-06-01,0,3,1,1,0,0,0,전남,보성군,0,1,0,0,0,0,0,127.344,34.8337,전남보성군,0,0,0,0,0,122,1,1
8435,2017-06-01,0,3,1,1,0,0,0,서울,동작구,0,0,0,0,0,2,0,126.9044,37.4865,서울동작구,0,2,0,0,0,93,1,1
8436,2017-06-02,0,4,1,2,1,0,0,서울,용산구,0,2,2,0,0,0,0,126.9617,37.5215,서울용산구,0,0,0,0,0,134,1,1
8437,2017-06-02,1,4,1,1,0,0,0,경북,상주시,0,0,0,1,1,1,0,128.1509,36.4197,경북상주시,0,1,0,0,0,58,1,1
8438,2017-06-02,1,4,1,2,0,1,0,강원,춘천시,0,0,0,0,0,0,0,127.7247,37.8703,강원춘천시,0,0,0,0,0,111,1,1
8443,2017-06-03,0,5,1,1,0,0,0,울산,울주군,0,0,0,1,2,1,0,129.3078,35.4343,울산울주군,0,1,0,1,0,17,1,1
8447,2017-06-03,1,5,1,1,0,0,0,충남,천안시,0,0,0,0,0,0,0,127.1409,36.7983,충남천안시,0,0,0,1,0,63,1,1
8451,2017-06-03,1,5,1,1,0,0,0,경북,경주시,0,0,0,0,0,1,0,129.2861,36.0122,경북경주시,0,1,0,1,0,100,1,1
8453,2017-06-03,0,5,1,1,0,0,0,경기,김포시,0,0,0,0,0,0,0,126.6336,37.6933,경기김포시,0,0,0,1,0,47,1,1
8454,2017-06-03,0,5,1,1,0,0,0,경남,함안군,0,1,5,0,0,1,0,128.4311,35.35,경남함안군,0,1,0,1,0,117,1,1
8455,2017-06-03,0,5,1,1,0,0,0,서울,강서구,0,2,0,2,4,4,0,126.8115,37.5646,서울강서구,0,4,0,1,0,43,1,1
8456,2017-06-04,0,6,1,1,0,0,0,전북,군산시,0,1,0,1,1,0,0,126.6911,35.9619,전북군산시,0,0,0,1,0,166,1,1
8457,2017-06-04,0,6,1,3,0,2,0,경기,수원시,0,4,1,1,3,0,0,127.0088,37.2925,경기수원시,0,0,0,1,0,99,0,0
8458,2017-06-04,0,6,1,1,0,0,0,경남,통영시,0,0,0,0,0,0,0,128.3872,34.8059,경남통영시,0,0,0,1,0,212,1,1
8465,2017-06-04,1,6,1,1,0,0,0,경북,상주시,0,2,0,0,0,3,0,128.2371,36.4745,경북상주시,0,3,0,1,0,58,1,1
8466,2017-06-04,1,6,1,1,0,0,0,서울,강남구,0,2,0,0,0,0,0,127.052,37.4843,서울강남구,0,0,0,1,0,89,1,1
8467,2017-06-04,1,6,1,1,0,0,0,경북,군위군,0,0,0,0,0,0,0,128.5917,36.2316,경북군위군,0,0,0,1,0,170,1,1
8472,2017-06-05,0,0,1,1,0,0,0,전북,남원시,0,1,0,0,0,0,0,127.3852,35.413,전북남원시,0,0,0,0,0,193,1,1
8473,2017-06-05,1,0,1,1,0,0,0,경기,고양시,0,1,0,2,4,3,0,126.8567,37.7065,경기고양시,0,3,0,0,0,40,1,1
8477,2017-06-05,1,0,1,2,1,0,0,경기,파주시,0,0,4,0,0,0,0,126.8314,37.9312,경기파주시,0,0,0,0,0,175,1,1
8479,2017-06-05,1,0,1,1,0,0,0,서울,강동구,0,4,0,0,0,1,0,127.1649,37.5577,서울강동구,0,1,0,0,0,91,0,0
8482,2017-06-05,0,0,1,1,0,0,0,경기,화성시,0,0,0,0,0,2,0,126.7973,37.1035,경기화성시,0,2,0,0,0,50,1,1
8484,2017-06-06,0,1,2,2,0,0,0,대전,중구,0,2,2,0,0,2,0,127.4362,36.3211,대전중구,0,2,0,1,0,39,1,1
8485,2017-06-06,0,1,1,1,0,0,0,경기,고양시,0,0,0,1,1,1,0,126.7302,37.6951,경기고양시,0,1,0,1,0,40,1,1
8489,2017-06-06,0,1,1,1,0,0,0,경기,화성시,0,0,3,0,0,0,0,126.9378,37.1878,경기화성시,0,0,0,1,0,50,1,1
8492,2017-06-07,1,2,1,1,0,0,0,대전,중구,0,0,0,1,2,0,0,127.4197,36.3183,대전중구,0,0,0,0,0,39,1,1
8494,2017-06-07,0,2,1,1,0,0,0,전남,영암군,0,0,0,0,0,1,0,126.7017,34.7954,전남영암군,0,1,0,0,0,16,1,1
8495,2017-06-07,0,2,1,1,0,0,0,전남,보성군,0,0,0,1,1,0,0,127.07,34.7547,전남보성군,0,0,0,0,0,122,1,1
8501,2017-06-08,1,3,1,1,0,0,0,충남,보령시,0,1,0,0,0,1,0,126.5693,36.2812,충남보령시,0,1,0,0,0,136,1,1
8502,2017-06-08,1,3,1,1,0,0,0,경기,안산시,0,0,2,1,1,0,0,126.8565,37.2885,경기안산시,0,0,0,0,0,2,1,1
8505,2017-06-09,1,4,1,1,0,0,0,충남,예산군,0,0,0,0,0,1,0,126.8758,36.6208,충남예산군,0,1,0,0,0,187,1,1
8507,2017-06-09,1,4,1,1,0,0,0,경기,시흥시,0,4,5,0,0,5,0,126.7336,37.3483,경기시흥시,0,5,0,0,0,73,0,0
8511,2017-06-09,0,4,1,1,0,0,0,충북,음성군,0,0,0,1,2,0,0,127.5717,36.9822,충북음성군,0,0,0,0,0,110,1,1
8512,2017-06-10,0,5,1,1,0,0,0,경기,이천시,0,1,0,0,0,0,0,127.5759,37.164,경기이천시,0,0,0,1,0,41,1,1
8518,2017-06-10,1,5,1,1,0,0,0,충북,청주시,0,1,0,0,0,0,0,127.4192,36.4597,충북청주시,0,0,0,1,0,83,1,1
8520,2017-06-10,1,5,1,1,0,0,0,충남,논산시,0,1,2,0,0,0,0,127.0962,36.219,충남논산시,0,0,0,1,0,61,1,1
8521,2017-06-10,0,5,1,1,0,0,0,경기,김포시,0,1,0,0,0,0,0,126.5582,37.7095,경기김포시,0,0,0,1,0,47,1,1
8522,2017-06-10,0,5,1,1,0,0,0,경기,용인시,0,0,0,0,0,0,0,127.0839,37.3113,경기용인시,0,0,0,1,0,51,1,1
8523,2017-06-10,0,5,1,1,0,0,0,경북,영천시,0,0,0,0,0,0,0,129.0178,35.8951,경북영천시,0,0,0,1,0,5,1,1
8529,2017-06-12,0,0,1,2,0,1,0,제주,서귀포시,0,1,2,0,0,0,0,126.3207,33.2825,제주서귀포시,0,0,0,0,0,62,1,1
8532,2017-06-12,1,0,1,1,0,0,0,경기,의정부시,0,0,1,1,3,0,0,127.0565,37.7307,경기의정부시,0,0,0,0,0,64,1,0
8536,2017-06-12,0,0,1,1,0,0,0,경기,남양주시,0,0,0,0,0,1,0,127.2438,37.5464,경기남양주시,0,1,0,0,0,70,1,1
8537,2017-06-12,0,0,1,1,0,0,0,울산,울주군,0,1,0,0,0,0,0,129.3077,35.4895,울산울주군,0,0,0,0,0,17,1,1
8540,2017-06-13,0,1,1,1,0,0,0,충북,청주시,0,0,2,0,0,0,0,127.4912,36.6132,충북청주시,0,0,0,0,0,83,1,1
8543,2017-06-13,0,1,1,1,0,0,0,경북,군위군,0,0,5,0,0,1,0,128.6298,36.1851,경북군위군,0,1,0,0,0,170,1,1
8550,2017-06-13,0,1,1,1,0,0,0,경남,사천시,0,0,0,0,0,0,0,128.1037,35.0738,경남사천시,0,0,0,0,0,57,1,1
8551,2017-06-13,0,1,1,1,0,0,0,충남,아산시,0,0,0,0,0,0,0,126.9998,36.7697,충남아산시,0,0,0,0,0,53,1,1
8554,2017-06-14,1,2,1,1,0,0,0,경기,고양시,0,0,0,0,0,0,0,126.7837,37.6752,경기고양시,0,0,0,0,0,40,1,1
8555,2017-06-14,1,2,1,1,0,0,0,대전,서구,0,3,0,0,0,0,0,127.3772,36.3446,대전서구,0,0,0,0,0,4,0,0
8557,2017-06-14,1,2,1,1,0,0,0,인천,부평구,0,1,0,1,1,2,0,126.7449,37.4839,인천부평구,0,2,0,0,0,44,1,1
8562,2017-06-15,0,3,1,1,0,0,0,충남,천안시,0,2,0,0,0,0,0,127.1337,36.7982,충남천안시,0,0,0,0,0,63,1,1
8564,2017-06-15,0,3,1,1,0,0,0,충북,청주시,0,0,0,1,1,0,0,127.4893,36.6478,충북청주시,0,0,0,0,0,83,1,1
8565,2017-06-15,1,3,1,1,0,0,0,광주,북구,0,0,1,0,0,0,0,126.9116,35.1849,광주북구,0,0,0,0,0,137,1,0
8566,2017-06-15,1,3,1,1,0,0,0,경기,가평군,0,0,3,1,1,1,0,127.5065,37.8406,경기가평군,0,1,0,0,0,176,1,1
8568,2017-06-15,1,3,1,1,0,0,0,충북,청주시,0,0,0,1,2,2,0,127.3763,36.6642,충북청주시,0,2,0,0,0,83,1,1
8569,2017-06-15,1,3,1,1,0,0,0,서울,금천구,0,4,4,0,0,2,0,126.9023,37.4395,서울금천구,0,2,0,0,0,109,0,0
8570,2017-06-15,1,3,1,1,0,0,0,충남,천안시,0,0,0,1,1,2,0,127.1496,36.8003,충남천안시,0,2,0,0,0,63,1,1
8572,2017-06-15,0,3,1,1,0,0,0,충북,제천시,0,1,0,1,1,0,0,128.1644,37.1299,충북제천시,0,0,0,0,0,103,1,1
8573,2017-06-15,0,3,1,1,0,0,0,경북,청도군,0,0,0,0,0,1,0,128.618,35.6417,경북청도군,0,1,0,0,0,3,1,1
8576,2017-06-15,0,3,1,1,0,0,0,충남,예산군,0,1,0,0,0,0,0,126.7281,36.6869,충남예산군,0,0,0,0,0,187,1,1
8578,2017-06-16,0,4,1,1,0,0,0,서울,구로구,0,1,0,0,0,0,0,126.8588,37.5062,서울구로구,0,0,0,0,0,79,1,1
8580,2017-06-16,0,4,1,1,0,0,0,부산,사상구,0,0,0,0,0,0,0,128.9838,35.164,부산사상구,0,0,0,0,0,120,1,1
8581,2017-06-16,0,4,1,2,0,1,0,경기,부천시,0,1,2,0,0,0,0,126.8084,37.495,경기부천시,0,0,0,0,0,65,1,1
8584,2017-06-16,1,4,1,1,0,0,0,경북,포항시,0,2,2,0,0,0,0,129.38,36.0356,경북포항시,0,0,0,0,0,160,1,1
8587,2017-06-16,1,4,1,1,0,0,0,경기,고양시,0,0,1,0,0,0,0,126.9007,37.7176,경기고양시,0,0,0,0,0,40,1,0
8589,2017-06-16,1,4,1,1,0,0,0,서울,용산구,0,1,0,0,0,0,0,127.0068,37.53,서울용산구,0,0,0,0,0,134,1,1
8591,2017-06-16,1,4,1,1,0,0,0,경기,부천시,0,0,1,1,1,2,0,126.7696,37.5106,경기부천시,0,2,0,0,0,65,1,0
8592,2017-06-16,1,4,1,1,0,0,0,광주,서구,0,0,0,1,2,1,0,126.8535,35.1657,광주서구,0,1,0,0,0,222,1,1
8593,2017-06-16,0,4,1,1,0,0,0,충남,당진시,0,0,0,0,0,1,0,126.588,36.9199,충남당진시,0,1,0,0,0,46,1,1
8598,2017-06-17,1,5,1,1,0,0,0,전북,전주시,0,4,1,1,3,0,0,127.1123,35.8355,전북전주시,0,0,0,1,0,11,0,0
8601,2017-06-18,0,6,1,1,0,0,0,서울,마포구,0,2,0,0,0,0,0,126.891,37.5602,서울마포구,0,0,0,1,0,159,1,1
8605,2017-06-18,1,6,1,1,0,0,0,경북,청도군,0,3,0,0,0,1,0,129.0009,35.8369,경북청도군,0,1,0,1,0,3,0,0
8608,2017-06-18,0,6,1,1,0,0,0,경북,청도군,0,0,1,1,1,0,0,128.7323,35.6501,경북청도군,0,0,0,1,0,3,1,0
8609,2017-06-19,0,0,1,1,0,0,0,전북,전주시,0,1,0,1,2,0,0,127.1234,35.8055,전북전주시,0,0,0,0,0,11,1,1
8618,2017-06-19,0,0,1,1,0,0,0,경북,영덕군,0,0,0,0,0,0,0,129.3816,36.3455,경북영덕군,0,0,0,0,0,54,1,1
8620,2017-06-20,0,1,1,1,0,0,0,대구,서구,0,0,4,1,1,0,0,128.556,35.8746,대구서구,0,0,0,0,0,107,1,1
8623,2017-06-20,1,1,1,1,0,0,0,강원,강릉시,0,1,0,1,1,1,0,128.9014,37.7477,강원강릉시,0,1,0,0,0,194,1,1
8627,2017-06-20,1,1,1,1,0,0,0,서울,용산구,0,0,0,0,0,0,0,126.9674,37.5249,서울용산구,0,0,0,0,0,134,1,1
8630,2017-06-20,0,1,1,1,0,0,0,경북,경산시,0,2,0,0,0,0,0,128.8235,35.9105,경북경산시,0,0,0,0,0,52,1,1
8631,2017-06-20,0,1,1,1,0,0,0,충북,청주시,0,1,0,0,0,0,0,127.3813,36.6313,충북청주시,0,0,0,0,0,83,1,1
8633,2017-06-21,0,2,1,1,0,0,0,서울,광진구,0,0,0,0,0,0,0,127.0731,37.5451,서울광진구,0,0,0,0,0,183,1,1
8634,2017-06-21,0,2,1,1,0,0,0,서울,서초구,0,0,0,0,0,0,0,127.0232,37.504,서울서초구,0,0,0,0,0,214,1,1
8638,2017-06-21,0,2,1,1,0,0,0,경북,경산시,0,3,0,0,0,0,0,128.8255,35.9145,경북경산시,0,0,0,0,0,52,0,0
8644,2017-06-22,1,3,1,1,0,0,0,경기,평택시,0,1,0,1,2,3,0,127.1021,37.0488,경기평택시,0,3,0,0,0,14,1,1
8646,2017-06-22,0,3,1,1,0,0,0,경기,광명시,0,0,0,0,0,1,0,126.8886,37.4525,경기광명시,0,1,0,0,0,81,1,1
8647,2017-06-22,0,3,1,1,0,0,0,부산,부산진구,0,0,1,1,1,2,0,129.059,35.1522,부산부산진구,0,2,0,0,0,163,1,0
8650,2017-06-22,0,3,1,4,0,0,3,서울,용산구,0,2,0,0,0,0,0,126.9546,37.5244,서울용산구,0,0,0,0,0,134,1,1
8655,2017-06-23,1,4,1,1,0,0,0,충남,홍성군,0,0,0,0,0,1,0,126.7519,36.6165,충남홍성군,0,1,0,0,0,38,1,1
8659,2017-06-23,0,4,1,1,0,0,0,서울,강동구,0,0,3,1,1,1,0,127.1351,37.5518,서울강동구,0,1,0,0,0,91,1,1
8663,2017-06-24,1,5,1,1,0,0,0,강원,인제군,0,1,5,1,2,3,0,128.2021,38.2154,강원인제군,0,3,0,1,0,124,1,1
8668,2017-06-24,0,5,1,2,1,0,0,인천,계양구,0,1,0,0,0,0,0,126.7335,37.5291,인천계양구,0,0,0,1,0,7,1,1
8671,2017-06-25,1,6,1,1,0,0,0,경기,시흥시,0,0,0,0,0,1,0,126.756,37.35,경기시흥시,0,1,0,1,0,73,1,1
8673,2017-06-25,0,6,1,1,0,0,0,대전,대덕구,0,0,0,1,3,0,0,127.4082,36.3575,대전대덕구,0,0,0,1,0,77,1,1
8674,2017-06-25,0,6,1,2,1,0,0,광주,서구,0,0,2,1,2,4,0,126.8723,35.1465,광주서구,0,4,0,1,0,222,1,1
8680,2017-06-26,0,0,1,1,0,0,0,부산,북구,0,0,0,0,0,1,0,129.0159,35.2097,부산북구,0,1,0,0,0,118,1,1
8683,2017-06-26,0,0,1,1,0,0,0,경남,진주시,0,1,0,1,1,2,0,128.0868,35.1915,경남진주시,0,2,0,0,0,42,1,1
8685,2017-06-27,0,1,1,1,0,0,0,전남,목포시,0,0,1,0,0,0,0,126.3753,34.7805,전남목포시,0,0,0,0,0,153,1,0
8687,2017-06-27,1,1,1,1,0,0,0,인천,서구,0,1,2,0,0,1,0,126.6355,37.5592,인천서구,0,1,0,0,0,97,1,1
8690,2017-06-27,1,1,1,1,0,0,0,충남,아산시,0,0,3,1,1,1,0,126.8806,36.8813,충남아산시,0,1,0,0,0,53,1,1
8694,2017-06-27,0,1,1,1,0,0,0,충남,금산군,0,0,0,2,4,0,0,127.4904,36.1073,충남금산군,0,0,0,0,0,68,1,1
8695,2017-06-27,0,1,1,1,0,0,0,서울,서초구,0,0,0,0,0,0,0,127.0354,37.4759,서울서초구,0,0,0,0,0,214,1,1
8706,2017-06-28,0,2,1,1,0,0,0,부산,기장군,0,0,0,1,2,2,0,129.2418,35.3216,부산기장군,0,2,0,0,0,85,1,1
8712,2017-06-29,0,3,1,1,0,0,0,경기,고양시,0,0,0,0,0,0,0,126.8191,37.6055,경기고양시,0,0,0,0,0,40,1,1
8713,2017-06-29,0,3,1,1,0,0,0,경기,이천시,0,1,0,0,0,1,0,127.4071,37.3014,경기이천시,0,1,0,0,0,41,1,1
8714,2017-06-29,0,3,1,1,0,0,0,서울,강서구,0,0,0,0,0,0,0,126.8378,37.541,서울강서구,0,0,0,0,0,43,1,1
8717,2017-06-29,1,3,1,3,2,0,0,경남,고성군,0,3,0,0,0,0,0,128.2762,35.138,경남고성군,1,0,0,0,0,87,0,0
8718,2017-06-29,1,3,1,8,0,7,0,경기,안산시,0,0,0,1,3,2,0,126.8682,37.3028,경기안산시,1,2,0,0,0,2,1,1
8720,2017-06-29,1,3,1,1,0,0,0,광주,동구,0,1,0,0,0,1,0,126.9295,35.1595,광주동구,0,1,0,0,0,162,1,1
8722,2017-06-29,0,3,1,1,0,0,0,강원,원주시,0,0,0,0,0,0,0,127.94,37.3719,강원원주시,0,0,0,0,0,36,1,1
8725,2017-06-30,0,4,1,1,0,0,0,부산,중구,0,1,0,0,0,0,0,129.0313,35.1074,부산중구,0,0,0,0,0,228,1,1
8729,2017-06-30,1,4,1,1,0,0,0,경기,용인시,0,0,3,0,0,1,0,127.0988,37.322,경기용인시,0,1,0,0,0,51,1,1
8735,2017-06-30,0,4,1,1,0,0,0,충남,서산시,0,2,0,0,0,0,0,126.3799,36.7841,충남서산시,0,0,0,0,0,69,1,1
8736,2017-06-30,0,4,1,1,0,0,0,경기,성남시,0,0,0,0,0,0,0,127.1341,37.4357,경기성남시,0,0,0,0,0,95,1,1
8737,2017-07-01,0,5,1,1,0,0,0,광주,남구,0,0,0,0,0,0,0,126.9093,35.1451,광주남구,0,0,0,1,0,190,1,1
8742,2017-07-01,0,5,1,1,0,0,0,충남,천안시,0,1,0,0,0,0,0,127.131,36.8928,충남천안시,0,0,0,1,0,63,1,1
8743,2017-07-01,0,5,1,1,0,0,0,경북,의성군,0,1,0,1,1,0,0,128.5755,36.2901,경북의성군,0,0,0,1,0,105,1,1
8744,2017-07-02,0,6,1,1,0,0,0,광주,북구,0,1,0,0,0,0,0,126.8897,35.1846,광주북구,0,0,0,1,0,137,1,1
8751,2017-07-02,1,6,1,1,0,0,0,서울,서초구,0,0,0,0,0,0,0,127.0401,37.4788,서울서초구,0,0,0,1,0,214,1,1
8752,2017-07-03,0,0,1,1,0,0,0,서울,송파구,0,0,0,1,2,2,0,127.127,37.4755,서울송파구,0,2,0,0,0,156,1,1
8756,2017-07-03,1,0,1,1,0,0,0,제주,서귀포시,0,0,4,2,4,0,0,126.2521,33.2229,제주서귀포시,0,0,0,0,0,62,1,1
8759,2017-07-03,1,0,1,1,0,0,0,경기,수원시,0,0,0,0,0,0,0,126.9691,37.2807,경기수원시,0,0,0,0,0,99,1,1
8762,2017-07-03,1,0,1,1,0,0,0,서울,종로구,0,0,0,0,0,1,0,126.9718,37.5782,서울종로구,0,1,0,0,0,116,1,1
8765,2017-07-03,0,0,1,1,0,0,0,경북,청도군,0,3,0,0,0,1,0,128.5772,35.6261,경북청도군,0,1,0,0,0,3,0,0
8770,2017-07-04,1,1,1,1,0,0,0,경기,수원시,0,0,0,1,1,0,0,127.0266,37.2951,경기수원시,0,0,0,0,0,99,1,1