index,발생년월일,주야,요일,사망자수,사상자수,중상자수,경상자수,부상신고자수,발생지시도,발생지시군구,사고유형_대분류,사고유형_중분류,법규위반,도로형태_대분류,도로형태,당사자종별_1당_대분류,당사자종별_2당_대분류,경도,위도,발생지,사고피해정도,사고차량타입,도시여부,주말/공휴일,인구수,발생지번호,보행자의위치,무단횡단여부
9745,2017-09-25,0,0,1,1,0,0,0,충북,괴산군,0,1,0,0,0,0,0,127.787,36.6352,충북괴산군,0,0,0,0,0,179,1,1
9747,2017-09-25,0,0,1,1,0,0,0,전남,신안군,0,0,0,0,0,1,0,126.2549,35.0564,전남신안군,0,1,0,0,0,132,1,1
9748,2017-09-26,0,1,1,1,0,0,0,경기,성남시,0,2,0,0,0,0,0,127.1288,37.4117,경기성남시,0,0,0,0,0,95,1,1
9750,2017-09-26,0,1,1,1,0,0,0,서울,영등포구,0,0,0,0,0,1,0,126.9106,37.5097,서울영등포구,0,1,0,0,0,150,1,1
9755,2017-09-26,1,1,1,1,0,0,0,부산,영도구,0,1,0,0,0,0,0,129.0527,35.0942,부산영도구,0,0,0,0,0,173,1,1
9762,2017-09-26,1,1,1,1,0,0,0,부산,강서구,0,4,3,0,0,0,0,128.9207,35.0913,부산강서구,0,0,0,0,0,206,0,0
9764,2017-09-26,0,1,1,1,0,0,0,경기,의정부시,0,0,0,0,0,4,0,127.1119,37.7553,경기의정부시,0,4,0,0,0,64,1,1
9765,2017-09-26,0,1,1,1,0,0,0,충남,아산시,0,3,0,0,0,0,0,126.8948,36.8657,충남아산시,0,0,0,0,0,53,0,0
9766,2017-09-26,0,1,1,2,1,0,0,서울,동작구,0,4,4,0,0,0,0,126.9659,37.5069,서울동작구,0,0,0,0,0,93,0,0
9767,2017-09-26,0,1,1,1,0,0,0,울산,울주군,0,0,0,1,2,0,0,129.1316,35.5767,울산울주군,0,0,0,0,0,17,1,1
9768,2017-09-26,0,1,1,2,1,0,0,서울,영등포구,0,1,0,0,0,3,0,126.9188,37.5299,서울영등포구,0,3,0,0,0,150,1,1
9771,2017-09-27,0,2,1,1,0,0,0,경기,안산시,0,0,1,1,3,0,0,126.8018,37.3351,경기안산시,0,0,0,0,0,2,1,0
9775,2017-09-27,1,2,1,1,0,0,0,강원,원주시,0,0,1,0,0,1,0,127.9442,37.3501,강원원주시,0,1,0,0,0,36,1,0
9778,2017-09-27,1,2,1,1,0,0,0,경기,김포시,0,1,3,1,1,1,0,126.6792,37.6438,경기김포시,0,1,0,0,0,47,1,1
9780,2017-09-27,0,2,1,1,0,0,0,전북,완주군,0,0,0,1,1,0,0,127.1611,35.9385,전북완주군,0,0,0,0,0,28,1,1
9781,2017-09-27,0,2,1,1,0,0,0,경북,영주시,0,2,0,0,0,1,0,128.613,36.8097,경북영주시,0,1,0,0,0,113,1,1
9782,2017-09-27,0,2,1,1,0,0,0,서울,중구,0,4,0,0,0,0,0,126.9954,37.5616,서울중구,0,0,0,0,0,8,0,0
9789,2017-09-28,0,3,1,1,0,0,0,경기,화성시,0,1,0,0,0,1,0,126.8374,37.0258,경기화성시,0,1,0,0,0,50,1,1
9792,2017-09-28,0,3,1,1,0,0,0,경기,용인시,0,4,1,1,3,1,0,127.0933,37.2552,경기용인시,0,1,0,0,0,51,0,0
9793,2017-09-28,0,3,1,1,0,0,0,경북,경주시,0,3,0,0,0,1,0,129.3367,35.6697,경북경주시,0,1,0,0,0,100,0,0
9794,2017-09-29,0,4,1,1,0,0,0,서울,강남구,0,1,0,0,0,0,0,127.0249,37.5037,서울강남구,0,0,0,0,0,89,1,1
9795,2017-09-29,0,4,1,1,0,0,0,서울,강남구,0,4,3,1,2,0,0,127.0351,37.5155,서울강남구,0,0,0,0,0,89,0,0
9799,2017-09-29,1,4,1,1,0,0,0,부산,사하구,0,0,0,1,3,0,0,128.9996,35.0894,부산사하구,0,0,0,0,0,25,1,1
9804,2017-09-29,1,4,1,1,0,0,0,전북,군산시,0,0,1,0,0,0,0,126.7232,35.9765,전북군산시,0,0,0,0,0,166,1,0
9810,2017-09-29,0,4,1,2,0,1,0,경북,경산시,0,3,0,0,0,4,0,128.7341,35.83,경북경산시,0,4,0,0,0,52,0,0
9813,2017-09-30,0,5,1,1,0,0,0,광주,서구,0,0,2,1,3,0,0,126.8549,35.1517,광주서구,0,0,0,1,0,222,1,1
9814,2017-09-30,1,5,1,1,0,0,0,경기,용인시,0,1,0,0,0,1,0,127.4006,37.1324,경기용인시,0,1,0,1,0,51,1,1
9823,2017-09-30,1,5,1,1,0,0,0,부산,사상구,0,0,1,0,0,0,0,128.9735,35.1327,부산사상구,0,0,0,1,0,120,1,0
9825,2017-09-30,0,5,1,1,0,0,0,경북,상주시,0,0,0,1,2,0,0,127.9529,36.4439,경북상주시,0,0,0,1,0,58,1,1
9826,2017-09-30,0,5,1,3,1,1,0,경북,성주군,0,3,0,2,4,1,0,128.3565,35.9075,경북성주군,0,1,0,1,0,168,0,0
9828,2017-09-30,0,5,1,1,0,0,0,충북,옥천군,0,2,0,1,1,4,0,127.5689,36.3029,충북옥천군,0,4,0,1,0,142,1,1
9830,2017-10-01,0,6,1,1,0,0,0,부산,동구,0,0,0,0,0,0,0,129.0593,35.138,부산동구,0,0,0,1,0,209,1,1
9832,2017-10-01,0,6,1,1,0,0,0,경남,진주시,0,1,2,0,0,0,0,128.2752,35.2428,경남진주시,0,0,0,1,0,42,1,1
9840,2017-10-01,0,6,1,2,1,0,0,경기,고양시,0,0,1,1,1,0,0,126.8364,37.6247,경기고양시,0,0,0,1,0,40,1,0
9842,2017-10-01,0,6,1,1,0,0,0,광주,북구,0,2,0,0,0,0,0,126.9193,35.1866,광주북구,0,0,0,1,0,137,1,1
9843,2017-10-02,0,0,1,1,0,0,0,충남,논산시,0,0,0,0,0,1,0,127.1074,36.1306,충남논산시,0,1,0,1,0,61,1,1
9847,2017-10-02,0,0,1,1,0,0,0,서울,서대문구,0,0,1,0,0,2,0,126.9376,37.589,서울서대문구,0,2,0,1,0,195,1,0
9849,2017-10-02,1,0,1,1,0,0,0,광주,동구,0,1,0,0,0,0,0,126.9253,35.1345,광주동구,0,0,0,1,0,162,1,1
9850,2017-10-02,1,0,1,1,0,0,0,전남,장성군,0,1,0,1,1,1,0,126.7751,35.3405,전남장성군,0,1,0,1,0,146,1,1
9851,2017-10-02,1,0,1,1,0,0,0,충남,논산시,0,0,1,1,3,1,0,127.0987,36.1046,충남논산시,0,1,0,1,0,61,1,0
9852,2017-10-02,1,0,1,1,0,0,0,광주,북구,0,0,0,1,1,0,0,126.8967,35.204,광주북구,0,0,0,1,0,137,1,1
9856,2017-10-03,0,1,1,1,0,0,0,경북,경산시,0,1,0,1,2,0,0,128.7624,35.8156,경북경산시,0,0,0,1,0,52,1,1
9865,2017-10-05,1,3,1,1,0,0,0,경남,창원시(통합),0,1,0,0,0,0,0,128.6206,35.2617,경남창원시(통합),0,0,0,1,0,86,1,1
9866,2017-10-05,1,3,1,1,0,0,0,전남,강진군,0,0,2,0,0,0,0,126.7941,34.5365,전남강진군,0,0,0,1,0,121,1,1
9867,2017-10-05,0,3,1,1,0,0,0,광주,서구,0,1,0,0,0,0,0,126.8805,35.1526,광주서구,0,0,0,1,0,222,1,1
9871,2017-10-06,0,4,1,1,0,0,0,부산,사상구,0,0,0,0,0,0,0,128.9837,35.1639,부산사상구,0,0,0,0,0,120,1,1
9872,2017-10-06,0,4,1,1,0,0,0,제주,제주시,0,0,2,0,0,0,0,126.569,33.5191,제주제주시,0,0,0,0,0,90,1,1
9877,2017-10-06,0,4,1,1,0,0,0,경기,여주시,0,2,0,0,0,0,0,127.6746,37.324,경기여주시,0,0,0,0,0,22,1,1
9878,2017-10-06,0,4,1,2,0,1,0,서울,용산구,0,0,0,0,0,0,0,126.985,37.5198,서울용산구,0,0,0,0,0,134,1,1
9880,2017-10-07,0,5,1,1,0,0,0,전남,고흥군,0,3,0,1,1,1,0,127.3461,34.8234,전남고흥군,0,1,0,1,0,191,0,0
9885,2017-10-07,0,5,1,1,0,0,0,인천,부평구,0,1,0,0,0,0,0,126.7079,37.4703,인천부평구,0,0,0,1,0,44,1,1
9888,2017-10-08,1,6,1,1,0,0,0,경기,성남시,0,2,0,0,0,0,0,127.1044,37.3936,경기성남시,0,0,0,1,0,95,1,1
9890,2017-10-08,1,6,1,1,0,0,0,경북,청송군,0,1,0,2,4,1,0,129.0851,36.5352,경북청송군,0,1,0,1,0,203,1,1
9891,2017-10-08,1,6,1,1,0,0,0,대전,동구,0,1,0,1,1,1,0,127.448,36.3521,대전동구,0,1,0,1,0,80,1,1
9893,2017-10-08,0,6,1,1,0,0,0,강원,홍천군,0,0,1,0,0,0,0,127.8674,37.6913,강원홍천군,0,0,0,1,0,82,1,0
9894,2017-10-08,0,6,1,1,0,0,0,부산,사상구,0,0,3,0,0,0,0,129.0061,35.1489,부산사상구,0,0,0,1,0,120,1,1
9901,2017-10-09,1,0,1,1,0,0,0,경남,거제시,0,0,0,1,1,0,0,128.6882,34.8926,경남거제시,0,0,0,1,0,15,1,1
9903,2017-10-09,1,0,1,1,0,0,0,대구,북구,0,0,1,0,0,1,0,128.5645,35.9031,대구북구,0,1,0,1,0,112,1,0
9904,2017-10-09,1,0,1,1,0,0,0,경기,이천시,0,0,0,0,0,1,0,127.4505,37.2751,경기이천시,0,1,0,1,0,41,1,1
9909,2017-10-09,0,0,1,2,1,0,0,강원,강릉시,0,0,2,0,0,0,0,128.7302,37.8484,강원강릉시,0,0,0,1,0,194,1,1
9912,2017-10-09,0,0,1,1,0,0,0,전북,정읍시,0,0,0,1,2,0,0,126.7518,35.6167,전북정읍시,0,0,0,1,0,12,1,1
9913,2017-10-09,0,0,1,1,0,0,0,부산,사상구,0,1,0,1,1,0,0,128.9885,35.1787,부산사상구,0,0,0,1,0,120,1,1
9916,2017-10-10,0,1,1,1,0,0,0,전남,진도군,0,0,0,1,1,0,0,126.259,34.479,전남진도군,0,0,0,0,0,71,1,1
9917,2017-10-10,1,1,1,1,0,0,0,경기,화성시,0,1,0,2,4,1,0,126.8703,37.1716,경기화성시,0,1,0,0,0,50,1,1
9925,2017-10-11,0,2,1,1,0,0,0,대구,북구,0,0,0,0,0,0,0,128.5487,35.9347,대구북구,0,0,0,0,0,112,1,1
9927,2017-10-11,0,2,1,1,0,0,0,인천,서구,0,1,0,1,2,0,0,126.6926,37.6192,인천서구,0,0,0,0,0,97,1,1
9928,2017-10-11,0,2,1,1,0,0,0,경기,의정부시,0,0,0,1,3,0,0,127.0446,37.7505,경기의정부시,0,0,0,0,0,64,1,1
9931,2017-10-11,0,2,1,1,0,0,0,경남,사천시,0,1,5,0,0,3,0,128.0678,35.0438,경남사천시,0,3,0,0,0,57,1,1
9933,2017-10-11,1,2,1,1,0,0,0,경북,영주시,0,0,0,1,2,1,0,128.609,36.806,경북영주시,0,1,0,0,0,113,1,1
9935,2017-10-11,0,2,1,1,0,0,0,경남,밀양시,0,3,0,0,0,0,0,128.6902,35.4123,경남밀양시,0,0,0,0,0,177,0,0
9936,2017-10-11,0,2,1,1,0,0,0,대구,북구,0,0,0,1,3,0,0,128.5955,35.8776,대구북구,0,0,0,0,0,112,1,1
9938,2017-10-12,1,3,1,1,0,0,0,경기,안양시,0,2,0,1,1,3,0,126.9571,37.4036,경기안양시,0,3,0,0,0,151,1,1
9944,2017-10-12,0,3,1,1,0,0,0,전남,나주시,0,2,2,0,0,0,0,126.8319,35.0444,전남나주시,0,0,0,0,0,33,1,1
9945,2017-10-12,0,3,1,1,0,0,0,부산,사상구,0,3,0,0,0,0,0,128.9627,35.1263,부산사상구,0,0,0,0,0,120,0,0
9947,2017-10-13,1,4,1,1,0,0,0,대전,유성구,0,0,1,0,0,0,0,127.326,36.3785,대전유성구,0,0,0,0,0,148,1,0
9949,2017-10-13,1,4,1,1,0,0,0,서울,동대문구,0,0,3,2,4,1,0,127.0653,37.5911,서울동대문구,0,1,0,0,0,201,1,1
9951,2017-10-13,1,4,1,1,0,0,0,인천,강화군,0,0,0,0,0,3,0,126.3797,37.7012,인천강화군,0,3,0,0,0,92,1,1
9953,2017-10-13,1,4,1,1,0,0,0,서울,양천구,0,0,1,0,0,0,0,126.8712,37.5153,서울양천구,0,0,0,0,0,140,1,0
9955,2017-10-13,0,4,1,1,0,0,0,경남,진주시,0,0,0,0,0,0,0,128.0854,35.1777,경남진주시,0,0,0,0,0,42,1,1
9956,2017-10-13,0,4,1,1,0,0,0,경기,고양시,0,1,0,1,1,0,0,126.8386,37.6617,경기고양시,0,0,0,0,0,40,1,1
9957,2017-10-13,0,4,1,1,0,0,0,경북,경산시,0,1,0,0,0,0,0,128.7515,35.818,경북경산시,0,0,0,0,0,52,1,1
9958,2017-10-13,0,4,1,1,0,0,0,경북,예천군,0,0,1,1,3,4,0,128.4523,36.6546,경북예천군,0,4,0,0,0,55,1,0
9960,2017-10-13,0,4,1,1,0,0,0,서울,강북구,0,1,4,0,0,2,0,127.0208,37.6209,서울강북구,0,2,0,0,0,200,1,1
9961,2017-10-13,0,4,1,4,1,2,0,전북,정읍시,0,1,0,0,0,0,0,126.9095,35.6339,전북정읍시,1,0,0,0,0,12,1,1
9962,2017-10-14,0,5,1,1,0,0,0,부산,사하구,0,0,2,1,2,0,0,128.9643,35.1043,부산사하구,0,0,0,1,0,25,1,1
9964,2017-10-14,1,5,1,1,0,0,0,경남,진주시,0,2,0,0,0,1,0,128.0862,35.1891,경남진주시,0,1,0,1,0,42,1,1
9965,2017-10-14,1,5,1,1,0,0,0,강원,강릉시,0,0,2,1,2,1,0,128.8658,37.7577,강원강릉시,0,1,0,1,0,194,1,1
9970,2017-10-14,1,5,1,1,0,0,0,경기,화성시,0,1,0,0,0,1,0,126.8351,37.1061,경기화성시,0,1,0,1,0,50,1,1
9971,2017-10-14,1,5,1,1,0,0,0,광주,남구,0,1,0,0,0,2,0,126.9017,35.1139,광주남구,0,2,0,1,0,190,1,1
9972,2017-10-14,1,5,1,1,0,0,0,경북,구미시,0,2,1,0,0,1,0,128.3319,36.1274,경북구미시,0,1,0,1,0,144,1,0
9974,2017-10-14,0,5,1,1,0,0,0,경북,상주시,0,0,0,0,0,0,0,128.1608,36.4049,경북상주시,0,0,0,1,0,58,1,1
9975,2017-10-14,0,5,1,1,0,0,0,전남,곡성군,0,2,0,0,0,0,0,127.2559,35.1368,전남곡성군,0,0,0,1,0,147,1,1
9976,2017-10-14,0,5,1,2,0,1,0,제주,제주시,0,0,1,0,0,0,0,126.5026,33.5144,제주제주시,0,0,0,1,0,90,1,0
9977,2017-10-14,0,5,1,1,0,0,0,강원,철원군,0,2,0,0,0,0,0,127.2852,38.1407,강원철원군,0,0,0,1,0,184,1,1
9979,2017-10-14,0,5,1,1,0,0,0,경기,이천시,0,0,3,1,1,0,0,127.4536,37.2733,경기이천시,0,0,0,1,0,41,1,1
9981,2017-10-15,1,6,1,1,0,0,0,광주,서구,0,0,0,0,0,0,0,126.8554,35.1507,광주서구,0,0,0,1,0,222,1,1
9982,2017-10-15,1,6,1,1,0,0,0,광주,서구,0,0,0,0,0,0,0,126.8554,35.1507,광주서구,0,0,0,1,0,222,1,1
9985,2017-10-15,1,6,1,2,1,0,0,서울,영등포구,0,1,0,0,0,0,0,126.8999,37.5271,서울영등포구,0,0,0,1,0,150,1,1
9987,2017-10-15,1,6,1,1,0,0,0,서울,동대문구,0,1,0,0,0,0,0,127.0453,37.5797,서울동대문구,0,0,0,1,0,201,1,1
9993,2017-10-15,0,6,1,1,0,0,0,전북,완주군,0,0,0,0,0,2,0,127.1031,35.926,전북완주군,0,2,0,1,0,28,1,1
9994,2017-10-15,0,6,1,1,0,0,0,전남,영암군,0,0,2,1,1,0,0,126.3898,34.7327,전남영암군,0,0,0,1,0,16,1,1
9995,2017-10-15,0,6,1,1,0,0,0,서울,서초구,0,0,0,0,0,0,0,127.0535,37.4599,서울서초구,0,0,0,1,0,214,1,1
9996,2017-10-15,0,6,1,1,0,0,0,충북,청주시,0,0,0,0,0,0,0,127.4855,36.6132,충북청주시,0,0,0,1,0,83,1,1
10003,2017-10-16,0,0,1,1,0,0,0,경기,광주시,0,0,1,1,3,2,0,127.2571,37.4262,경기광주시,0,2,0,0,0,9,1,0
10004,2017-10-16,0,0,1,2,1,0,0,대전,서구,0,0,1,1,3,0,0,127.3818,36.3319,대전서구,0,0,0,0,0,4,1,0
10005,2017-10-16,0,0,1,1,0,0,0,인천,서구,0,0,0,1,2,2,0,126.6745,37.4825,인천서구,0,2,0,0,0,97,1,1
10006,2017-10-16,0,0,1,2,0,1,0,강원,철원군,0,2,2,0,0,1,0,127.327,38.177,강원철원군,0,1,0,0,0,184,1,1
10007,2017-10-16,0,0,1,2,0,1,0,경북,경주시,0,2,0,1,1,0,0,129.3356,35.6727,경북경주시,0,0,0,0,0,100,1,1
10009,2017-10-17,0,1,1,1,0,0,0,서울,마포구,0,0,2,0,0,0,0,126.9079,37.5643,서울마포구,0,0,0,0,0,159,1,1
10010,2017-10-17,0,1,1,1,0,0,0,대전,대덕구,0,0,0,0,0,2,0,127.4178,36.3748,대전대덕구,0,2,0,0,0,77,1,1
10013,2017-10-17,1,1,1,1,0,0,0,부산,수영구,0,0,3,0,0,1,0,129.1138,35.1571,부산수영구,0,1,0,0,0,45,1,1
10019,2017-10-17,1,1,1,1,0,0,0,전남,광양시,0,4,0,0,0,1,0,127.5775,34.9772,전남광양시,0,1,0,0,0,130,0,0
10021,2017-10-17,1,1,1,1,0,0,0,강원,영월군,0,1,0,0,0,0,0,128.3595,37.1804,강원영월군,0,0,0,0,0,114,1,1
10025,2017-10-18,0,2,1,1,0,0,0,충남,천안시,0,2,0,0,0,0,0,127.1253,36.9619,충남천안시,0,0,0,0,0,63,1,1
10026,2017-10-18,0,2,1,2,1,0,0,경기,안성시,0,2,0,0,0,0,0,127.1532,36.9978,경기안성시,0,0,0,0,0,23,1,1
10028,2017-10-18,0,2,1,1,0,0,0,경기,수원시,0,0,2,0,0,0,0,126.9741,37.281,경기수원시,0,0,0,0,0,99,1,1
10030,2017-10-18,1,2,1,1,0,0,0,강원,동해시,0,1,0,0,0,2,0,129.1264,37.4947,강원동해시,0,2,0,0,0,210,1,1
10032,2017-10-18,1,2,1,1,0,0,0,광주,동구,0,0,0,1,1,2,0,126.9369,35.1478,광주동구,0,2,0,0,0,162,1,1
10034,2017-10-18,1,2,1,1,0,0,0,경남,거창군,0,2,3,0,0,0,0,127.8367,35.8508,경남거창군,0,0,0,0,0,154,1,1
10035,2017-10-18,1,2,1,1,0,0,0,경기,평택시,0,4,1,1,3,2,0,127.0858,37.0014,경기평택시,0,2,0,0,0,14,0,0
10037,2017-10-18,0,2,1,1,0,0,0,전남,순천시,0,0,1,0,0,0,0,127.5097,34.8911,전남순천시,0,0,0,0,0,27,1,0
10039,2017-10-18,0,2,1,2,0,1,0,충북,단양군,0,0,3,0,0,2,0,128.3037,37.0329,충북단양군,0,2,0,0,0,204,1,1
10041,2017-10-19,1,3,1,1,0,0,0,전남,여수시,0,1,0,1,3,0,0,127.7436,34.7467,전남여수시,0,0,0,0,0,102,1,1
10043,2017-10-19,1,3,1,1,0,0,0,경기,안양시,0,0,1,1,2,2,0,126.9511,37.3908,경기안양시,0,2,0,0,0,151,1,0
10047,2017-10-19,1,3,1,1,0,0,0,대구,달성군,0,0,0,2,4,0,0,128.4429,35.7896,대구달성군,0,0,0,0,0,30,1,1
10048,2017-10-19,0,3,1,1,0,0,0,전북,완주군,0,0,0,1,2,0,0,127.1898,36.0526,전북완주군,0,0,0,0,0,28,1,1
10055,2017-10-20,1,4,1,1,0,0,0,서울,성북구,0,2,0,1,3,0,0,127.0514,37.6155,서울성북구,0,0,0,0,0,167,1,1
10056,2017-10-20,1,4,1,1,0,0,0,경기,구리시,0,0,0,0,0,0,0,127.1387,37.6006,경기구리시,0,0,0,0,0,165,1,1
10058,2017-10-20,1,4,2,2,0,0,0,서울,동대문구,0,1,5,0,0,0,0,127.0431,37.5785,서울동대문구,0,0,0,0,0,201,1,1
10065,2017-10-20,0,4,1,1,0,0,0,경남,창원시(통합),0,0,0,0,0,1,0,128.587,35.2194,경남창원시(통합),0,1,0,0,0,86,1,1
10066,2017-10-20,0,4,1,1,0,0,0,전북,임실군,0,0,0,1,2,0,0,127.2788,35.6841,전북임실군,0,0,0,0,0,152,1,1
10069,2017-10-20,0,4,1,1,0,0,0,경남,산청군,0,3,0,0,0,0,0,127.8301,35.2716,경남산청군,0,0,0,0,0,224,0,0
10070,2017-10-20,0,4,1,1,0,0,0,강원,횡성군,0,2,0,0,0,0,0,128.165,37.4203,강원횡성군,0,0,0,0,0,31,1,1
10072,2017-10-20,0,4,1,1,0,0,0,대구,달서구,0,0,3,1,1,0,0,128.5571,35.8374,대구달서구,0,0,0,0,0,20,1,1
10073,2017-10-20,0,4,1,1,0,0,0,제주,서귀포시,0,0,0,0,0,0,0,126.4719,33.2528,제주서귀포시,0,0,0,0,0,62,1,1
10079,2017-10-21,1,5,1,1,0,0,0,전북,전주시,0,0,1,1,1,0,0,127.1233,35.8354,전북전주시,0,0,0,1,0,11,1,0
10080,2017-10-21,1,5,1,1,0,0,0,전남,곡성군,0,1,0,0,0,1,0,127.139,35.2686,전남곡성군,0,1,0,1,0,147,1,1
10086,2017-10-21,0,5,1,1,0,0,0,부산,부산진구,0,0,0,0,0,1,0,129.0592,35.1525,부산부산진구,0,1,0,1,0,163,1,1
10093,2017-10-22,0,6,1,1,0,0,0,경기,시흥시,0,0,2,0,0,0,0,126.7367,37.3622,경기시흥시,0,0,0,1,0,73,1,1
10098,2017-10-22,1,6,1,1,0,0,0,전북,익산시,0,2,0,0,0,0,0,126.9548,35.9547,전북익산시,0,0,0,1,0,125,1,1
10105,2017-10-22,0,6,1,1,0,0,0,강원,강릉시,0,1,0,0,0,0,0,128.8901,37.7162,강원강릉시,0,0,0,1,0,194,1,1
10107,2017-10-23,0,0,1,1,0,0,0,서울,동작구,0,1,0,0,0,0,0,126.9274,37.5103,서울동작구,0,0,0,0,0,93,1,1
10109,2017-10-23,1,0,1,1,0,0,0,부산,강서구,0,2,0,0,0,0,0,128.9821,35.211,부산강서구,0,0,0,0,0,206,1,1
10113,2017-10-23,1,0,1,1,0,0,0,경남,하동군,0,2,1,2,4,1,0,127.7704,35.0514,경남하동군,0,1,0,0,0,172,1,0
10115,2017-10-23,0,0,1,1,0,0,0,충남,보령시,0,3,0,0,0,1,0,126.6538,36.3431,충남보령시,0,1,0,0,0,136,0,0
10116,2017-10-23,0,0,1,1,0,0,0,대구,달성군,0,1,1,1,3,0,0,128.6737,35.7251,대구달성군,0,0,0,0,0,30,1,0
10117,2017-10-23,0,0,1,1,0,0,0,경기,용인시,0,0,0,0,0,0,0,127.1744,37.3409,경기용인시,0,0,0,0,0,51,1,1
10118,2017-10-23,0,0,1,1,0,0,0,부산,부산진구,0,1,0,0,0,2,0,129.0439,35.1753,부산부산진구,0,2,0,0,0,163,1,1
10119,2017-10-23,0,0,1,1,0,0,0,경남,창원시(통합),0,1,0,0,0,4,0,128.5657,35.1809,경남창원시(통합),0,4,0,0,0,86,1,1
10120,2017-10-23,0,0,1,1,0,0,0,부산,북구,0,0,0,0,0,0,0,129.0128,35.247,부산북구,0,0,0,0,0,118,1,1
10122,2017-10-24,0,1,1,1,0,0,0,서울,강남구,0,0,2,0,0,0,0,127.046,37.4956,서울강남구,0,0,0,0,0,89,1,1
10123,2017-10-24,0,1,1,1,0,0,0,대구,남구,0,0,2,0,0,0,0,128.5886,35.8444,대구남구,0,0,0,0,0,145,1,1
10126,2017-10-24,1,1,1,1,0,0,0,전북,익산시,0,0,0,0,0,1,0,126.9579,35.9447,전북익산시,0,1,0,0,0,125,1,1
10128,2017-10-24,1,1,1,1,0,0,0,전북,전주시,0,0,0,0,0,2,0,127.0598,35.8778,전북전주시,0,2,0,0,0,11,1,1
10129,2017-10-24,1,1,1,1,0,0,0,서울,서대문구,0,0,0,0,0,3,0,126.9468,37.5924,서울서대문구,0,3,0,0,0,195,1,1
10130,2017-10-24,1,1,1,1,0,0,0,전북,익산시,0,2,0,0,0,0,0,126.9667,35.9338,전북익산시,0,0,0,0,0,125,1,1
10133,2017-10-24,1,1,1,1,0,0,0,인천,남구,0,2,0,1,1,1,0,126.6825,37.4366,인천남동구,0,1,0,0,0,29,1,1
10134,2017-10-24,1,1,1,1,0,0,0,충북,청주시,0,3,0,0,0,1,0,127.5693,36.578,충북청주시,0,1,0,0,0,83,0,0
10136,2017-10-24,0,1,1,1,0,0,0,강원,춘천시,0,2,0,0,0,2,0,127.7587,37.8228,강원춘천시,0,2,0,0,0,111,1,1
10137,2017-10-24,0,1,1,1,0,0,0,경기,포천시,0,0,1,1,3,0,0,127.3205,37.961,경기포천시,0,0,0,0,0,171,1,0
10138,2017-10-24,0,1,1,1,0,0,0,부산,서구,0,1,0,1,3,0,0,129.0246,35.0853,부산서구,0,0,0,0,0,226,1,1
10139,2017-10-25,0,2,1,6,3,1,1,서울,서대문구,0,1,0,1,1,1,0,126.9673,37.5617,서울서대문구,1,1,0,0,0,195,1,1
10140,2017-10-25,0,2,1,1,0,0,0,충남,천안시,0,1,0,0,0,0,0,127.1798,36.8459,충남천안시,0,0,0,0,0,63,1,1
10142,2017-10-25,0,2,1,1,0,0,0,충북,충주시,0,0,0,0,0,0,0,127.957,36.9053,충북충주시,0,0,0,0,0,6,1,1
10145,2017-10-25,1,2,1,1,0,0,0,경남,합천군,0,1,0,0,0,1,0,128.0565,35.5226,경남합천군,0,1,0,0,0,133,1,1
10148,2017-10-25,1,2,1,1,0,0,0,전북,완주군,0,0,0,0,0,0,0,127.1553,35.9491,전북완주군,0,0,0,0,0,28,1,1
10152,2017-10-25,0,2,1,1,0,0,0,경기,평택시,0,1,0,1,2,2,0,127.0328,36.9421,경기평택시,0,2,0,0,0,14,1,1
10154,2017-10-25,0,2,1,1,0,0,0,충남,예산군,0,1,0,0,0,0,0,126.7281,36.6869,충남예산군,0,0,0,0,0,187,1,1
10159,2017-10-26,1,3,1,1,0,0,0,인천,계양구,0,0,0,1,3,1,0,126.7393,37.5412,인천계양구,0,1,0,0,0,7,1,1
10161,2017-10-26,1,3,1,1,0,0,0,경기,광주시,0,0,0,0,0,0,0,127.3397,37.3428,경기광주시,0,0,0,0,0,9,1,1
10163,2017-10-26,0,3,1,1,0,0,0,전북,익산시,0,0,0,1,2,0,0,126.9375,35.9427,전북익산시,0,0,0,0,0,125,1,1
10169,2017-10-27,1,4,1,1,0,0,0,경북,영덕군,0,1,0,0,0,0,0,129.3803,36.3574,경북영덕군,0,0,0,0,0,54,1,1
10170,2017-10-27,1,4,1,1,0,0,0,충남,당진시,0,1,4,0,0,0,0,126.7729,36.8846,충남당진시,0,0,0,0,0,46,1,1
10176,2017-10-27,0,4,1,1,0,0,0,전남,보성군,0,0,0,0,0,1,0,127.3292,34.8377,전남보성군,0,1,0,0,0,122,1,1
10180,2017-10-27,0,4,1,1,0,0,0,경기,파주시,0,1,0,0,0,0,0,126.8074,37.8299,경기파주시,0,0,0,0,0,175,1,1
10181,2017-10-28,0,5,1,1,0,0,0,충남,홍성군,0,2,0,1,1,2,0,126.6641,36.6133,충남홍성군,0,2,0,1,0,38,1,1
10183,2017-10-28,1,5,1,1,0,0,0,경남,김해시,0,0,0,0,0,1,0,128.8091,35.2943,경남김해시,0,1,0,1,0,13,1,1
10188,2017-10-28,0,5,1,1,0,0,0,경북,의성군,0,0,3,0,0,0,0,128.575,36.2908,경북의성군,0,0,0,1,0,105,1,1
10189,2017-10-28,0,5,1,1,0,0,0,경남,창원시(통합),0,1,0,1,2,2,0,128.6977,35.283,경남창원시(통합),0,2,0,1,0,86,1,1