index,발생년월일,주야,요일,사망자수,사상자수,중상자수,경상자수,부상신고자수,발생지시도,발생지시군구,사고유형_대분류,사고유형_중분류,법규위반,도로형태_대분류,도로형태,당사자종별_1당_대분류,당사자종별_2당_대분류,경도,위도,발생지,사고피해정도,사고차량타입,도시여부,주말/공휴일,인구수,발생지번호,보행자의위치,무단횡단여부
10597,2017-11-29,0,2,1,2,1,0,0,전북,전주시,0,0,0,0,0,0,0,127.1401,35.8541,전북전주시,0,0,0,0,0,11,1,1
10598,2017-11-30,0,3,1,1,0,0,0,서울,동작구,0,2,0,1,1,1,0,126.9608,37.5071,서울동작구,0,1,0,0,0,93,1,1
10602,2017-11-30,1,3,1,1,0,0,0,경기,수원시,0,1,0,1,1,1,0,126.97,37.3031,경기수원시,0,1,0,0,0,99,1,1
10603,2017-11-30,0,3,1,1,0,0,0,경북,상주시,0,0,1,0,0,1,0,128.2181,36.3195,경북상주시,0,1,0,0,0,58,1,0
10604,2017-11-30,0,3,1,1,0,0,0,서울,노원구,0,4,0,1,1,2,0,127.0791,37.6186,서울노원구,0,2,0,0,0,18,0,0
10606,2017-11-30,0,3,1,1,0,0,0,강원,양양군,0,0,0,1,1,0,0,128.6339,38.1075,강원양양군,0,0,0,0,0,164,1,1
10607,2017-11-30,0,3,1,1,0,0,0,서울,은평구,0,0,0,0,0,2,0,126.9307,37.6096,서울은평구,0,2,0,0,0,139,1,1
10609,2017-12-01,0,4,1,1,0,0,0,경기,수원시,0,2,0,0,0,2,0,127.0343,37.2514,경기수원시,0,2,0,0,0,99,1,1
10612,2017-12-01,0,4,1,1,0,0,0,서울,강서구,0,0,1,1,3,1,0,126.834,37.5401,서울강서구,0,1,0,0,0,43,1,0
10613,2017-12-01,0,4,1,1,0,0,0,전북,군산시,0,1,0,0,0,0,0,126.7048,35.9929,전북군산시,0,0,0,0,0,166,1,1
10615,2017-12-01,1,4,1,1,0,0,0,전남,여수시,0,0,0,1,2,0,0,127.7313,34.7403,전남여수시,0,0,0,0,0,102,1,1
10620,2017-12-01,1,4,1,1,0,0,0,부산,사하구,0,3,0,2,4,0,0,129.007,35.091,부산사하구,0,0,0,0,0,25,0,0
10621,2017-12-01,1,4,1,1,0,0,0,경북,안동시,0,1,0,0,0,0,0,128.752,36.6054,경북안동시,0,0,0,0,0,66,1,1
10622,2017-12-01,0,4,1,1,0,0,0,울산,중구,0,0,1,0,0,1,0,129.3022,35.552,울산중구,0,1,0,0,0,205,1,0
10624,2017-12-02,0,5,1,1,0,0,0,전남,목포시,0,0,3,1,3,0,0,126.3872,34.7952,전남목포시,0,0,0,1,0,153,1,1
10625,2017-12-02,1,5,1,1,0,0,0,제주,제주시,0,2,0,0,0,1,0,126.2046,33.3678,제주제주시,0,1,0,1,0,90,1,1
10626,2017-12-02,1,5,1,1,0,0,0,강원,강릉시,0,0,2,0,0,2,0,128.8848,37.748,강원강릉시,0,2,0,1,0,194,1,1
10633,2017-12-02,0,5,1,1,0,0,0,서울,성북구,0,0,0,1,2,1,0,127.0363,37.5927,서울성북구,0,1,0,1,0,167,1,1
10635,2017-12-02,0,5,1,1,0,0,0,세종,세종,0,1,0,0,0,0,0,127.2787,36.5461,세종세종,0,0,1,1,0,229,1,1
10636,2017-12-02,0,5,1,1,0,0,0,울산,남구,0,0,0,1,2,0,0,129.3112,35.5422,울산남구,0,0,0,1,0,213,1,1
10637,2017-12-03,0,6,1,2,1,0,0,서울,용산구,0,0,2,0,0,0,0,126.9896,37.5196,서울용산구,0,0,0,1,0,134,1,1
10639,2017-12-03,1,6,1,1,0,0,0,강원,강릉시,0,2,0,0,0,2,0,128.8607,37.7969,강원강릉시,0,2,0,1,0,194,1,1
10640,2017-12-03,1,6,1,1,0,0,0,제주,제주시,0,0,0,1,2,0,0,126.1758,33.3003,제주제주시,0,0,0,1,0,90,1,1
10641,2017-12-03,0,6,1,1,0,0,0,경북,상주시,0,2,0,0,0,0,0,128.1591,36.5399,경북상주시,0,0,0,1,0,58,1,1
10644,2017-12-04,0,0,1,1,0,0,0,대전,동구,0,0,0,1,3,0,0,127.4588,36.3214,대전동구,0,0,0,0,0,80,1,1
10645,2017-12-04,0,0,1,1,0,0,0,서울,종로구,0,1,0,0,0,0,0,127.017,37.5733,서울종로구,0,0,0,0,0,116,1,1
10649,2017-12-04,1,0,1,1,0,0,0,서울,동대문구,0,1,0,0,0,1,0,127.0629,37.6023,서울동대문구,0,1,0,0,0,201,1,1
10650,2017-12-04,1,0,1,1,0,0,0,서울,은평구,0,2,0,0,0,2,0,126.9155,37.6054,서울은평구,0,2,0,0,0,139,1,1
10652,2017-12-04,1,0,1,1,0,0,0,서울,강동구,0,1,0,0,0,1,0,127.1552,37.5552,서울강동구,0,1,0,0,0,91,1,1
10653,2017-12-04,0,0,1,1,0,0,0,경남,창원시(통합),0,3,0,0,0,0,0,128.6831,35.2771,경남창원시(통합),0,0,0,0,0,86,0,0
10655,2017-12-04,0,0,1,1,0,0,0,울산,울주군,0,2,0,0,0,0,0,129.1471,35.6121,울산울주군,0,0,0,0,0,17,1,1
10657,2017-12-04,0,0,1,1,0,0,0,경남,사천시,0,2,0,0,0,0,0,128.0783,35.059,경남사천시,0,0,0,0,0,57,1,1
10660,2017-12-05,1,1,1,1,0,0,0,경북,울릉군,0,1,0,2,4,1,0,130.8743,37.5415,경북울릉군,0,1,0,0,0,230,1,1
10666,2017-12-05,0,1,1,1,0,0,0,경기,화성시,0,0,0,0,0,2,0,127.0638,37.1995,경기화성시,0,2,0,0,0,50,1,1
10667,2017-12-06,0,2,1,1,0,0,0,대구,달서구,0,0,0,0,0,0,0,128.5515,35.8372,대구달서구,0,0,0,0,0,20,1,1
10671,2017-12-06,1,2,1,1,0,0,0,충북,음성군,0,0,2,1,1,0,0,127.5536,36.9798,충북음성군,0,0,0,0,0,110,1,1
10672,2017-12-06,1,2,1,1,0,0,0,대구,북구,0,0,1,1,3,1,0,128.5968,35.9275,대구북구,0,1,0,0,0,112,1,0
10673,2017-12-06,0,2,1,1,0,0,0,경기,부천시,0,0,0,0,0,1,0,126.8087,37.483,경기부천시,0,1,0,0,0,65,1,1
10674,2017-12-06,0,2,1,1,0,0,0,전북,김제시,0,0,4,1,1,0,0,126.9805,35.8151,전북김제시,0,0,0,0,0,34,1,1
10675,2017-12-06,0,2,1,1,0,0,0,경기,성남시,0,0,3,1,3,2,0,127.139,37.4147,경기성남시,0,2,0,0,0,95,1,1
10677,2017-12-07,0,3,1,1,0,0,0,전북,정읍시,0,0,0,1,1,2,0,126.8342,35.5726,전북정읍시,0,2,0,0,0,12,1,1
10678,2017-12-07,0,3,1,1,0,0,0,충남,태안군,0,0,4,1,3,0,0,126.3013,36.7491,충남태안군,0,0,0,0,0,169,1,1
10679,2017-12-07,1,3,1,1,0,0,0,대전,중구,0,2,0,0,0,1,0,127.3976,36.3182,대전중구,0,1,0,0,0,39,1,1
10682,2017-12-07,1,3,1,1,0,0,0,서울,송파구,0,0,3,1,3,3,0,127.1123,37.5176,서울송파구,0,3,0,0,0,156,1,1
10685,2017-12-07,1,3,1,1,0,0,0,서울,강동구,0,1,0,0,0,0,0,127.1413,37.558,서울강동구,0,0,0,0,0,91,1,1
10686,2017-12-07,0,3,1,1,0,0,0,경기,군포시,0,1,0,0,0,2,0,126.9344,37.3324,경기군포시,0,2,0,0,0,126,1,1
10693,2017-12-08,1,4,1,1,0,0,0,부산,사하구,0,1,2,0,0,0,0,128.9713,35.0853,부산사하구,0,0,0,0,0,25,1,1
10694,2017-12-08,1,4,1,1,0,0,0,전남,고흥군,0,0,0,1,1,1,0,127.3234,34.5087,전남고흥군,0,1,0,0,0,191,1,1
10698,2017-12-08,1,4,1,1,0,0,0,경기,부천시,0,1,0,1,1,1,0,126.7752,37.4915,경기부천시,0,1,0,0,0,65,1,1
10700,2017-12-08,1,4,1,1,0,0,0,경기,수원시,0,2,0,0,0,2,0,127.0096,37.2867,경기수원시,0,2,0,0,0,99,1,1
10702,2017-12-08,1,4,1,1,0,0,0,대전,동구,0,1,0,0,0,0,0,127.4607,36.2953,대전동구,0,0,0,0,0,80,1,1
10705,2017-12-08,0,4,1,1,0,0,0,충북,청주시,0,0,3,1,3,0,0,127.4382,36.6154,충북청주시,0,0,0,0,0,83,1,1
10707,2017-12-09,0,5,1,1,0,0,0,전북,정읍시,0,0,0,2,4,0,0,126.8316,35.6832,전북정읍시,0,0,0,1,0,12,1,1
10708,2017-12-09,0,5,1,1,0,0,0,대구,달서구,0,0,0,0,0,0,0,128.5445,35.845,대구달서구,0,0,0,1,0,20,1,1
10709,2017-12-09,0,5,1,1,0,0,0,경기,안양시,0,0,1,1,3,0,0,126.9753,37.3946,경기안양시,0,0,0,1,0,151,1,0
10711,2017-12-09,0,5,1,1,0,0,0,서울,동작구,0,0,0,0,0,0,0,126.9507,37.5128,서울동작구,0,0,0,1,0,93,1,1
10712,2017-12-09,1,5,1,1,0,0,0,전북,순창군,0,1,0,0,0,0,0,126.9792,37.5665,전북순창군,0,0,0,1,0,131,1,1
10714,2017-12-09,1,5,1,1,0,0,0,경남,진주시,0,1,1,0,0,0,0,128.0877,35.1951,경남진주시,0,0,0,1,0,42,1,0
10715,2017-12-09,1,5,1,1,0,0,0,충남,논산시,0,1,0,0,0,1,0,127.0982,36.1273,충남논산시,0,1,0,1,0,61,1,1
10718,2017-12-09,0,5,1,1,0,0,0,전북,익산시,0,0,1,1,3,0,0,127.0755,35.9996,전북익산시,0,0,0,1,0,125,1,0
10719,2017-12-10,0,6,1,1,0,0,0,충남,당진시,0,1,0,0,0,1,0,126.6351,36.8936,충남당진시,0,1,0,1,0,46,1,1
10720,2017-12-10,0,6,1,1,0,0,0,서울,구로구,0,0,0,1,1,0,0,126.8468,37.5016,서울구로구,0,0,0,1,0,79,1,1
10724,2017-12-10,1,6,1,1,0,0,0,대구,달서구,0,1,0,0,0,0,0,128.5307,35.848,대구달서구,0,0,0,1,0,20,1,1
10727,2017-12-10,0,6,1,1,0,0,0,경북,영천시,0,0,2,1,2,0,0,129.046,36.0008,경북영천시,0,0,0,1,0,5,1,1
10728,2017-12-11,1,0,1,1,0,0,0,경남,거제시,0,0,0,1,1,0,0,128.5726,34.8887,경남거제시,0,0,0,0,0,15,1,1
10732,2017-12-11,0,0,1,1,0,0,0,강원,원주시,0,0,0,0,0,0,0,127.9553,37.3423,강원원주시,0,0,0,0,0,36,1,1
10733,2017-12-11,0,0,1,1,0,0,0,전남,여수시,0,2,0,0,0,0,0,127.7583,34.7194,전남여수시,0,0,0,0,0,102,1,1
10735,2017-12-12,1,1,1,1,0,0,0,경남,창원시(통합),0,2,0,0,0,1,0,128.6805,35.2424,경남창원시(통합),0,1,0,0,0,86,1,1
10739,2017-12-12,1,1,1,1,0,0,0,울산,울주군,0,0,0,0,0,3,0,129.2864,35.6258,울산울주군,0,3,0,0,0,17,1,1
10742,2017-12-12,0,1,1,1,0,0,0,강원,춘천시,0,3,0,0,0,0,0,127.7289,37.82,강원춘천시,0,0,0,0,0,111,0,0
10743,2017-12-13,0,2,1,1,0,0,0,서울,중랑구,0,0,0,0,0,0,0,127.0821,37.5917,서울중랑구,0,0,0,0,0,196,1,1
10747,2017-12-13,1,2,1,1,0,0,0,충남,예산군,0,1,0,1,2,5,0,126.8067,36.685,충남예산군,0,5,0,0,0,187,1,1
10748,2017-12-13,1,2,1,1,0,0,0,전북,익산시,0,0,1,1,3,2,0,126.9534,35.9385,전북익산시,0,2,0,0,0,125,1,0
10758,2017-12-14,1,3,1,1,0,0,0,경북,경주시,0,0,0,0,0,0,0,129.2195,35.8417,경북경주시,0,0,0,0,0,100,1,1
10759,2017-12-14,0,3,1,1,0,0,0,제주,서귀포시,0,2,0,0,0,0,0,126.7699,33.3545,제주서귀포시,0,0,0,0,0,62,1,1
10760,2017-12-14,0,3,1,1,0,0,0,서울,관악구,0,2,0,1,1,0,0,126.9353,37.4861,서울관악구,0,0,0,0,0,188,1,1
10762,2017-12-15,0,4,1,1,0,0,0,경기,평택시,0,2,2,0,0,0,0,127.1385,37.033,경기평택시,0,0,0,0,0,14,1,1
10764,2017-12-15,0,4,1,1,0,0,0,충남,천안시,0,0,0,1,2,1,0,127.1732,36.8332,충남천안시,0,1,0,0,0,63,1,1
10765,2017-12-15,0,4,1,1,0,0,0,경북,포항시,0,0,2,1,1,5,0,129.3856,35.9669,경북포항시,0,5,0,0,0,160,1,1
10766,2017-12-15,0,4,1,1,0,0,0,인천,남구,0,0,0,2,4,0,0,126.6619,37.4663,인천남동구,0,0,0,0,0,29,1,1
10768,2017-12-15,1,4,1,1,0,0,0,경기,부천시,0,0,1,1,3,1,0,126.7843,37.4829,경기부천시,0,1,0,0,0,65,1,0
10770,2017-12-15,1,4,1,1,0,0,0,전북,군산시,0,1,0,0,0,1,0,126.8647,35.9382,전북군산시,0,1,0,0,0,166,1,1
10771,2017-12-15,1,4,1,1,0,0,0,경북,봉화군,0,3,0,1,2,0,0,128.9381,36.9133,경북봉화군,0,0,0,0,0,149,0,0
10776,2017-12-15,0,4,1,1,0,0,0,경기,포천시,0,2,0,0,0,1,0,127.3004,37.9089,경기포천시,0,1,0,0,0,171,1,1
10777,2017-12-15,0,4,1,1,0,0,0,경기,포천시,0,2,0,0,0,0,0,127.1876,37.8814,경기포천시,0,0,0,0,0,171,1,1
10779,2017-12-16,0,5,1,2,0,1,0,인천,남구,0,0,2,0,0,0,0,126.6896,37.4526,인천남동구,0,0,0,1,0,29,1,1
10780,2017-12-16,0,5,1,1,0,0,0,강원,춘천시,0,0,1,0,0,0,0,127.7377,37.8694,강원춘천시,0,0,0,1,0,111,1,0
10782,2017-12-16,1,5,1,1,0,0,0,제주,제주시,0,0,0,1,2,0,0,126.5083,33.5054,제주제주시,0,0,0,1,0,90,1,1
10784,2017-12-16,0,5,1,2,1,0,0,경북,경주시,0,2,0,0,0,0,0,129.3009,35.7151,경북경주시,0,0,0,1,0,100,1,1
10787,2017-12-17,0,6,1,3,0,2,0,서울,서초구,0,2,2,0,0,0,0,127.0407,37.4627,서울서초구,0,0,0,1,0,214,1,1
10788,2017-12-17,0,6,1,1,0,0,0,경남,김해시,0,0,0,0,0,0,0,128.7646,35.2886,경남김해시,0,0,0,1,0,13,1,1
10791,2017-12-17,0,6,1,1,0,0,0,대구,서구,0,0,0,0,0,0,0,128.5751,35.8867,대구서구,0,0,0,1,0,107,1,1
10793,2017-12-18,0,0,1,1,0,0,0,서울,강북구,0,0,0,0,0,0,0,127.0177,37.6316,서울강북구,0,0,0,0,0,200,1,1
10794,2017-12-18,1,0,1,1,0,0,0,경북,영천시,0,0,3,1,3,0,0,128.9347,35.9629,경북영천시,0,0,0,0,0,5,1,1
10795,2017-12-18,1,0,1,2,1,0,0,서울,관악구,0,1,0,0,0,0,0,126.9521,37.4878,서울관악구,0,0,0,0,0,188,1,1
10798,2017-12-18,1,0,1,1,0,0,0,충북,청주시,0,0,0,0,0,0,0,127.4136,36.6468,충북청주시,0,0,0,0,0,83,1,1
10799,2017-12-18,0,0,1,1,0,0,0,부산,연제구,0,2,0,0,0,0,0,129.0698,35.1817,부산연제구,0,0,0,0,0,221,1,1
10800,2017-12-18,0,0,1,1,0,0,0,경기,동두천시,0,0,2,0,0,0,0,127.0581,37.9049,경기동두천시,0,0,0,0,0,94,1,1
10806,2017-12-19,1,1,1,1,0,0,0,인천,남구,0,0,0,0,0,1,0,126.6529,37.4617,인천남동구,0,1,0,0,0,29,1,1
10810,2017-12-19,0,1,1,1,0,0,0,경기,안성시,0,0,3,1,1,0,0,127.2192,37.0103,경기안성시,0,0,0,0,0,23,1,1
10811,2017-12-19,0,1,1,1,0,0,0,울산,울주군,0,2,0,0,0,0,0,129.0836,35.5564,울산울주군,0,0,0,0,0,17,1,1
10815,2017-12-20,1,2,1,1,0,0,0,부산,금정구,0,3,1,1,2,1,0,129.0892,35.2254,부산금정구,0,1,0,0,0,96,0,0
10818,2017-12-20,1,2,1,1,0,0,0,전남,진도군,0,0,0,0,0,0,0,126.264,34.483,전남진도군,0,0,0,0,0,71,1,1
10819,2017-12-20,1,2,1,1,0,0,0,전북,완주군,0,1,0,0,0,1,0,127.0742,35.9116,전북완주군,0,1,0,0,0,28,1,1
10821,2017-12-20,0,2,1,1,0,0,0,충북,청주시,0,1,0,0,0,0,0,127.486,36.6635,충북청주시,0,0,0,0,0,83,1,1
10822,2017-12-20,0,2,1,1,0,0,0,경기,시흥시,0,0,0,1,3,0,0,126.797,37.4468,경기시흥시,0,0,0,0,0,73,1,1
10825,2017-12-21,0,3,1,1,0,0,0,전북,전주시,0,0,2,1,2,1,0,127.1217,35.8656,전북전주시,0,1,0,0,0,11,1,1
10830,2017-12-21,1,3,1,1,0,0,0,대구,수성구,0,4,1,0,0,0,0,128.7068,35.8384,대구수성구,0,0,0,0,0,37,0,0
10835,2017-12-22,0,4,1,1,0,0,0,인천,남동구,0,0,0,1,1,0,0,126.7031,37.4455,인천남동구,0,0,0,0,0,29,1,1
10836,2017-12-22,0,4,1,1,0,0,0,광주,서구,0,0,0,0,0,0,0,126.8944,35.1514,광주서구,0,0,0,0,0,222,1,1
10838,2017-12-22,0,4,1,1,0,0,0,경기,시흥시,0,0,1,0,0,1,0,126.7424,37.3509,경기시흥시,0,1,0,0,0,73,1,0
10839,2017-12-22,1,4,1,1,0,0,0,경남,양산시,0,0,3,1,3,0,0,129.0564,35.4124,경남양산시,0,0,0,0,0,49,1,1
10840,2017-12-22,1,4,1,1,0,0,0,전북,전주시,0,1,0,1,1,0,0,127.1382,35.8328,전북전주시,0,0,0,0,0,11,1,1
10845,2017-12-22,1,4,1,1,0,0,0,광주,동구,0,0,1,1,3,1,0,126.9295,35.1298,광주동구,0,1,0,0,0,162,1,0
10847,2017-12-22,1,4,1,1,0,0,0,경기,수원시,0,0,0,1,1,1,0,126.9996,37.2788,경기수원시,0,1,0,0,0,99,1,1
10850,2017-12-22,1,4,1,1,0,0,0,경북,경산시,0,0,3,1,3,0,0,128.8341,35.9396,경북경산시,0,0,0,0,0,52,1,1
10851,2017-12-22,0,4,1,1,0,0,0,경남,밀양시,0,1,0,0,0,1,0,128.7239,35.3687,경남밀양시,0,1,0,0,0,177,1,1
10855,2017-12-23,0,5,1,1,0,0,0,경남,함안군,0,1,0,0,0,0,0,128.5025,35.2908,경남함안군,0,0,0,1,0,117,1,1
10856,2017-12-23,0,5,1,1,0,0,0,울산,남구,0,1,0,1,2,1,0,129.3353,35.5442,울산남구,0,1,0,1,0,213,1,1
10857,2017-12-23,0,5,1,1,0,0,0,울산,남구,0,1,0,0,0,0,0,129.324,35.541,울산남구,0,0,0,1,0,213,1,1
10858,2017-12-23,1,5,1,1,0,0,0,전남,목포시,0,2,0,0,0,0,0,126.4364,34.802,전남목포시,0,0,0,1,0,153,1,1
10859,2017-12-23,1,5,1,1,0,0,0,전남,목포시,0,1,0,0,0,3,0,126.3921,34.7884,전남목포시,0,3,0,1,0,153,1,1
10862,2017-12-23,1,5,1,1,0,0,0,경기,의정부시,0,0,0,0,0,2,0,127.0753,37.7562,경기의정부시,0,2,0,1,0,64,1,1
10864,2017-12-23,1,5,1,1,0,0,0,충남,서천군,0,2,0,1,1,0,0,126.684,36.0825,충남서천군,0,0,0,1,0,10,1,1
10865,2017-12-23,0,5,1,1,0,0,0,충남,예산군,0,1,0,0,0,0,0,126.7867,36.6756,충남예산군,0,0,0,1,0,187,1,1
10866,2017-12-23,0,5,1,1,0,0,0,경기,양평군,0,0,0,1,1,1,0,127.5024,37.4907,경기양평군,0,1,0,1,0,48,1,1
10869,2017-12-24,0,6,1,1,0,0,0,전남,목포시,0,1,0,1,2,0,0,126.395,34.8045,전남목포시,0,0,0,1,0,153,1,1
10873,2017-12-24,1,6,1,1,0,0,0,전남,보성군,0,0,1,1,2,2,0,127.0867,34.6758,전남보성군,0,2,0,1,0,122,1,0
10875,2017-12-24,0,6,1,1,0,0,0,경북,영덕군,0,1,0,0,0,0,0,129.4008,36.5654,경북영덕군,0,0,0,1,0,54,1,1
10878,2017-12-25,1,0,1,1,0,0,0,경기,파주시,0,4,1,1,3,0,0,126.7806,37.8643,경기파주시,0,0,0,1,0,175,0,0
10881,2017-12-25,1,0,1,1,0,0,0,경남,창원시(통합),0,0,1,1,3,4,0,128.568,35.1924,경남창원시(통합),0,4,0,1,0,86,1,0
10883,2017-12-25,0,0,1,1,0,0,0,충남,서산시,0,0,1,1,2,0,0,126.5369,36.7028,충남서산시,0,0,0,1,0,69,1,0
10889,2017-12-26,1,1,1,1,0,0,0,충남,아산시,0,4,1,1,3,0,0,127.0014,36.7848,충남아산시,0,0,0,0,0,53,0,0
10891,2017-12-26,1,1,1,1,0,0,0,경남,거제시,0,1,0,0,0,0,0,128.6852,34.8994,경남거제시,0,0,0,0,0,15,1,1
10892,2017-12-26,1,1,1,1,0,0,0,충북,진천군,0,1,0,0,0,1,0,127.4513,36.9088,충북진천군,0,1,0,0,0,60,1,1
10893,2017-12-26,0,1,1,1,0,0,0,대전,중구,0,2,0,0,0,0,0,127.4176,36.3377,대전중구,0,0,0,0,0,39,1,1
10894,2017-12-26,0,1,1,1,0,0,0,전남,나주시,0,0,0,0,0,0,0,126.7132,35.0228,전남나주시,0,0,0,0,0,33,1,1
10895,2017-12-26,0,1,1,1,0,0,0,충북,음성군,0,0,0,0,0,0,0,127.5927,36.9929,충북음성군,0,0,0,0,0,110,1,1
10901,2017-12-27,0,2,1,1,0,0,0,광주,북구,0,0,0,0,0,0,0,126.9357,35.1617,광주북구,0,0,0,0,0,137,1,1
10903,2017-12-27,1,2,1,1,0,0,0,경기,용인시,0,1,0,0,0,1,0,127.1822,37.1749,경기용인시,0,1,0,0,0,51,1,1
10906,2017-12-27,1,2,1,1,0,0,0,전북,전주시,0,1,0,0,0,2,0,127.1331,35.808,전북전주시,0,2,0,0,0,11,1,1
10911,2017-12-27,1,2,1,1,0,0,0,대전,동구,0,0,1,0,0,0,0,127.4524,36.3275,대전동구,0,0,0,0,0,80,1,0
10912,2017-12-27,0,2,1,1,0,0,0,서울,은평구,0,0,3,0,0,1,0,126.9159,37.591,서울은평구,0,1,0,0,0,139,1,1
10915,2017-12-27,0,2,1,1,0,0,0,대구,서구,0,1,0,1,2,0,0,128.5495,35.8726,대구서구,0,0,0,0,0,107,1,1
10917,2017-12-27,0,2,1,1,0,0,0,서울,송파구,0,0,2,0,0,0,0,127.0741,37.5113,서울송파구,0,0,0,0,0,156,1,1
10918,2017-12-27,0,2,1,1,0,0,0,경기,평택시,0,1,0,1,1,0,0,127.0817,36.9939,경기평택시,0,0,0,0,0,14,1,1
10919,2017-12-28,1,3,1,1,0,0,0,전북,순창군,0,1,0,2,4,1,0,127.145,35.3757,전북순창군,0,1,0,0,0,131,1,1
10922,2017-12-28,0,3,1,1,0,0,0,경기,동두천시,0,2,0,0,0,1,0,127.0241,37.9099,경기동두천시,0,1,0,0,0,94,1,1
10923,2017-12-28,0,3,1,3,2,0,0,부산,동래구,0,0,1,1,3,0,0,129.0854,35.2222,부산동래구,1,0,0,0,0,216,1,0
10924,2017-12-28,0,3,1,1,0,0,0,서울,동대문구,0,1,0,0,0,1,0,127.0234,37.5749,서울동대문구,0,1,0,0,0,201,1,1
10925,2017-12-29,0,4,1,2,0,1,0,전남,영암군,0,2,2,0,0,0,0,126.3735,34.7488,전남영암군,0,0,0,0,0,16,1,1
10926,2017-12-29,0,4,1,2,1,0,0,경기,화성시,0,1,0,1,1,1,0,127.1098,37.2079,경기화성시,0,1,0,0,0,50,1,1
10928,2017-12-29,0,4,1,1,0,0,0,경기,수원시,0,0,0,0,0,1,0,127.0291,37.2782,경기수원시,0,1,0,0,0,99,1,1
10932,2017-12-29,0,4,1,4,1,2,0,전남,영암군,0,1,0,1,1,0,0,126.7404,34.8181,전남영암군,1,0,0,0,0,16,1,1
10936,2017-12-30,0,5,1,1,0,0,0,전남,여수시,0,1,0,2,4,0,0,127.6455,34.7754,전남여수시,0,0,0,1,0,102,1,1
10939,2017-12-30,1,5,1,1,0,0,0,전북,완주군,0,0,0,0,0,1,0,127.1688,35.9421,전북완주군,0,1,0,1,0,28,1,1
10942,2017-12-30,0,5,2,2,0,0,0,경북,영덕군,0,0,2,0,0,0,0,129.3751,36.2701,경북영덕군,0,0,0,1,0,54,1,1
10943,2017-12-30,0,5,1,1,0,0,0,경북,영천시,0,0,1,1,1,1,0,128.878,35.9326,경북영천시,0,1,0,1,0,5,1,0
10946,2017-12-31,0,6,1,1,0,0,0,경기,용인시,0,2,2,0,0,0,0,127.0845,37.3123,경기용인시,0,0,0,1,0,51,1,1
10947,2017-12-31,1,6,1,1,0,0,0,제주,제주시,0,1,0,0,0,0,0,126.3489,33.4662,제주제주시,0,0,0,1,0,90,1,1
10949,2017-12-31,1,6,1,1,0,0,0,대전,서구,0,0,3,1,1,4,0,127.3703,36.3223,대전서구,0,4,0,1,0,4,1,1
10954,2017-12-31,0,6,1,1,0,0,0,대전,동구,0,0,0,0,0,4,0,127.4477,36.3274,대전동구,0,4,0,1,0,80,1,1
10955,2016-12-23,0,4,1,1,0,0,0,경기,광주시,0,1,0,1,1,0,0,127.2936,37.3877,경기광주시,0,0,0,0,0,9,1,1
10956,2016-12-25,1,6,1,1,0,0,0,서울,금천구,0,0,0,0,0,0,0,126.8891,37.4788,서울금천구,0,0,0,1,0,109,1,1
10957,2016-12-25,0,6,1,1,0,0,0,충북,진천군,0,2,0,0,0,1,0,127.4316,36.9159,충북진천군,0,1,0,1,0,60,1,1
10958,2016-12-26,1,0,1,1,0,0,0,경북,경주시,0,0,0,0,0,2,0,129.2822,35.7424,경북경주시,0,2,0,0,0,100,1,1
10959,2016-12-28,0,2,1,1,0,0,0,경남,진주시,0,0,1,0,0,0,0,128.118,35.1735,경남진주시,0,0,0,0,0,42,1,0
10960,2016-11-12,1,5,1,1,0,0,0,경남,거제시,0,0,0,0,0,3,0,128.62,34.8857,경남거제시,0,3,0,1,0,15,1,1
10961,2016-11-09,0,2,1,1,0,0,0,경기,포천시,0,1,0,0,0,0,0,127.1447,37.8257,경기포천시,0,0,0,0,0,171,1,1
10962,2016-11-10,0,3,1,1,0,0,0,인천,서구,0,0,1,0,0,0,0,126.6781,37.5006,인천서구,0,0,0,0,0,97,1,0
10964,2016-11-08,0,1,1,1,0,0,0,전남,순천시,0,2,0,0,0,0,0,127.4576,34.8816,전남순천시,0,0,0,0,0,27,1,1
10965,2016-11-13,0,6,1,2,1,0,0,서울,용산구,0,0,0,0,0,4,0,126.9801,37.5205,서울용산구,0,4,0,1,0,134,1,1
10966,2016-11-13,0,6,1,1,0,0,0,전남,보성군,0,2,0,0,0,0,0,127.345,34.8306,전남보성군,0,0,0,1,0,122,1,1
10969,2016-11-27,0,6,1,1,0,0,0,경북,칠곡군,0,0,0,0,0,0,0,128.3994,35.9909,경북칠곡군,0,0,0,1,0,21,1,1
10970,2016-11-19,1,5,1,1,0,0,0,서울,중랑구,0,2,0,0,3,0,0,127.0875,37.589,서울중랑구,0,0,0,1,0,196,1,1
10976,2016-11-20,1,6,1,1,0,0,0,부산,남구,0,2,0,0,0,1,0,129.0649,35.1428,부산남구,0,1,0,1,0,180,1,1
10982,2016-11-02,0,2,1,1,0,0,0,경남,거창군,0,3,0,0,0,1,0,127.931,35.6471,경남거창군,0,1,0,0,0,154,0,0
10985,2016-12-08,0,3,1,1,0,0,0,대전,유성구,0,0,1,0,3,2,0,127.3903,36.4266,대전유성구,0,2,0,0,0,148,1,0