index,발생년월일,주야,요일,사망자수,사상자수,중상자수,경상자수,부상신고자수,발생지시도,발생지시군구,사고유형_대분류,사고유형_중분류,법규위반,도로형태_대분류,도로형태,당사자종별_1당_대분류,당사자종별_2당_대분류,경도,위도,발생지,사고피해정도,사고차량타입,도시여부,주말/공휴일,인구수,발생지번호,보행자의위치,무단횡단여부
10988,2016-02-21,1,6,1,1,0,0,0,강원,원주시,0,2,0,1,2,1,0,127.9423,37.3356,강원원주시,0,1,0,1,0,36,1,1
10992,2016-02-27,1,5,1,1,0,0,0,경기,부천시,0,1,0,0,0,0,0,126.7599,37.5108,경기부천시,0,0,0,1,0,65,1,1
10993,2016-02-27,1,5,1,1,0,0,0,경북,칠곡군,0,4,4,1,2,0,0,128.3962,35.9957,경북칠곡군,0,0,0,1,0,21,0,0
10997,2016-02-16,1,1,1,1,0,0,0,경남,거제시,0,0,1,1,2,1,0,128.6447,34.8886,경남거제시,0,1,0,0,0,15,1,0
10998,2016-02-19,0,4,1,1,0,0,0,경기,수원시,0,0,2,0,0,0,0,127.073,37.2471,경기수원시,0,0,0,0,0,99,1,1
11001,2016-02-25,1,3,1,1,0,0,0,경기,안산시,0,0,0,0,0,0,0,126.8472,37.3028,경기안산시,0,0,0,0,0,2,1,1
11003,2016-02-27,0,5,1,1,0,0,0,제주,서귀포시,0,0,0,0,0,0,0,126.5048,33.2499,제주서귀포시,0,0,0,1,0,62,1,1
11004,2016-02-27,0,5,1,1,0,0,0,인천,연수구,0,4,1,0,0,0,0,126.6572,37.4267,인천연수구,0,0,0,1,0,35,0,0
11005,2016-02-26,1,4,1,1,0,0,0,경기,부천시,0,0,1,1,1,0,0,126.8051,37.4811,경기부천시,0,0,0,0,0,65,1,0
11006,2016-02-26,1,4,1,1,0,0,0,경북,예천군,0,0,0,0,0,0,0,128.4379,36.7236,경북예천군,0,0,0,0,0,55,1,1
11008,2016-02-26,1,4,1,1,0,0,0,서울,강동구,0,0,5,0,0,0,0,127.1375,37.557,서울강동구,0,0,0,0,0,91,1,1
11010,2016-03-04,0,4,1,1,0,0,0,충북,청주시,0,0,3,0,3,0,0,127.5107,36.6878,충북청주시,0,0,0,0,0,83,1,1
11012,2016-03-07,1,0,1,1,0,0,0,세종,세종,0,1,2,0,0,1,0,127.2769,36.4682,세종세종,0,1,1,0,0,229,1,1
11013,2016-03-07,0,0,1,1,0,0,0,대구,동구,0,0,0,0,3,0,0,128.6258,35.8841,대구동구,0,0,0,0,0,26,1,1
11015,2016-03-07,1,0,1,1,0,0,0,서울,성동구,0,0,1,1,1,5,0,127.0342,37.5543,서울성동구,0,5,0,0,0,84,1,0
11016,2016-02-12,0,4,1,1,0,0,0,경북,영주시,0,1,0,0,0,0,0,128.534,36.8524,경북영주시,0,0,0,0,0,113,1,1
11019,2016-02-17,0,2,1,1,0,0,0,전북,부안군,0,2,0,2,4,0,0,126.7328,35.7198,전북부안군,0,0,0,0,0,185,1,1
11020,2016-02-18,0,3,1,1,0,0,0,충북,청주시,0,0,2,0,3,0,0,127.4593,36.6432,충북청주시,0,0,0,0,0,83,1,1
11025,2016-02-28,0,6,1,2,1,0,0,경기,평택시,0,1,0,0,0,0,0,127.0487,37.0154,경기평택시,0,0,0,1,0,14,1,1
11027,2016-02-25,1,3,1,1,0,0,0,경기,수원시,0,0,0,1,2,1,0,127.0174,37.2422,경기수원시,0,1,0,0,0,99,1,1
11028,2016-02-16,1,1,1,1,0,0,0,서울,마포구,0,2,0,0,0,2,0,126.9485,37.545,서울마포구,0,2,0,0,0,159,1,1
11029,2016-02-21,0,6,1,1,0,0,0,전남,순천시,0,0,0,0,0,0,0,127.5487,34.9644,전남순천시,0,0,0,1,0,27,1,1
11031,2016-02-29,0,0,1,1,0,0,0,경기,평택시,0,0,0,0,0,2,0,127.0577,37.0831,경기평택시,0,2,0,0,0,14,1,1
11035,2016-03-06,1,6,1,1,0,0,0,충북,진천군,0,1,0,0,0,0,0,127.4599,36.8584,충북진천군,0,0,0,1,0,60,1,1
11037,2016-03-06,0,6,2,2,0,0,0,대구,달성군,0,0,2,0,0,0,0,128.6498,35.7524,대구달성군,0,0,0,1,0,30,1,1
11039,2016-02-14,0,6,1,1,0,0,0,서울,송파구,0,1,0,2,0,0,0,127.1249,37.4675,서울송파구,0,0,0,1,0,156,1,1
11040,2016-02-13,0,5,1,2,0,1,0,서울,마포구,0,2,0,0,0,0,0,126.952,37.5571,서울마포구,0,0,0,1,0,159,1,1
11041,2016-02-13,0,5,1,1,0,0,0,충남,천안시,0,0,0,0,0,0,0,127.1454,36.832,충남천안시,0,0,0,1,0,63,1,1
11042,2016-02-22,0,0,1,1,0,0,0,전북,전주시,0,0,0,0,0,2,0,127.1678,35.8396,전북전주시,0,2,0,0,0,11,1,1
11044,2016-03-07,1,0,1,1,0,0,0,경남,사천시,0,2,0,0,0,0,0,128.07,34.9614,경남사천시,0,0,0,0,0,57,1,1
11045,2016-03-08,1,1,1,1,0,0,0,서울,성동구,0,0,0,1,1,3,0,127.048,37.5406,서울성동구,0,3,0,0,0,84,1,1
11047,2016-03-05,0,5,1,1,0,0,0,경북,포항시,0,0,0,0,0,0,0,129.3693,36.0133,경북포항시,0,0,0,1,0,160,1,1
11052,2016-02-09,0,1,1,1,0,0,0,경남,통영시,0,0,0,0,0,0,0,128.4226,34.8297,경남통영시,0,0,0,1,0,212,1,1
11059,2016-03-08,1,1,1,1,0,0,0,전북,부안군,0,0,1,0,3,1,0,126.7372,35.7293,전북부안군,0,1,0,0,0,185,1,0
11060,2016-03-04,1,4,1,1,0,0,0,경북,고령군,0,0,0,0,0,4,0,128.27,35.7296,경북고령군,0,4,0,0,0,220,1,1
11061,2016-03-11,1,4,1,1,0,0,0,경남,양산시,0,0,0,1,2,1,0,129.1482,35.3907,경남양산시,0,1,0,0,0,49,1,1
11063,2016-03-13,0,6,1,1,0,0,0,대전,대덕구,0,0,2,0,0,0,0,127.4207,36.3445,대전대덕구,0,0,0,1,0,77,1,1
11066,2016-02-13,1,5,1,1,0,0,0,부산,진구,0,0,1,0,3,1,0,129.0415,35.1561,부산진구,0,1,0,1,0,231,1,0
11067,2016-02-20,1,5,1,4,3,0,0,대구,북구,0,4,4,0,0,0,0,128.591,35.8866,대구북구,1,0,0,1,0,112,0,0
11068,2016-02-20,0,5,1,1,0,0,0,충북,음성군,0,0,0,0,0,0,0,127.4517,36.9868,충북음성군,0,0,0,1,0,110,1,1
11077,2016-03-27,0,6,1,2,1,0,0,대전,유성구,0,0,0,0,0,0,0,127.3499,36.3602,대전유성구,0,0,0,1,0,148,1,1
11081,2016-04-06,1,2,1,1,0,0,0,광주,남구,0,0,0,0,0,0,0,126.8994,35.1347,광주남구,0,0,0,0,0,190,1,1
11083,2016-04-07,0,3,1,1,0,0,0,경북,안동시,0,0,0,0,0,0,0,128.7192,36.5725,경북안동시,0,0,0,0,0,66,1,1
11088,2016-03-11,0,4,1,1,0,0,0,서울,강남구,0,0,0,0,0,0,0,127.0263,37.5011,서울강남구,0,0,0,0,0,89,1,1
11090,2016-03-09,0,2,1,1,0,0,0,경기,수원시,0,0,0,0,0,0,0,127.0188,37.2705,경기수원시,0,0,0,0,0,99,1,1
11091,2016-03-16,1,2,1,1,0,0,0,경남,김해시,0,0,1,1,1,1,0,128.7311,35.3031,경남김해시,0,1,0,0,0,13,1,0
11093,2016-03-16,0,2,1,1,0,0,0,대구,달성군,0,0,0,0,0,1,0,128.4523,35.6597,대구달성군,0,1,0,0,0,30,1,1
11094,2016-03-17,1,3,1,1,0,0,0,부산,금정구,0,1,0,0,3,0,0,129.0894,35.2265,부산금정구,0,0,0,0,0,96,1,1
11098,2016-03-26,0,5,1,1,0,0,0,대전,동구,0,0,0,1,2,0,0,127.4273,36.3398,대전동구,0,0,0,1,0,80,1,1
11102,2016-04-04,1,0,1,1,0,0,0,경기,여주시,0,0,0,1,2,1,0,127.601,37.2608,경기여주시,0,1,0,0,0,22,1,1
11104,2016-04-07,0,3,1,1,0,0,0,서울,서초구,0,4,3,1,2,0,0,127.0089,37.4836,서울서초구,0,0,0,0,0,214,0,0
11110,2016-02-26,1,4,1,1,0,0,0,경기,남양주시,0,0,0,1,1,1,0,127.2009,37.7456,경기남양주시,0,1,0,0,0,70,1,1
11113,2016-03-23,0,2,1,1,0,0,0,전북,익산시,0,3,0,0,0,0,0,126.8956,35.9301,전북익산시,0,0,0,0,0,125,0,0
11114,2016-03-26,1,5,1,1,0,0,0,전남,고흥군,0,1,0,0,0,1,0,127.3371,34.8041,전남고흥군,0,1,0,1,0,191,1,1
11115,2016-03-27,1,6,1,1,0,0,0,경북,구미시,0,0,0,2,4,0,0,128.4943,36.1263,경북구미시,0,0,0,1,0,144,1,1
11116,2016-03-25,0,4,1,1,0,0,0,전남,신안군,0,0,5,0,0,0,0,126.1286,34.7459,전남신안군,0,0,0,0,0,132,1,1
11120,2016-03-29,0,1,1,1,0,0,0,경기,의정부시,0,0,0,0,3,0,0,127.0432,37.7391,경기의정부시,0,0,0,0,0,64,1,1
11121,2016-03-30,1,2,1,2,0,1,0,충북,청주시,0,1,0,0,0,0,0,127.4563,36.6379,충북청주시,0,0,0,0,0,83,1,1
11122,2016-03-31,1,3,1,1,0,0,0,전남,무안군,0,3,0,1,1,0,0,126.4871,34.9523,전남무안군,0,0,0,0,0,101,0,0
11123,2016-03-31,1,3,1,1,0,0,0,대구,북구,0,1,0,0,0,0,0,128.5738,35.888,대구북구,0,0,0,0,0,112,1,1
11132,2016-03-22,0,1,1,1,0,0,0,충남,서천군,0,2,0,0,0,2,0,126.7209,36.1026,충남서천군,0,2,0,0,0,10,1,1
11134,2016-03-30,1,2,1,1,0,0,0,광주,북구,0,0,0,1,1,1,0,126.9122,35.1666,광주북구,0,1,0,0,0,137,1,1
11138,2016-04-04,1,0,1,1,0,0,0,충남,논산시,0,0,0,1,1,0,0,127.0171,36.1578,충남논산시,0,0,0,0,0,61,1,1
11139,2016-03-12,0,5,1,1,0,0,0,충북,제천시,0,0,0,1,2,0,0,128.2116,37.1412,충북제천시,0,0,0,1,0,103,1,1
11140,2016-03-14,0,0,1,1,0,0,0,경북,포항시,0,0,0,0,0,0,0,129.3719,36.0671,경북포항시,0,0,0,0,0,160,1,1
11141,2016-03-13,0,6,1,1,0,0,0,대구,북구,0,0,2,1,2,0,0,128.5753,35.8876,대구북구,0,0,0,1,0,112,1,1
11142,2016-03-17,0,3,1,1,0,0,0,서울,용산구,0,1,0,0,0,2,0,126.9722,37.5442,서울용산구,0,2,0,0,0,134,1,1
11145,2016-03-20,0,6,1,1,0,0,0,전남,여수시,0,0,1,0,3,0,0,127.7207,34.7355,전남여수시,0,0,0,1,0,102,1,0
11150,2016-04-01,0,4,1,1,0,0,0,서울,강북구,0,0,0,0,3,0,0,127.0326,37.6102,서울강북구,0,0,0,0,0,200,1,1
11152,2016-02-19,1,4,1,1,0,0,0,전북,완주군,0,1,4,0,0,0,0,127.1592,35.9317,전북완주군,0,0,0,0,0,28,1,1
11155,2016-04-02,0,5,1,1,0,0,0,경기,안성시,0,1,0,0,0,1,0,127.274,37.0225,경기안성시,0,1,0,1,0,23,1,1
11156,2016-03-10,0,3,1,1,0,0,0,경북,경주시,0,1,2,0,0,0,0,129.2286,35.8796,경북경주시,0,0,0,0,0,100,1,1
11157,2016-03-16,0,2,1,1,0,0,0,강원,춘천시,0,0,0,1,2,0,0,127.7441,37.8605,강원춘천시,0,0,0,0,0,111,1,1
11161,2016-03-18,0,4,1,2,0,0,1,부산,해운대구,0,0,0,0,0,4,0,129.1716,35.1752,부산해운대구,0,4,0,0,0,1,1,1
11162,2016-03-17,0,3,1,1,0,0,0,경북,청도군,0,1,0,0,0,0,0,128.5504,35.6287,경북청도군,0,0,0,0,0,3,1,1
11164,2016-03-28,1,0,1,1,0,0,0,대구,북구,0,0,0,0,3,0,0,128.5961,35.8992,대구북구,0,0,0,0,0,112,1,1
11170,2016-03-15,0,1,1,1,0,0,0,충남,논산시,0,1,0,1,1,0,0,127.2282,36.2338,충남논산시,0,0,0,0,0,61,1,1
11180,2016-03-28,1,0,1,1,0,0,0,대구,수성구,0,2,0,0,0,1,0,128.624,35.8419,대구수성구,0,1,0,0,0,37,1,1
11188,2016-03-13,0,6,1,1,0,0,0,제주,제주시,0,0,0,0,0,0,0,126.523,33.4998,제주제주시,0,0,0,1,0,90,1,1
11189,2016-03-14,1,0,1,1,0,0,0,경기,안양시,0,0,3,1,2,2,0,126.9119,37.3942,경기안양시,0,2,0,0,0,151,1,1
11190,2016-03-24,1,3,1,1,0,0,0,충북,괴산군,0,0,1,1,2,1,0,127.784,36.8151,충북괴산군,0,1,0,0,0,179,1,0
11192,2016-03-22,0,1,1,1,0,0,0,서울,도봉구,0,2,0,0,0,4,0,127.0378,37.6615,서울도봉구,0,4,0,0,0,98,1,1
11193,2016-03-22,1,1,1,1,0,0,0,인천,남구,0,0,3,0,0,2,0,126.6699,37.4487,인천남동구,0,2,0,0,0,29,1,1
11194,2016-03-16,0,2,1,1,0,0,0,경북,경주시,0,0,2,0,0,0,0,129.3252,35.6801,경북경주시,0,0,0,0,0,100,1,1
11197,2016-03-16,0,2,1,1,0,0,0,경기,파주시,0,0,0,0,0,0,0,126.8295,37.7725,경기파주시,0,0,0,0,0,175,1,1
11203,2016-03-16,0,2,1,1,0,0,0,전북,익산시,0,0,3,1,1,0,0,126.9687,35.9367,전북익산시,0,0,0,0,0,125,1,1
11205,2016-03-17,0,3,1,1,0,0,0,경기,수원시,0,0,0,0,0,0,0,126.9807,37.2957,경기수원시,0,0,0,0,0,99,1,1
11206,2016-03-22,0,1,1,1,0,0,0,경기,포천시,0,1,0,0,0,0,0,127.168,37.8424,경기포천시,0,0,0,0,0,171,1,1
11218,2016-03-23,1,2,1,1,0,0,0,대전,서구,0,0,1,1,1,2,0,127.364,36.3584,대전서구,0,2,0,0,0,4,1,0
11219,2016-03-26,1,5,1,1,0,0,0,경북,구미시,0,0,0,1,2,1,0,128.3534,36.1623,경북구미시,0,1,0,1,0,144,1,1
11221,2016-03-29,0,1,1,1,0,0,0,전북,전주시,0,0,0,0,0,6,0,127.1312,35.8384,전북전주시,0,6,0,0,0,11,1,1
11226,2016-04-02,0,5,1,1,0,0,0,전북,군산시,0,0,1,1,1,0,0,126.7104,35.9855,전북군산시,0,0,0,1,0,166,1,0
11229,2016-03-16,1,2,1,1,0,0,0,경기,안성시,0,0,0,0,0,0,0,127.2615,37.0163,경기안성시,0,0,0,0,0,23,1,1
11232,2016-03-23,0,2,1,1,0,0,0,대구,수성구,0,0,0,0,0,1,0,128.654,35.855,대구수성구,0,1,0,0,0,37,1,1
11233,2016-03-21,0,0,1,1,0,0,0,경남,김해시,0,0,0,0,0,2,0,128.8953,35.2365,경남김해시,0,2,0,0,0,13,1,1
11235,2016-04-04,1,0,1,1,0,0,0,충남,부여군,0,0,1,0,3,1,0,126.9105,36.2815,충남부여군,0,1,0,0,0,129,1,0
11241,2016-07-30,0,5,1,1,0,0,0,전남,순천시,0,0,0,0,3,1,0,127.4651,35.0131,전남순천시,0,1,0,1,0,27,1,1
11242,2016-08-03,1,2,1,1,0,0,0,전남,함평군,0,3,4,0,0,0,0,126.4653,35.0917,전남함평군,0,0,0,0,0,157,0,0
11249,2016-08-11,1,3,1,1,0,0,0,경기,안양시,0,0,0,1,1,0,0,126.9358,37.3981,경기안양시,0,0,0,0,0,151,1,1
11250,2016-08-12,0,4,1,1,0,0,0,인천,계양구,0,0,0,0,0,2,0,126.7345,37.5365,인천계양구,0,2,0,0,0,7,1,1
11254,2016-08-21,0,6,1,1,0,0,0,제주,서귀포시,0,0,0,0,0,0,0,126.8769,33.3822,제주서귀포시,0,0,0,1,0,62,1,1
11259,2016-08-26,0,4,1,1,0,0,0,충남,논산시,0,0,0,1,1,1,0,127.0146,36.1646,충남논산시,0,1,0,0,0,61,1,1
11260,2016-08-28,0,6,1,1,0,0,0,경북,김천시,0,2,0,0,0,0,0,128.1179,36.1265,경북김천시,0,0,0,1,0,76,1,1
11262,2016-08-26,0,4,1,1,0,0,0,전남,해남군,0,2,0,0,0,0,0,126.5521,34.4649,전남해남군,0,0,0,0,0,119,1,1
11267,2016-09-13,1,1,1,2,0,1,0,서울,강북구,0,0,0,0,0,4,0,127.0171,37.6383,서울강북구,0,4,0,0,0,200,1,1
11271,2016-07-23,0,5,1,1,0,0,0,전남,화순군,0,0,3,1,1,0,0,126.9947,35.0604,전남화순군,0,0,0,1,0,88,1,1
11273,2016-07-28,0,3,1,1,0,0,0,서울,중랑구,0,2,0,0,0,1,0,127.1004,37.6016,서울중랑구,0,1,0,0,0,196,1,1
11277,2016-07-30,0,5,1,1,0,0,0,서울,동작구,0,0,0,0,0,0,0,126.9225,37.5052,서울동작구,0,0,0,1,0,93,1,1
11278,2016-03-28,1,0,1,1,0,0,0,경기,남양주시,0,2,0,1,1,0,0,127.1616,37.608,경기남양주시,0,0,0,0,0,70,1,1
11279,2016-04-02,0,5,1,1,0,0,0,서울,성동구,0,1,0,0,0,0,0,127.0569,37.5341,서울성동구,0,0,0,1,0,84,1,1
11282,2016-03-08,0,1,1,1,0,0,0,대구,서구,0,0,0,0,0,0,0,128.5736,35.8792,대구서구,0,0,0,0,0,107,1,1
11283,2016-03-16,0,2,1,1,0,0,0,경기,안산시,0,0,2,1,2,0,0,126.8222,37.3158,경기안산시,0,0,0,0,0,2,1,1
11289,2016-03-18,0,4,1,1,0,0,0,부산,남구,0,0,0,0,0,0,0,129.1113,35.117,부산남구,0,0,0,0,0,180,1,1
11290,2016-03-18,0,4,1,1,0,0,0,충남,천안시,0,0,0,0,0,0,0,127.1303,36.7948,충남천안시,0,0,0,0,0,63,1,1
11292,2016-03-23,0,2,1,1,0,0,0,강원,춘천시,0,0,0,1,2,0,0,127.7342,37.8736,강원춘천시,0,0,0,0,0,111,1,1
11299,2016-04-01,0,4,1,1,0,0,0,경기,양주시,0,0,2,0,3,0,0,126.9654,37.8067,경기양주시,0,0,0,0,0,59,1,1
11300,2016-04-07,0,3,1,1,0,0,0,전북,익산시,0,0,0,1,1,0,0,126.9404,35.9492,전북익산시,0,0,0,0,0,125,1,1
11302,2016-03-19,0,5,1,1,0,0,0,인천,남동구,0,0,0,0,3,0,0,126.6972,37.4573,인천남동구,0,0,0,1,0,29,1,1
11303,2016-03-22,0,1,1,1,0,0,0,전남,보성군,0,0,3,0,3,0,0,127.4026,34.8413,전남보성군,0,0,0,0,0,122,1,1
11305,2016-03-25,1,4,1,1,0,0,0,경기,용인시,0,0,0,0,0,0,0,127.2153,37.2333,경기용인시,0,0,0,0,0,51,1,1
11309,2016-03-19,0,5,1,1,0,0,0,부산,동래구,0,2,0,0,3,0,0,129.0781,35.225,부산동래구,0,0,0,1,0,216,1,1
11314,2016-03-28,0,0,1,2,1,0,0,경남,김해시,0,0,0,1,1,6,0,128.9121,35.2361,경남김해시,0,6,0,0,0,13,1,1
11318,2016-04-06,0,2,1,1,0,0,0,서울,영등포구,0,2,0,0,0,2,0,126.9052,37.4994,서울영등포구,0,2,0,0,0,150,1,1
11319,2016-04-08,1,4,1,1,0,0,0,충남,태안군,0,0,1,0,3,1,0,126.2904,36.7573,충남태안군,0,1,0,0,0,169,1,0
11321,2016-07-07,1,3,1,1,0,0,0,경북,포항시,0,0,0,0,0,3,0,129.3948,35.9411,경북포항시,0,3,0,0,0,160,1,1
11322,2016-07-08,0,4,1,1,0,0,0,전북,전주시,0,3,0,0,0,0,0,127.1707,35.8383,전북전주시,0,0,0,0,0,11,0,0
11326,2016-06-09,1,3,1,1,0,0,0,경북,구미시,0,0,1,1,1,1,0,128.3501,36.0715,경북구미시,0,1,0,0,0,144,1,0
11332,2016-06-18,1,5,1,1,0,0,0,전남,해남군,0,0,0,0,0,0,0,126.5953,34.5654,전남해남군,0,0,0,1,0,119,1,1
11336,2016-06-20,0,0,1,1,0,0,0,경남,창원시(통합),0,4,0,2,4,0,0,128.6702,35.2174,경남창원시(통합),0,0,0,0,0,86,0,0
11337,2016-06-21,0,1,1,1,0,0,0,강원,원주시,0,0,1,1,1,0,0,127.9412,37.3533,강원원주시,0,0,0,0,0,36,1,0
11338,2016-06-22,1,2,1,1,0,0,0,광주,남구,0,0,0,1,1,0,0,126.9117,35.1251,광주남구,0,0,0,0,0,190,1,1
11339,2016-06-27,0,0,2,2,0,0,0,경기,화성시,0,1,0,0,0,1,0,126.9063,37.2704,경기화성시,0,1,0,0,0,50,1,1
11342,2016-07-01,1,4,1,1,0,0,0,경기,안산시,0,0,2,0,0,0,0,126.8339,37.315,경기안산시,0,0,0,0,0,2,1,1
11344,2016-07-02,0,5,1,1,0,0,0,경기,시흥시,0,0,0,0,0,0,0,126.7445,37.386,경기시흥시,0,0,0,1,0,73,1,1
11346,2016-07-05,1,1,1,1,0,0,0,경기,남양주시,0,0,3,1,2,1,0,127.1947,37.6985,경기남양주시,0,1,0,0,0,70,1,1
11347,2016-07-05,0,1,1,1,0,0,0,경남,함안군,0,0,0,0,0,1,0,128.4221,35.2471,경남함안군,0,1,0,0,0,117,1,1
11350,2016-07-07,0,3,1,1,0,0,0,경기,파주시,0,2,0,0,0,0,0,126.7184,37.7017,경기파주시,0,0,0,0,0,175,1,1
11351,2016-07-06,0,2,1,1,0,0,0,부산,해운대구,0,3,0,0,0,0,0,129.2036,35.1809,부산해운대구,0,0,0,0,0,1,0,0
11355,2016-07-13,0,2,1,1,0,0,0,경기,광주시,0,1,1,1,2,0,0,127.199,37.3426,경기광주시,0,0,0,0,0,9,1,0
11360,2016-06-12,1,6,1,1,0,0,0,충남,태안군,0,0,0,2,4,1,0,126.2842,36.8379,충남태안군,0,1,0,1,0,169,1,1
11365,2016-08-11,0,3,1,1,0,0,0,강원,춘천시,0,3,0,0,0,0,0,127.5603,37.8277,강원춘천시,0,0,0,0,0,111,0,0
11367,2016-08-15,0,0,1,1,0,0,0,경북,경산시,0,1,0,0,0,0,0,128.7723,35.8624,경북경산시,0,0,0,1,0,52,1,1
11369,2016-08-16,1,1,1,1,0,0,0,경기,안양시,0,0,3,1,1,5,0,126.9393,37.3946,경기안양시,0,5,0,0,0,151,1,1
11370,2016-08-19,0,4,1,1,0,0,0,대전,서구,0,1,0,0,0,0,0,127.3974,36.3525,대전서구,0,0,0,0,0,4,1,1
11373,2016-08-23,1,1,1,1,0,0,0,전북,부안군,0,0,0,1,1,5,0,126.7362,35.7326,전북부안군,0,5,0,0,0,185,1,1
11379,2016-09-11,0,6,1,1,0,0,0,충북,충주시,0,0,0,0,0,0,0,127.93,36.9824,충북충주시,0,0,0,1,0,6,1,1
11381,2016-09-08,0,3,1,1,0,0,0,대전,서구,0,0,2,1,1,0,0,127.3638,36.3585,대전서구,0,0,0,0,0,4,1,1
11382,2016-09-08,1,3,1,1,0,0,0,경기,용인시,0,1,0,0,0,1,0,127.2665,37.1565,경기용인시,0,1,0,0,0,51,1,1
11383,2016-07-19,1,1,1,1,0,0,0,경북,경주시,0,0,0,0,0,1,0,129.3208,35.7289,경북경주시,0,1,0,0,0,100,1,1
11384,2016-07-23,1,5,1,1,0,0,0,경남,통영시,0,0,0,0,0,0,0,128.4176,34.8859,경남통영시,0,0,0,1,0,212,1,1
11386,2016-07-29,1,4,1,1,0,0,0,강원,정선군,0,1,0,0,0,1,0,128.6038,37.3556,강원정선군,0,1,0,0,0,198,1,1
11387,2016-07-28,0,3,1,1,0,0,0,경기,이천시,0,1,0,0,0,0,0,127.5214,37.2336,경기이천시,0,0,0,0,0,41,1,1
11390,2016-08-02,0,1,1,1,0,0,0,제주,제주시,0,1,0,0,0,0,0,126.2659,33.4146,제주제주시,0,0,0,0,0,90,1,1
11393,2016-08-08,0,0,1,1,0,0,0,경북,고령군,0,3,0,0,0,1,0,128.2288,35.682,경북고령군,0,1,0,0,0,220,0,0
11394,2016-08-11,1,3,2,2,0,0,0,경남,양산시,0,0,1,1,2,0,0,129.0318,35.3691,경남양산시,0,0,0,0,0,49,1,0
11395,2016-08-07,1,6,1,4,0,3,0,울산,울주군,0,1,0,0,0,1,0,129.1269,35.5641,울산울주군,1,1,0,1,0,17,1,1
11396,2016-08-13,0,5,1,1,0,0,0,제주,서귀포시,0,0,0,1,2,1,0,126.6406,33.2657,제주서귀포시,0,1,0,1,0,62,1,1
11398,2016-08-14,0,6,1,1,0,0,0,경북,의성군,0,3,0,0,0,1,0,128.7339,36.3274,경북의성군,0,1,0,1,0,105,0,0
11404,2016-08-28,0,6,1,1,0,0,0,대구,달서구,0,0,0,0,0,0,0,128.5546,35.8337,대구달서구,0,0,0,1,0,20,1,1
11407,2016-04-06,0,2,1,1,0,0,0,충남,청양군,0,0,0,0,0,0,0,126.7582,36.4808,충남청양군,0,0,0,0,0,174,1,1
11409,2016-04-07,1,3,1,1,0,0,0,전북,전주시,0,0,3,1,1,0,0,127.0402,35.877,전북전주시,0,0,0,0,0,11,1,1
11410,2016-03-09,0,2,1,1,0,0,0,서울,동대문구,0,0,0,1,1,2,0,127.0352,37.5781,서울동대문구,0,2,0,0,0,201,1,1
11411,2016-03-09,0,2,1,1,0,0,0,경기,여주시,0,2,0,0,0,0,0,127.5648,37.2815,경기여주시,0,0,0,0,0,22,1,1
11414,2016-04-26,0,1,1,1,0,0,0,경북,문경시,0,4,1,1,2,1,0,128.2228,36.6117,경북문경시,0,1,0,0,0,74,0,0
11417,2016-04-27,1,2,1,1,0,0,0,서울,노원구,0,0,0,1,1,1,0,127.0797,37.6244,서울노원구,0,1,0,0,0,18,1,1
11418,2016-05-02,1,0,1,1,0,0,0,경북,영주시,0,0,0,0,0,0,0,128.6193,36.8084,경북영주시,0,0,0,0,0,113,1,1
11426,2016-04-14,0,3,1,1,0,0,0,인천,남동구,0,0,0,0,3,0,0,126.7243,37.4009,인천남동구,0,0,0,0,0,29,1,1
11429,2016-04-17,0,6,1,1,0,0,0,서울,동작구,0,2,0,0,0,4,0,126.9804,37.4849,서울동작구,0,4,0,1,0,93,1,1
11431,2016-04-21,0,3,1,1,0,0,0,전북,군산시,0,0,0,0,0,0,0,126.7377,35.9686,전북군산시,0,0,0,0,0,166,1,1
11432,2016-04-22,0,4,1,1,0,0,0,부산,연제구,0,2,0,0,0,0,0,129.0783,35.1819,부산연제구,0,0,0,0,0,221,1,1
11433,2016-04-18,0,0,1,1,0,0,0,전북,완주군,0,3,0,1,2,1,0,127.0202,35.818,전북완주군,0,1,0,0,0,28,0,0
11437,2016-04-27,1,2,1,1,0,0,0,부산,연제구,0,1,0,1,1,0,0,129.1071,35.1879,부산연제구,0,0,0,0,0,221,1,1
11439,2016-05-03,1,1,1,1,0,0,0,서울,동대문구,0,0,0,1,2,0,0,127.0572,37.5785,서울동대문구,0,0,0,0,0,201,1,1
11440,2016-05-03,1,1,1,1,0,0,0,강원,양구군,0,0,0,1,1,1,0,128.0294,38.1051,강원양구군,0,1,0,0,0,115,1,1
11444,2016-04-08,0,4,1,1,0,0,0,대구,북구,0,0,1,0,3,0,0,128.5898,35.8941,대구북구,0,0,0,0,0,112,1,0
11445,2016-04-09,0,5,1,1,0,0,0,광주,서구,0,0,3,0,3,0,0,126.8773,35.1658,광주서구,0,0,0,1,0,222,1,1
11446,2016-04-15,1,4,1,1,0,0,0,경기,광주시,0,0,1,1,1,0,0,127.2544,37.4079,경기광주시,0,0,0,0,0,9,1,0
11449,2016-06-28,0,1,1,1,0,0,0,전북,익산시,0,1,0,0,0,0,0,127.0209,35.9327,전북익산시,0,0,0,0,0,125,1,1