index,발생년월일,주야,요일,사망자수,사상자수,중상자수,경상자수,부상신고자수,발생지시도,발생지시군구,사고유형_대분류,사고유형_중분류,법규위반,도로형태_대분류,도로형태,당사자종별_1당_대분류,당사자종별_2당_대분류,경도,위도,발생지,사고피해정도,사고차량타입,도시여부,주말/공휴일,인구수,발생지번호,보행자의위치,무단횡단여부
11895,2016-06-28,0,1,1,1,0,0,0,경남,진주시,0,2,0,0,0,0,0,128.0436,35.2082,경남진주시,0,0,0,0,0,42,1,1
11896,2016-06-24,0,4,1,1,0,0,0,강원,강릉시,0,0,0,0,0,1,0,128.7453,37.8495,강원강릉시,0,1,0,0,0,194,1,1
11897,2016-07-01,1,4,1,1,0,0,0,전남,담양군,0,0,0,1,2,2,0,126.9278,35.3146,전남담양군,0,2,0,0,0,181,1,1
11898,2016-07-03,0,6,1,1,0,0,0,대전,중구,0,0,2,0,0,0,0,127.3929,36.3172,대전중구,0,0,0,1,0,39,1,1
11901,2016-07-11,1,0,1,1,0,0,0,전남,함평군,0,0,3,1,2,1,0,126.5255,35.0664,전남함평군,0,1,0,0,0,157,1,1
11910,2016-09-12,0,0,1,1,0,0,0,울산,남구,0,2,0,0,0,0,0,129.3094,35.5132,울산남구,0,0,0,0,0,213,1,1
11912,2016-09-11,0,6,1,1,0,0,0,대구,달서구,0,0,2,1,2,0,0,128.5303,35.8494,대구달서구,0,0,0,1,0,20,1,1
11914,2016-09-07,0,2,1,1,0,0,0,전남,신안군,0,1,0,0,0,1,0,125.935,34.7686,전남신안군,0,1,0,0,0,132,1,1
11915,2016-09-07,1,2,1,1,0,0,0,광주,광산구,0,4,1,1,1,1,0,126.836,35.2132,광주광산구,0,1,0,0,0,135,0,0
11927,2016-08-08,1,0,1,1,0,0,0,전북,순창군,0,2,0,0,0,0,0,127.0128,35.5047,전북순창군,0,0,0,0,0,131,1,1
11930,2016-08-11,0,3,1,1,0,0,0,경기,남양주시,0,0,2,1,1,0,0,127.2039,37.6329,경기남양주시,0,0,0,0,0,70,1,1
11933,2016-08-16,1,1,1,1,0,0,0,부산,서구,0,0,0,0,3,1,0,129.0215,35.0798,부산서구,0,1,0,0,0,226,1,1
11937,2016-08-25,1,3,1,1,0,0,0,대구,동구,0,0,1,0,0,0,0,128.6379,35.8965,대구동구,0,0,0,0,0,26,1,0
11939,2016-09-13,1,1,1,1,0,0,0,충북,제천시,0,0,1,2,4,0,0,128.2076,37.1282,충북제천시,0,0,0,0,0,103,1,0
11948,2016-07-22,0,4,1,1,0,0,0,경기,남양주시,0,0,0,0,0,0,0,127.1494,37.6042,경기남양주시,0,0,0,0,0,70,1,1
11950,2016-07-29,1,4,1,1,0,0,0,강원,동해시,0,0,0,1,1,0,0,129.1102,37.5393,강원동해시,0,0,0,0,0,210,1,1
11951,2016-04-08,0,4,1,1,0,0,0,경북,경주시,0,0,0,0,0,0,0,129.2391,35.8958,경북경주시,0,0,0,0,0,100,1,1
11953,2016-04-14,0,3,1,1,0,0,0,전남,순천시,0,0,0,0,0,0,0,127.4915,34.9398,전남순천시,0,0,0,0,0,27,1,1
11954,2016-04-13,0,2,1,1,0,0,0,서울,서대문구,0,0,0,0,0,1,0,126.9596,37.5706,서울서대문구,0,1,0,1,0,195,1,1
11956,2016-04-12,1,1,1,1,0,0,0,경남,진주시,0,0,0,0,0,1,0,128.0957,35.179,경남진주시,0,1,0,0,0,42,1,1
11957,2016-04-15,0,4,1,1,0,0,0,전북,고창군,0,0,0,0,0,0,0,126.7372,35.5393,전북고창군,0,0,0,0,0,219,1,1
11963,2016-04-19,0,1,1,3,1,1,0,경북,김천시,0,0,1,0,0,0,0,128.088,36.1375,경북김천시,0,0,0,0,0,76,1,0
11966,2016-04-27,0,2,1,1,0,0,0,경기,수원시,0,0,0,0,0,0,0,127.0156,37.2948,경기수원시,0,0,0,0,0,99,1,1
11967,2016-05-01,0,6,1,1,0,0,0,경기,고양시,0,1,0,0,0,0,0,126.7638,37.6868,경기고양시,0,0,0,1,0,40,1,1
11968,2016-04-06,0,2,1,1,0,0,0,부산,영도구,0,0,1,0,0,0,0,129.036,35.0887,부산영도구,0,0,0,0,0,173,1,0
11970,2016-04-04,0,0,1,1,0,0,0,강원,홍천군,0,2,0,0,0,1,0,127.9071,37.6946,강원홍천군,0,1,0,0,0,82,1,1
11973,2016-04-09,1,5,1,1,0,0,0,울산,중구,0,0,0,1,1,0,0,129.2914,35.55,울산중구,0,0,0,1,0,205,1,1
11974,2016-04-14,1,3,1,1,0,0,0,경기,광명시,0,3,0,0,0,1,0,126.8784,37.4365,경기광명시,0,1,0,0,0,81,0,0
11978,2016-04-17,1,6,1,1,0,0,0,부산,영도구,0,0,2,0,0,0,0,129.0608,35.0975,부산영도구,0,0,0,1,0,173,1,1
11986,2016-05-02,0,0,1,1,0,0,0,서울,강동구,0,1,0,0,0,1,0,127.1526,37.5389,서울강동구,0,1,0,0,0,91,1,1
11987,2016-05-02,1,0,1,1,0,0,0,경기,의정부시,0,1,0,1,1,0,0,127.047,37.7257,경기의정부시,0,0,0,0,0,64,1,1
11988,2016-05-01,0,6,1,1,0,0,0,대구,중구,0,0,0,1,1,0,0,128.5823,35.8637,대구중구,0,0,0,1,0,178,1,1
11989,2016-04-30,0,5,1,1,0,0,0,경남,창원시(통합),0,0,0,1,1,1,0,128.6756,35.2149,경남창원시(통합),0,1,0,1,0,86,1,1
11991,2016-04-10,0,6,1,1,0,0,0,제주,서귀포시,0,0,2,1,2,0,0,126.5349,33.25,제주서귀포시,0,0,0,1,0,62,1,1
11992,2016-04-10,0,6,1,1,0,0,0,경북,경산시,0,1,0,0,0,0,0,128.8189,35.8681,경북경산시,0,0,0,1,0,52,1,1
11993,2016-04-09,0,5,1,1,0,0,0,대구,서구,0,0,0,0,0,0,0,128.5596,35.8791,대구서구,0,0,0,1,0,107,1,1
11996,2016-05-13,0,4,1,1,0,0,0,전남,영암군,0,0,3,1,2,0,0,126.4258,34.7748,전남영암군,0,0,0,0,0,16,1,1
11997,2016-05-14,0,5,1,2,0,1,0,부산,수영구,0,2,2,0,0,0,0,129.1067,35.1388,부산수영구,0,0,0,1,0,45,1,1
11998,2016-05-12,1,3,1,1,0,0,0,인천,남동구,0,4,0,1,1,0,0,126.7209,37.451,인천남동구,0,0,0,0,0,29,0,0
11999,2016-05-18,1,2,1,1,0,0,0,경기,화성시,0,2,0,0,0,5,0,126.9725,37.107,경기화성시,0,5,0,0,0,50,1,1
12001,2016-05-16,1,0,1,1,0,0,0,충남,천안시,0,1,0,2,4,0,0,127.1498,36.8187,충남천안시,0,0,0,0,0,63,1,1
12004,2016-05-28,0,5,1,1,0,0,0,경기,부천시,0,3,0,0,0,2,0,126.7748,37.5093,경기부천시,0,2,0,1,0,65,0,0
12006,2016-05-27,0,4,1,1,0,0,0,충북,청주시,0,0,0,1,2,0,0,127.4223,36.6414,충북청주시,0,0,0,0,0,83,1,1
12010,2016-06-01,0,2,1,1,0,0,0,전남,여수시,0,0,0,0,3,1,0,127.719,34.7333,전남여수시,0,1,0,0,0,102,1,1
12012,2016-05-05,0,3,1,3,1,1,0,서울,강남구,0,0,0,0,0,4,0,127.0235,37.5071,서울강남구,0,4,0,1,0,89,1,1
12014,2016-05-03,0,1,1,1,0,0,0,서울,영등포구,0,1,0,0,0,1,0,126.9091,37.5321,서울영등포구,0,1,0,0,0,150,1,1
12019,2016-05-07,0,5,1,1,0,0,0,충남,천안시,0,0,0,0,0,0,0,127.158,36.8247,충남천안시,0,0,0,1,0,63,1,1
12032,2016-05-27,0,4,1,1,0,0,0,서울,광진구,0,0,0,0,0,0,0,127.0829,37.562,서울광진구,0,0,0,0,0,183,1,1
12034,2016-05-31,0,1,1,1,0,0,0,경기,용인시,0,0,0,0,0,0,0,127.0762,37.3094,경기용인시,0,0,0,0,0,51,1,1
12038,2016-07-01,1,4,1,1,0,0,0,경북,영천시,0,3,0,0,0,0,0,128.9837,36.0421,경북영천시,0,0,0,0,0,5,0,0
12041,2016-06-06,0,0,1,1,0,0,0,전북,전주시,0,0,0,1,1,0,0,127.1452,35.8273,전북전주시,0,0,0,1,0,11,1,1
12047,2016-06-15,0,2,1,1,0,0,0,서울,송파구,0,0,0,0,0,0,0,127.0887,37.5051,서울송파구,0,0,0,0,0,156,1,1
12054,2016-06-22,0,2,1,1,0,0,0,경남,통영시,0,0,0,0,0,0,0,128.4324,34.8526,경남통영시,0,0,0,0,0,212,1,1
12057,2016-07-03,0,6,1,1,0,0,0,경북,영덕군,0,1,0,0,0,3,0,129.4096,36.4831,경북영덕군,0,3,0,1,0,54,1,1
12059,2016-07-11,0,0,1,1,0,0,0,전남,여수시,0,0,0,0,0,0,0,127.7398,34.7411,전남여수시,0,0,0,0,0,102,1,1
12062,2016-07-10,0,6,1,1,0,0,0,경북,의성군,0,1,0,0,0,0,0,128.5437,36.3532,경북의성군,0,0,0,1,0,105,1,1
12065,2016-07-16,0,5,1,1,0,0,0,경기,평택시,0,0,0,0,0,0,0,127.0632,37.1133,경기평택시,0,0,0,1,0,14,1,1
12066,2016-07-14,1,3,1,1,0,0,0,경기,양주시,0,0,0,1,1,1,0,126.9597,37.7961,경기양주시,0,1,0,0,0,59,1,1
12067,2016-07-01,0,4,1,1,0,0,0,경북,경주시,0,0,0,0,0,1,0,129.2721,35.9864,경북경주시,0,1,0,0,0,100,1,1
12068,2016-07-01,0,4,1,1,0,0,0,충북,청주시,0,1,0,1,2,0,0,127.4871,36.662,충북청주시,0,0,0,0,0,83,1,1
12070,2016-06-08,1,2,1,2,1,0,0,경기,화성시,0,1,0,0,0,2,0,126.885,37.2396,경기화성시,0,2,0,0,0,50,1,1
12071,2016-06-06,0,0,1,1,0,0,0,경기,포천시,0,0,0,1,1,0,0,127.1717,37.8615,경기포천시,0,0,0,1,0,171,1,1
12074,2016-06-09,0,3,1,1,0,0,0,인천,남동구,0,0,0,0,0,0,0,126.7157,37.4632,인천남동구,0,0,0,0,0,29,1,1
12075,2016-06-11,0,5,1,1,0,0,0,경기,용인시,0,2,0,0,0,0,0,127.0834,37.3187,경기용인시,0,0,0,1,0,51,1,1
12076,2016-06-10,0,4,1,1,0,0,0,서울,강남구,0,0,1,0,3,0,0,127.0425,37.5136,서울강남구,0,0,0,0,0,89,1,0
12078,2016-08-19,0,4,1,1,0,0,0,경남,양산시,0,0,0,0,0,1,0,129.0411,35.369,경남양산시,0,1,0,0,0,49,1,1
12081,2016-08-21,1,6,1,1,0,0,0,서울,강서구,0,0,1,1,2,3,0,126.8039,37.5728,서울강서구,0,3,0,1,0,43,1,0
12082,2016-08-22,1,0,1,1,0,0,0,강원,영월군,0,0,0,0,0,2,0,128.5156,37.2408,강원영월군,0,2,0,0,0,114,1,1
12084,2016-08-25,1,3,1,1,0,0,0,경북,경주시,0,1,0,0,0,0,0,129.2205,35.8418,경북경주시,0,0,0,0,0,100,1,1
12086,2016-09-08,1,3,1,1,0,0,0,충남,공주시,0,0,0,0,0,0,0,127.0207,36.4405,충남공주시,0,0,0,0,0,19,1,1
12087,2016-09-12,0,0,1,1,0,0,0,서울,중구,0,0,0,0,0,0,0,127.0206,37.5656,서울중구,0,0,0,0,0,8,1,1
12090,2016-09-10,0,5,1,1,0,0,0,대구,남구,0,0,0,0,0,0,0,128.5714,35.8365,대구남구,0,0,0,1,0,145,1,1
12092,2016-09-12,0,0,1,1,0,0,0,충북,청주시,0,0,0,1,2,2,0,127.5264,36.7067,충북청주시,0,2,0,0,0,83,1,1
12093,2016-09-13,0,1,1,1,0,0,0,전북,남원시,0,1,0,0,0,7,0,127.3316,35.4868,전북남원시,0,7,0,0,0,193,1,1
12095,2016-09-07,1,2,1,1,0,0,0,강원,횡성군,0,0,2,0,0,1,0,128.1837,37.5697,강원횡성군,0,1,0,0,0,31,1,1
12098,2016-07-17,0,6,1,2,1,0,0,경남,남해군,0,2,0,0,0,0,0,127.8591,34.7818,경남남해군,0,0,0,1,0,197,1,1
12099,2016-07-19,0,1,1,1,0,0,0,경북,경산시,0,0,0,0,0,0,0,128.8121,35.8765,경북경산시,0,0,0,0,0,52,1,1
12100,2016-07-24,0,6,1,1,0,0,0,서울,강동구,0,0,0,0,0,0,0,127.1555,37.5553,서울강동구,0,0,0,1,0,91,1,1
12101,2016-07-24,0,6,1,1,0,0,0,전북,정읍시,0,0,0,0,0,0,0,126.8511,35.5689,전북정읍시,0,0,0,1,0,12,1,1
12106,2016-08-02,1,1,1,1,0,0,0,경남,진주시,0,1,0,0,0,1,0,128.1114,35.1518,경남진주시,0,1,0,0,0,42,1,1
12109,2016-07-30,0,5,1,1,0,0,0,인천,남구,0,1,0,0,0,0,0,126.6488,37.4592,인천남동구,0,0,0,1,0,29,1,1
12111,2016-08-10,1,2,1,1,0,0,0,전북,남원시,0,0,0,1,1,0,0,127.4073,35.4299,전북남원시,0,0,0,0,0,193,1,1
12115,2016-08-07,0,6,1,1,0,0,0,대전,대덕구,0,1,0,0,0,0,0,127.4202,36.3447,대전대덕구,0,0,0,1,0,77,1,1
12118,2016-08-18,0,3,1,1,0,0,0,서울,관악구,0,0,3,1,1,0,0,126.9536,37.4818,서울관악구,0,0,0,0,0,188,1,1
12119,2016-08-17,1,2,1,1,0,0,0,경남,양산시,0,0,3,1,1,1,0,129.0404,35.3597,경남양산시,0,1,0,0,0,49,1,1
12120,2016-04-14,1,3,1,1,0,0,0,경북,상주시,0,0,0,0,0,0,0,127.9725,36.4461,경북상주시,0,0,0,0,0,58,1,1
12127,2016-04-20,1,2,1,1,0,0,0,충남,서천군,0,0,0,0,0,1,0,126.6865,36.0796,충남서천군,0,1,0,0,0,10,1,1
12132,2016-04-14,1,3,1,2,0,1,0,경북,구미시,0,0,4,0,0,0,0,128.3585,36.09,경북구미시,0,0,0,0,0,144,1,1
12133,2016-04-19,1,1,1,2,0,1,0,서울,중랑구,0,1,0,0,0,2,0,127.0954,37.5987,서울중랑구,0,2,0,0,0,196,1,1
12136,2016-04-20,1,2,1,1,0,0,0,경기,광주시,0,0,1,0,3,0,0,127.2555,37.4139,경기광주시,0,0,0,0,0,9,1,0
12137,2016-04-25,0,0,1,4,2,1,0,충남,천안시,0,0,0,0,0,0,0,127.1276,36.8041,충남천안시,1,0,0,0,0,63,1,1
12138,2016-04-25,0,0,1,1,0,0,0,경기,안양시,0,0,0,0,0,0,0,126.957,37.3746,경기안양시,0,0,0,0,0,151,1,1
12141,2016-04-27,0,2,1,1,0,0,0,서울,관악구,0,1,0,0,0,0,0,126.9507,37.4824,서울관악구,0,0,0,0,0,188,1,1
12142,2016-04-27,0,2,1,1,0,0,0,대구,동구,0,0,0,0,0,0,0,128.6628,35.8772,대구동구,0,0,0,0,0,26,1,1
12144,2016-04-27,0,2,1,1,0,0,0,전북,전주시,0,0,2,0,3,0,0,127.0994,35.8369,전북전주시,0,0,0,0,0,11,1,1
12146,2016-04-26,1,1,1,1,0,0,0,충남,당진시,0,4,1,0,3,0,0,126.6355,36.897,충남당진시,0,0,0,0,0,46,0,0
12147,2016-04-30,1,5,1,1,0,0,0,서울,금천구,0,0,0,1,1,1,0,126.9023,37.4688,서울금천구,0,1,0,1,0,109,1,1
12149,2016-05-06,1,4,1,1,0,0,0,강원,횡성군,0,1,0,2,4,1,0,128.0347,37.5636,강원횡성군,0,1,0,1,0,31,1,1
12150,2016-05-07,0,5,1,1,0,0,0,충남,천안시,0,1,1,1,1,0,0,127.1273,36.8035,충남천안시,0,0,0,1,0,63,1,0
12155,2016-04-11,0,0,1,2,1,0,0,제주,서귀포시,0,0,2,0,3,1,0,126.2979,33.2505,제주서귀포시,0,1,0,0,0,62,1,1
12156,2016-04-15,1,4,1,2,1,0,0,전북,정읍시,0,1,0,0,0,0,0,126.9212,35.6057,전북정읍시,0,0,0,0,0,12,1,1
12157,2016-04-12,0,1,1,1,0,0,0,전남,순천시,0,0,1,0,3,0,0,127.5039,34.9446,전남순천시,0,0,0,0,0,27,1,0
12159,2016-04-16,0,5,1,1,0,0,0,강원,원주시,0,0,2,0,0,0,0,127.9463,37.3794,강원원주시,0,0,0,1,0,36,1,1
12162,2016-04-20,0,2,1,1,0,0,0,경기,용인시,0,0,0,1,2,0,0,127.1055,37.3091,경기용인시,0,0,0,0,0,51,1,1
12165,2016-05-08,1,6,1,1,0,0,0,충남,논산시,0,0,0,1,1,3,0,127.033,36.1448,충남논산시,0,3,0,1,0,61,1,1
12169,2016-05-12,0,3,1,1,0,0,0,충북,음성군,0,3,0,0,0,0,0,127.4743,36.949,충북음성군,0,0,0,0,0,110,0,0
12176,2016-05-29,0,6,1,1,0,0,0,경북,포항시,0,1,0,0,0,0,0,129.3792,36.0289,경북포항시,0,0,0,1,0,160,1,1
12177,2016-05-27,1,4,1,1,0,0,0,서울,은평구,0,1,0,1,1,0,0,126.924,37.609,서울은평구,0,0,0,0,0,139,1,1
12182,2016-06-01,1,2,1,1,0,0,0,경기,군포시,0,1,0,0,0,1,0,126.9421,37.3306,경기군포시,0,1,0,0,0,126,1,1
12183,2016-05-31,1,1,1,1,0,0,0,서울,은평구,0,0,1,1,1,3,0,126.9142,37.5928,서울은평구,0,3,0,0,0,139,1,0
12185,2016-05-06,1,4,1,1,0,0,0,전북,김제시,0,0,0,0,0,0,0,126.9114,35.7858,전북김제시,0,0,0,1,0,34,1,1
12187,2016-05-09,0,0,1,1,0,0,0,인천,남구,0,0,0,0,0,2,0,126.6713,37.4625,인천남동구,0,2,0,0,0,29,1,1
12190,2016-05-08,1,6,1,1,0,0,0,울산,남구,0,0,0,1,1,0,0,129.3264,35.5267,울산남구,0,0,0,1,0,213,1,1
12193,2016-05-07,0,5,1,1,0,0,0,인천,남동구,0,0,0,1,2,0,0,126.7453,37.4476,인천남동구,0,0,0,1,0,29,1,1
12195,2016-05-21,1,5,1,1,0,0,0,세종,세종,0,1,0,0,0,0,0,127.4009,36.5298,세종세종,0,0,1,1,0,229,1,1
12201,2016-06-01,0,2,1,1,0,0,0,경기,파주시,0,0,1,0,3,0,0,126.7819,37.8548,경기파주시,0,0,0,0,0,175,1,0
12206,2016-06-13,1,0,1,1,0,0,0,경남,창원시(통합),0,0,4,0,0,1,0,128.5255,35.265,경남창원시(통합),0,1,0,0,0,86,1,1
12208,2016-06-18,1,5,1,1,0,0,0,경남,창원시(통합),0,0,3,0,3,3,0,128.5912,35.2238,경남창원시(통합),0,3,0,1,0,86,1,1
12209,2016-06-24,1,4,1,1,0,0,0,전북,전주시,0,0,2,0,0,1,0,127.1158,35.8306,전북전주시,0,1,0,0,0,11,1,1
12220,2016-07-15,0,4,1,1,0,0,0,서울,서초구,0,0,0,0,0,0,0,126.9912,37.4745,서울서초구,0,0,0,0,0,214,1,1
12221,2016-07-15,1,4,1,1,0,0,0,대구,남구,0,0,0,0,0,1,0,128.6024,35.8478,대구남구,0,1,0,0,0,145,1,1
12225,2016-07-20,1,2,1,1,0,0,0,광주,서구,0,1,0,1,1,2,0,126.8597,35.1307,광주서구,0,2,0,0,0,222,1,1
12229,2016-06-11,0,5,1,1,0,0,0,전북,순창군,0,1,0,0,0,1,0,127.141,35.3858,전북순창군,0,1,0,1,0,131,1,1
12230,2016-06-16,1,3,1,1,0,0,0,경기,시흥시,0,2,0,1,2,1,0,126.787,37.4497,경기시흥시,0,1,0,0,0,73,1,1
12233,2016-06-15,0,2,1,1,0,0,0,경기,수원시,0,0,0,0,0,0,0,127.0582,37.2378,경기수원시,0,0,0,0,0,99,1,1
12235,2016-06-17,1,4,1,1,0,0,0,충북,옥천군,0,0,0,1,2,2,0,127.6203,36.2461,충북옥천군,0,2,0,0,0,142,1,1
12239,2016-06-21,1,1,1,1,0,0,0,경기,의정부시,0,1,0,0,0,0,0,127.045,37.7385,경기의정부시,0,0,0,0,0,64,1,1
12240,2016-06-23,1,3,1,1,0,0,0,경북,영천시,0,0,1,1,2,1,0,128.7882,36.0414,경북영천시,0,1,0,0,0,5,1,0
12242,2016-06-25,0,5,1,1,0,0,0,충북,청주시,0,2,0,0,0,0,0,127.45,36.6375,충북청주시,0,0,0,1,0,83,1,1
12244,2016-06-25,0,5,1,1,0,0,0,전남,순천시,0,3,0,1,2,1,0,127.4897,34.9313,전남순천시,0,1,0,1,0,27,0,0
12246,2016-07-15,1,4,1,1,0,0,0,광주,광산구,0,1,0,2,4,1,0,126.8213,35.1826,광주광산구,0,1,0,0,0,135,1,1
12248,2016-12-14,0,2,1,1,0,0,0,제주,서귀포시,0,0,0,1,2,0,0,126.9121,33.4502,제주서귀포시,0,0,0,0,0,62,1,1
12249,2016-12-15,1,3,1,1,0,0,0,광주,남구,0,0,0,1,2,1,0,126.89,35.1428,광주남구,0,1,0,0,0,190,1,1
12252,2016-10-01,1,5,1,1,0,0,0,경기,부천시,0,3,0,2,0,3,0,126.7762,37.4842,경기부천시,0,3,0,1,0,65,0,0
12253,2016-10-03,0,0,1,1,0,0,0,서울,종로구,0,2,0,1,2,0,0,127.0154,37.5769,서울종로구,0,0,0,1,0,116,1,1
12255,2016-11-08,1,1,1,2,1,0,0,전북,고창군,0,2,0,1,1,0,0,126.7032,35.4335,전북고창군,0,0,0,0,0,219,1,1
12259,2016-11-16,1,2,1,1,0,0,0,서울,구로구,0,0,0,0,0,0,0,126.8836,37.492,서울구로구,0,0,0,0,0,79,1,1
12260,2016-11-15,1,1,1,2,1,0,0,전북,순창군,0,4,4,1,1,1,0,127.1415,35.3802,전북순창군,0,1,0,0,0,131,0,0
12261,2016-11-15,0,1,1,1,0,0,0,경기,평택시,0,0,0,0,0,0,0,126.875,36.9448,경기평택시,0,0,0,0,0,14,1,1
12262,2016-11-27,1,6,1,1,0,0,0,경기,용인시,0,0,3,1,2,1,0,127.0652,37.2919,경기용인시,0,1,0,1,0,51,1,1
12264,2016-11-23,0,2,1,1,0,0,0,부산,기장군,0,0,0,0,3,2,0,129.1794,35.2459,부산기장군,0,2,0,0,0,85,1,1
12265,2016-11-24,1,3,1,1,0,0,0,서울,용산구,0,0,0,0,0,2,0,126.9996,37.5223,서울용산구,0,2,0,0,0,134,1,1
12269,2016-11-22,0,1,1,1,0,0,0,대전,대덕구,0,1,0,0,0,0,0,127.4205,36.3755,대전대덕구,0,0,0,0,0,77,1,1
12273,2016-10-30,0,6,1,1,0,0,0,광주,광산구,0,2,0,0,0,0,0,126.8074,35.1498,광주광산구,0,0,0,1,0,135,1,1
12276,2016-10-30,0,6,1,1,0,0,0,전남,담양군,0,0,0,0,0,0,0,127.0024,35.2429,전남담양군,0,0,0,1,0,181,1,1
12279,2016-12-09,0,4,1,1,0,0,0,경기,성남시,0,1,0,0,3,1,0,127.1491,37.4293,경기성남시,0,1,0,0,0,95,1,1
12280,2016-12-09,0,4,1,1,0,0,0,경기,화성시,0,0,0,0,3,0,0,127.069,37.208,경기화성시,0,0,0,0,0,50,1,1
12281,2016-12-07,1,2,1,1,0,0,0,경북,김천시,0,1,0,0,0,1,0,128.0398,36.1737,경북김천시,0,1,0,0,0,76,1,1
12283,2016-12-05,1,0,1,1,0,0,0,경기,포천시,0,0,0,2,4,0,0,127.1547,37.8245,경기포천시,0,0,0,0,0,171,1,1
12287,2016-10-03,0,0,1,1,0,0,0,충남,태안군,0,0,0,1,1,0,0,126.2884,36.7314,충남태안군,0,0,0,1,0,169,1,1
12289,2016-11-09,0,2,1,1,0,0,0,충북,청주시,0,0,0,0,0,3,0,127.3715,36.7332,충북청주시,0,3,0,0,0,83,1,1
12294,2016-04-24,0,6,1,1,0,0,0,대구,서구,0,0,0,0,0,0,0,128.5592,35.8583,대구서구,0,0,0,1,0,107,1,1
12296,2016-04-29,0,4,1,2,0,1,0,서울,성북구,0,0,5,1,1,4,0,127.033,37.5913,서울성북구,0,4,0,0,0,167,1,1
12297,2016-04-26,0,1,1,1,0,0,0,전북,완주군,0,0,0,0,3,1,0,127.0518,35.8366,전북완주군,0,1,0,0,0,28,1,1
12303,2016-04-14,1,3,1,1,0,0,0,경기,용인시,0,0,1,1,2,0,0,127.112,37.3257,경기용인시,0,0,0,0,0,51,1,0
12305,2016-04-13,1,2,1,1,0,0,0,경북,경주시,0,0,1,1,1,1,0,129.2085,35.8446,경북경주시,0,1,0,1,0,100,1,0
12306,2016-04-12,1,1,1,1,0,0,0,인천,남구,0,0,0,1,2,1,0,126.6426,37.4617,인천남동구,0,1,0,0,0,29,1,1
12309,2016-04-21,0,3,1,1,0,0,0,경남,김해시,0,3,0,0,0,0,0,128.7944,35.3317,경남김해시,0,0,0,0,0,13,0,0
12312,2016-04-29,0,4,1,1,0,0,0,경기,안산시,0,0,3,1,1,0,0,126.817,37.334,경기안산시,0,0,0,0,0,2,1,1
12314,2016-04-27,0,2,1,1,0,0,0,경남,거제시,0,0,0,0,0,2,0,128.7328,34.8779,경남거제시,0,2,0,0,0,15,1,1
12315,2016-04-28,0,3,1,1,0,0,0,전남,여수시,0,0,0,1,2,0,0,127.7274,34.7403,전남여수시,0,0,0,0,0,102,1,1
12319,2016-05-06,0,4,1,1,0,0,0,강원,강릉시,0,0,0,0,0,0,0,128.9004,37.7549,강원강릉시,0,0,0,1,0,194,1,1
12323,2016-04-13,0,2,1,1,0,0,0,경북,김천시,0,0,0,0,0,2,0,128.1215,36.1193,경북김천시,0,2,0,1,0,76,1,1
12331,2016-05-18,0,2,1,2,0,1,0,경기,안산시,0,0,0,0,0,0,0,126.8327,37.3294,경기안산시,0,0,0,0,0,2,1,1
12332,2016-05-18,0,2,1,1,0,0,0,부산,진구,0,1,0,0,0,0,0,129.0519,35.1505,부산진구,0,0,0,0,0,231,1,1
12334,2016-05-30,1,0,1,1,0,0,0,울산,울주군,0,0,0,0,0,0,0,129.3374,35.4671,울산울주군,0,0,0,0,0,17,1,1
12337,2016-05-07,1,5,1,2,1,0,0,충남,금산군,0,4,4,0,0,3,0,127.4737,36.1906,충남금산군,0,3,0,1,0,68,0,0
12340,2016-05-14,0,5,1,1,0,0,0,서울,도봉구,0,1,0,0,0,7,0,127.0502,37.6787,서울도봉구,0,7,0,1,0,98,1,1
12341,2016-05-14,0,5,1,1,0,0,0,경북,경주시,0,3,0,1,2,0,0,129.2272,36.0289,경북경주시,0,0,0,1,0,100,0,0
12344,2016-05-21,0,5,1,1,0,0,0,대전,서구,0,0,0,0,0,0,0,127.3972,36.3489,대전서구,0,0,0,1,0,4,1,1
12346,2016-05-26,1,3,1,1,0,0,0,대구,달서구,0,0,0,1,1,0,0,128.5203,35.8571,대구달서구,0,0,0,0,0,20,1,1
12348,2016-02-27,0,5,1,1,0,0,0,제주,제주시,0,1,0,0,0,0,0,126.4144,33.4727,제주제주시,0,0,0,1,0,90,1,1
12353,2016-05-30,0,0,1,1,0,0,0,경기,성남시,0,2,0,0,0,0,0,127.1195,37.4019,경기성남시,0,0,0,0,0,95,1,1
12354,2016-05-30,1,0,1,1,0,0,0,대전,동구,0,1,1,0,0,6,0,127.4391,36.3321,대전동구,0,6,0,0,0,80,1,0
12358,2016-05-06,1,4,1,1,0,0,0,경남,하동군,0,0,0,0,0,0,0,127.7988,35.0988,경남하동군,0,0,0,1,0,172,1,1
12360,2016-05-09,0,0,1,1,0,0,0,전남,목포시,0,0,0,0,0,0,0,126.3931,34.7931,전남목포시,0,0,0,0,0,153,1,1
12366,2016-05-10,0,1,1,1,0,0,0,인천,연수구,0,0,1,1,2,0,0,126.6984,37.423,인천연수구,0,0,0,0,0,35,1,0
12368,2016-05-14,1,5,1,1,0,0,0,충북,충주시,0,0,1,1,2,0,0,127.9401,36.9781,충북충주시,0,0,0,1,0,6,1,0