index,발생년월일,주야,요일,사망자수,사상자수,중상자수,경상자수,부상신고자수,발생지시도,발생지시군구,사고유형_대분류,사고유형_중분류,법규위반,도로형태_대분류,도로형태,당사자종별_1당_대분류,당사자종별_2당_대분류,경도,위도,발생지,사고피해정도,사고차량타입,도시여부,주말/공휴일,인구수,발생지번호,보행자의위치,무단횡단여부
12374,2016-05-24,0,1,1,1,0,0,0,부산,남구,0,0,3,0,3,0,0,129.1084,35.1275,부산남구,0,0,0,0,0,180,1,1
12377,2016-07-21,1,3,1,1,0,0,0,전남,여수시,0,0,0,0,0,0,0,127.5619,34.7681,전남여수시,0,0,0,0,0,102,1,1
12382,2016-06-09,0,3,1,1,0,0,0,경남,의령군,0,1,0,0,0,0,0,128.3265,35.471,경남의령군,0,0,0,0,0,189,1,1
12383,2016-06-09,1,3,1,1,0,0,0,강원,춘천시,0,0,0,1,2,0,0,127.7327,37.8765,강원춘천시,0,0,0,0,0,111,1,1
12392,2016-08-17,0,2,1,1,0,0,0,경남,고성군,0,0,0,1,2,1,0,128.2116,34.995,경남고성군,0,1,0,0,0,87,1,1
12393,2016-08-17,0,2,1,1,0,0,0,서울,강서구,0,0,0,1,2,0,0,126.8492,37.5583,서울강서구,0,0,0,0,0,43,1,1
12396,2016-08-24,1,2,1,1,0,0,0,전남,고흥군,0,0,0,1,1,1,0,127.365,34.5053,전남고흥군,0,1,0,0,0,191,1,1
12400,2016-08-23,0,1,1,1,0,0,0,경기,수원시,0,0,0,2,4,0,0,127.0035,37.2904,경기수원시,0,0,0,0,0,99,1,1
12401,2016-08-24,0,2,1,1,0,0,0,제주,서귀포시,0,0,0,1,1,0,0,126.3848,33.2643,제주서귀포시,0,0,0,0,0,62,1,1
12403,2016-08-27,0,5,1,1,0,0,0,제주,제주시,0,2,0,1,1,0,0,126.4239,33.492,제주제주시,0,0,0,1,0,90,1,1
12404,2016-08-26,0,4,1,1,0,0,0,경남,창원시(통합),0,1,0,0,0,0,0,128.5523,35.1862,경남창원시(통합),0,0,0,0,0,86,1,1
12405,2016-08-29,0,0,1,1,0,0,0,전북,완주군,0,3,0,0,0,1,0,127.1035,35.6415,전북완주군,0,1,0,0,0,28,0,0
12409,2016-09-09,1,4,1,6,1,2,2,서울,중구,0,1,0,0,0,1,0,126.9849,37.5643,서울중구,1,1,0,0,0,8,1,1
12410,2016-09-13,0,1,1,1,0,0,0,경북,경주시,0,1,0,0,0,0,0,129.3363,35.6756,경북경주시,0,0,0,0,0,100,1,1
12413,2016-07-18,0,0,1,1,0,0,0,경기,오산시,0,0,0,0,0,0,0,127.0642,37.1494,경기오산시,0,0,0,0,0,143,1,1
12419,2016-08-05,1,4,1,1,0,0,0,강원,화천군,0,0,0,0,0,0,0,127.6093,38.1743,강원화천군,0,0,0,0,0,218,1,1
12421,2016-08-13,1,5,1,1,0,0,0,경남,사천시,0,0,0,1,2,0,0,128.0833,34.9385,경남사천시,0,0,0,1,0,57,1,1
12423,2016-08-16,0,1,1,1,0,0,0,경북,군위군,0,3,0,0,0,0,0,128.6554,36.0585,경북군위군,0,0,0,0,0,170,0,0
12425,2016-08-16,1,1,1,1,0,0,0,강원,삼척시,0,3,0,0,0,1,0,128.8795,37.2933,강원삼척시,0,1,0,0,0,78,0,0
12428,2016-08-27,0,5,1,1,0,0,0,경북,영덕군,0,2,0,0,0,1,0,129.3698,36.3915,경북영덕군,0,1,0,1,0,54,1,1
12430,2016-08-29,1,0,1,1,0,0,0,부산,동구,0,0,3,0,3,3,0,129.0394,35.1152,부산동구,0,3,0,0,0,209,1,1
12433,2016-08-27,0,5,1,1,0,0,0,경기,화성시,0,0,0,1,1,0,0,126.9716,37.2273,경기화성시,0,0,0,1,0,50,1,1
12434,2016-08-28,0,6,1,1,0,0,0,전북,전주시,0,0,0,0,0,0,0,127.1419,35.8433,전북전주시,0,0,0,1,0,11,1,1
12435,2016-09-11,1,6,1,1,0,0,0,대구,수성구,0,0,1,0,3,0,0,128.6405,35.8556,대구수성구,0,0,0,1,0,37,1,0
12437,2016-09-13,1,1,1,1,0,0,0,부산,남구,0,0,3,1,1,1,0,129.0803,35.1186,부산남구,0,1,0,0,0,180,1,1
12438,2016-09-07,0,2,1,1,0,0,0,대구,남구,0,0,0,0,3,0,0,128.5877,35.8568,대구남구,0,0,0,0,0,145,1,1
12443,2016-07-24,0,6,1,1,0,0,0,경북,경주시,0,3,0,0,0,0,0,129.4494,35.6639,경북경주시,0,0,0,1,0,100,0,0
12449,2016-08-06,1,5,1,1,0,0,0,경남,창원시(통합),0,1,0,0,0,0,0,128.7251,35.113,경남창원시(통합),0,0,0,1,0,86,1,1
12452,2016-08-02,1,1,1,1,0,0,0,전북,전주시,0,1,0,1,1,2,0,127.1096,35.8331,전북전주시,0,2,0,0,0,11,1,1
12458,2016-08-13,0,5,1,1,0,0,0,인천,서구,0,0,0,0,0,0,0,126.6568,37.6017,인천서구,0,0,0,1,0,97,1,1
12465,2016-05-22,0,6,2,2,0,0,0,경기,평택시,0,1,0,0,0,0,0,127.0922,37.0593,경기평택시,0,0,0,1,0,14,1,1
12467,2016-05-25,1,2,1,1,0,0,0,충북,충주시,0,0,0,2,4,1,0,127.91,36.9863,충북충주시,0,1,0,0,0,6,1,1
12469,2016-05-11,1,2,1,3,0,2,0,서울,서대문구,0,2,0,0,0,0,0,126.9351,37.5799,서울서대문구,0,0,0,0,0,195,1,1
12470,2016-05-09,1,0,1,1,0,0,0,충북,진천군,0,0,3,1,1,3,0,127.4488,36.8498,충북진천군,0,3,0,0,0,60,1,1
12474,2016-05-14,0,5,1,2,0,1,0,경기,부천시,0,0,2,1,2,6,0,126.7696,37.509,경기부천시,0,6,0,1,0,65,1,1
12481,2016-05-22,0,6,1,1,0,0,0,충남,공주시,0,0,1,1,1,1,0,127.1344,36.4506,충남공주시,0,1,0,1,0,19,1,0
12484,2016-05-29,0,6,1,1,0,0,0,경기,의정부시,0,1,0,1,1,0,0,127.0405,37.7229,경기의정부시,0,0,0,1,0,64,1,1
12486,2016-05-27,0,4,1,1,0,0,0,서울,성북구,0,0,0,1,2,1,0,127.0337,37.6008,서울성북구,0,1,0,0,0,167,1,1
12488,2016-05-30,1,0,1,1,0,0,0,부산,금정구,0,1,0,0,0,3,0,129.0869,35.24,부산금정구,0,3,0,0,0,96,1,1
12489,2016-05-30,0,0,1,1,0,0,0,경기,광주시,0,0,3,1,2,0,0,127.3512,37.3443,경기광주시,0,0,0,0,0,9,1,1
12493,2016-05-09,1,0,1,1,0,0,0,부산,연제구,0,2,5,0,0,0,0,129.0726,35.1902,부산연제구,0,0,0,0,0,221,1,1
12495,2016-05-12,0,3,1,1,0,0,0,경기,수원시,0,1,1,0,0,0,0,127.0138,37.2755,경기수원시,0,0,0,0,0,99,1,0
12496,2016-05-11,1,2,1,1,0,0,0,경기,광명시,0,0,0,0,0,2,0,126.8494,37.4678,경기광명시,0,2,0,0,0,81,1,1
12503,2016-05-25,1,2,1,1,0,0,0,부산,사하구,0,1,0,0,0,2,0,128.9838,35.0989,부산사하구,0,2,0,0,0,25,1,1
12506,2016-05-29,1,6,1,1,0,0,0,서울,관악구,0,2,4,1,2,2,0,126.9205,37.474,서울관악구,0,2,0,1,0,188,1,1
12510,2016-05-09,1,0,1,1,0,0,0,경북,경산시,0,0,0,1,1,1,0,128.8353,35.7935,경북경산시,0,1,0,0,0,52,1,1
12511,2016-05-09,1,0,1,1,0,0,0,경기,남양주시,0,0,2,2,4,1,0,127.1986,37.6727,경기남양주시,0,1,0,0,0,70,1,1
12512,2016-05-09,1,0,1,1,0,0,0,경기,부천시,0,0,0,1,2,1,0,126.8085,37.4938,경기부천시,0,1,0,0,0,65,1,1
12513,2016-05-10,1,1,1,1,0,0,0,강원,강릉시,0,0,1,0,3,0,0,128.905,37.7614,강원강릉시,0,0,0,0,0,194,1,0
12516,2016-05-13,1,4,1,1,0,0,0,충북,영동군,0,1,0,2,4,2,0,127.9989,36.212,충북영동군,0,2,0,0,0,75,1,1
12518,2016-05-12,0,3,1,3,2,0,0,부산,금정구,0,1,4,0,0,0,0,129.0858,35.2744,부산금정구,1,0,0,0,0,96,1,1
12520,2016-05-20,1,4,1,1,0,0,0,광주,광산구,0,0,2,0,0,0,0,126.8487,35.2134,광주광산구,0,0,0,0,0,135,1,1
12521,2016-05-24,0,1,1,1,0,0,0,충북,청주시,0,1,2,0,0,0,0,127.5308,36.7213,충북청주시,0,0,0,0,0,83,1,1
12522,2016-05-23,0,0,1,1,0,0,0,경북,경산시,0,0,2,0,0,0,0,128.7665,35.8637,경북경산시,0,0,0,0,0,52,1,1
12523,2016-05-24,0,1,1,1,0,0,0,충남,천안시,0,0,0,0,3,0,0,127.1257,36.8513,충남천안시,0,0,0,0,0,63,1,1
12529,2016-06-05,0,6,1,1,0,0,0,경기,평택시,0,1,0,1,2,0,0,127.0794,37.0075,경기평택시,0,0,0,1,0,14,1,1
12532,2016-05-05,1,3,1,1,0,0,0,경북,경산시,0,0,0,1,1,1,0,128.7355,35.7388,경북경산시,0,1,0,1,0,52,1,1
12533,2016-05-09,0,0,1,1,0,0,0,경남,남해군,0,1,0,0,0,0,0,127.899,34.8411,경남남해군,0,0,0,0,0,197,1,1
12538,2016-05-18,1,2,1,1,0,0,0,충북,청주시,0,1,0,2,4,1,0,127.4916,36.6986,충북청주시,0,1,0,0,0,83,1,1
12539,2016-05-20,0,4,1,1,0,0,0,경북,구미시,0,0,0,1,1,1,0,128.3289,36.124,경북구미시,0,1,0,0,0,144,1,1
12540,2016-05-18,0,2,1,1,0,0,0,경북,안동시,0,2,0,0,0,0,0,128.7352,36.5658,경북안동시,0,0,0,0,0,66,1,1
12548,2016-07-31,1,6,1,1,0,0,0,강원,강릉시,0,0,0,1,2,0,0,128.8233,37.8863,강원강릉시,0,0,0,1,0,194,1,1
12550,2016-07-31,1,6,1,1,0,0,0,전남,고흥군,0,0,0,0,0,1,0,127.2494,34.5565,전남고흥군,0,1,0,1,0,191,1,1
12551,2016-07-31,0,6,1,1,0,0,0,인천,남구,0,0,0,0,3,0,0,126.6946,37.4575,인천남동구,0,0,0,1,0,29,1,1
12556,2016-08-12,0,4,1,1,0,0,0,경기,이천시,0,0,1,0,0,0,0,127.4497,37.2765,경기이천시,0,0,0,0,0,41,1,0
12558,2016-08-16,1,1,1,1,0,0,0,인천,서구,0,0,3,0,0,0,0,126.6774,37.5599,인천서구,0,0,0,0,0,97,1,1
12559,2016-08-22,1,0,1,1,0,0,0,충남,논산시,0,0,0,0,0,0,0,127.0685,36.1787,충남논산시,0,0,0,0,0,61,1,1
12560,2016-08-22,1,0,1,1,0,0,0,경기,파주시,0,0,1,1,1,1,0,126.7766,37.7591,경기파주시,0,1,0,0,0,175,1,0
12561,2016-08-20,1,5,1,1,0,0,0,경북,영주시,0,0,1,1,1,1,0,128.6224,36.8237,경북영주시,0,1,0,1,0,113,1,0
12562,2016-08-18,0,3,1,1,0,0,0,경북,경주시,0,3,0,0,0,0,0,129.2471,35.9251,경북경주시,0,0,0,0,0,100,0,0
12565,2016-08-22,0,0,1,1,0,0,0,부산,금정구,0,0,0,0,3,1,0,129.0914,35.2548,부산금정구,0,1,0,0,0,96,1,1
12566,2016-08-24,0,2,1,1,0,0,0,강원,춘천시,0,3,0,0,0,0,0,127.7523,37.8675,강원춘천시,0,0,0,0,0,111,0,0
12568,2016-08-28,0,6,1,1,0,0,0,인천,계양구,0,1,0,0,0,0,0,126.7443,37.5608,인천계양구,0,0,0,1,0,7,1,1
12569,2016-08-28,0,6,1,1,0,0,0,경남,창원시(통합),0,0,0,0,0,0,0,128.5642,35.1935,경남창원시(통합),0,0,0,1,0,86,1,1
12571,2016-09-08,0,3,1,1,0,0,0,경기,포천시,0,0,2,0,0,1,0,127.2069,38.1014,경기포천시,0,1,0,0,0,171,1,1
12578,2016-08-01,0,0,1,1,0,0,0,강원,속초시,0,1,0,0,0,0,0,128.5455,38.1655,강원속초시,0,0,0,0,0,104,1,1
12580,2016-07-29,0,4,1,1,0,0,0,서울,강동구,0,2,0,1,1,0,0,127.1353,37.5526,서울강동구,0,0,0,0,0,91,1,1
12583,2016-07-29,0,4,1,1,0,0,0,세종,세종,0,0,0,0,0,0,0,127.2903,36.6242,세종세종,0,0,1,0,0,229,1,1
12587,2016-08-20,1,5,1,1,0,0,0,경기,용인시,0,0,0,1,1,0,0,127.0876,37.3206,경기용인시,0,0,0,1,0,51,1,1
12591,2016-08-15,0,0,1,1,0,0,0,경기,파주시,0,2,0,1,1,2,0,126.8707,37.8498,경기파주시,0,2,0,1,0,175,1,1
12597,2016-09-20,0,1,1,1,0,0,0,충북,충주시,0,1,2,0,0,0,0,127.9963,36.8386,충북충주시,0,0,0,0,0,6,1,1
12600,2016-09-14,0,2,1,2,1,0,0,경기,군포시,0,0,0,0,0,0,0,126.9339,37.3596,경기군포시,0,0,0,1,0,126,1,1
12605,2016-07-23,0,5,1,2,0,1,0,경기,수원시,0,0,2,0,3,4,0,127.012,37.2993,경기수원시,0,4,0,1,0,99,1,1
12613,2016-08-03,1,2,1,1,0,0,0,서울,양천구,0,0,0,0,0,0,0,126.8368,37.5225,서울양천구,0,0,0,0,0,140,1,1
12618,2016-11-03,0,3,1,1,0,0,0,부산,사상구,0,0,0,0,0,1,0,128.989,35.1439,부산사상구,0,1,0,0,0,120,1,1
12619,2016-10-31,0,0,1,1,0,0,0,전남,장흥군,0,0,0,0,0,0,0,126.898,34.7178,전남장흥군,0,0,0,0,0,56,1,1
12620,2016-11-04,1,4,1,1,0,0,0,충남,예산군,0,0,0,0,0,1,0,126.837,36.6162,충남예산군,0,1,0,0,0,187,1,1
12622,2016-11-03,0,3,1,1,0,0,0,충남,논산시,0,0,0,1,1,1,0,127.2185,36.2105,충남논산시,0,1,0,0,0,61,1,1
12623,2016-12-10,0,5,1,1,0,0,0,제주,제주시,0,1,0,0,0,0,0,126.6701,33.5256,제주제주시,0,0,0,1,0,90,1,1
12626,2016-12-09,0,4,1,1,0,0,0,서울,중구,0,0,0,0,3,0,0,126.9953,37.5615,서울중구,0,0,0,0,0,8,1,1
12628,2016-12-06,1,1,1,1,0,0,0,경기,고양시,0,0,0,0,0,0,0,126.7892,37.6812,경기고양시,0,0,0,0,0,40,1,1
12629,2016-12-05,1,0,1,1,0,0,0,부산,북구,0,0,1,0,3,0,0,129.0009,35.2062,부산북구,0,0,0,0,0,118,1,0
12632,2016-05-27,1,4,1,3,1,1,0,충남,금산군,0,3,5,0,0,1,0,127.4816,36.194,충남금산군,0,1,0,0,0,68,0,0
12636,2016-05-04,1,2,1,1,0,0,0,대구,달성군,0,0,0,0,0,1,0,128.44,35.6946,대구달성군,0,1,0,0,0,30,1,1
12642,2016-05-14,1,5,1,1,0,0,0,경남,통영시,0,2,0,1,2,1,0,128.4233,34.8277,경남통영시,0,1,0,1,0,212,1,1
12644,2016-05-23,1,0,1,1,0,0,0,경남,진주시,0,0,1,1,2,0,0,128.0621,35.1924,경남진주시,0,0,0,0,0,42,1,0
12647,2016-05-23,0,0,1,1,0,0,0,서울,마포구,0,0,0,0,0,2,0,126.9528,37.5571,서울마포구,0,2,0,0,0,159,1,1
12649,2016-05-26,1,3,1,1,0,0,0,서울,강북구,0,0,0,0,0,6,0,127.0468,37.6272,서울강북구,0,6,0,0,0,200,1,1
12651,2016-06-02,0,3,1,1,0,0,0,전남,강진군,0,0,0,0,0,2,0,126.7274,34.5394,전남강진군,0,2,0,0,0,121,1,1
12652,2016-06-03,0,4,1,1,0,0,0,경기,의정부시,0,1,0,0,0,0,0,127.0477,37.7034,경기의정부시,0,0,0,0,0,64,1,1
12653,2016-06-03,0,4,1,1,0,0,0,서울,성동구,0,3,0,1,1,0,0,127.0446,37.5499,서울성동구,0,0,0,0,0,84,0,0
12654,2016-06-02,0,3,1,1,0,0,0,울산,남구,0,0,0,1,1,0,0,129.3159,35.5303,울산남구,0,0,0,0,0,213,1,1
12657,2016-05-10,0,1,1,1,0,0,0,경북,포항시,0,0,0,0,0,0,0,129.3595,36.0332,경북포항시,0,0,0,0,0,160,1,1
12663,2016-05-22,0,6,1,1,0,0,0,대구,달서구,0,0,0,0,0,0,0,128.5373,35.8558,대구달서구,0,0,0,1,0,20,1,1
12664,2016-05-28,1,5,1,1,0,0,0,경기,안성시,0,1,0,0,0,0,0,127.1856,37.0434,경기안성시,0,0,0,1,0,23,1,1
12668,2016-06-01,0,2,1,1,0,0,0,경북,군위군,0,3,0,1,2,0,0,128.5731,36.2679,경북군위군,0,0,0,0,0,170,0,0
12672,2016-05-10,1,1,1,1,0,0,0,경기,평택시,0,0,0,0,3,0,0,126.9148,36.9445,경기평택시,0,0,0,0,0,14,1,1
12675,2016-06-03,0,4,1,1,0,0,0,강원,원주시,0,1,0,0,0,0,0,127.8558,37.3299,강원원주시,0,0,0,0,0,36,1,1
12681,2016-05-12,1,3,1,1,0,0,0,인천,계양구,0,0,0,0,0,2,0,126.7109,37.5313,인천계양구,0,2,0,0,0,7,1,1
12687,2016-05-19,0,3,1,1,0,0,0,경북,포항시,0,0,0,0,0,0,0,129.3622,35.9702,경북포항시,0,0,0,0,0,160,1,1
12688,2016-05-23,0,0,1,1,0,0,0,대전,유성구,0,0,3,0,3,0,0,127.364,36.3847,대전유성구,0,0,0,0,0,148,1,1
12690,2016-06-03,0,4,1,1,0,0,0,전남,영암군,0,1,0,0,0,1,0,126.6165,34.8757,전남영암군,0,1,0,0,0,16,1,1
12691,2016-06-01,0,2,1,1,0,0,0,충남,서산시,0,0,2,1,1,0,0,126.449,36.778,충남서산시,0,0,0,0,0,69,1,1
12695,2016-05-04,1,2,1,2,1,0,0,경기,김포시,0,0,0,1,1,4,0,126.6307,37.6541,경기김포시,0,4,0,0,0,47,1,1
12697,2016-05-10,0,1,1,1,0,0,0,경북,포항시,0,0,0,0,0,0,0,129.4096,35.9631,경북포항시,0,0,0,0,0,160,1,1
12698,2016-05-12,0,3,1,1,0,0,0,경북,포항시,0,0,0,1,2,1,0,129.3532,36.0093,경북포항시,0,1,0,0,0,160,1,1
12700,2016-06-25,0,5,1,1,0,0,0,전북,익산시,0,0,0,0,0,0,0,126.9467,35.9389,전북익산시,0,0,0,1,0,125,1,1
12703,2016-06-30,0,3,1,1,0,0,0,전북,익산시,0,1,0,1,1,0,0,126.9601,35.959,전북익산시,0,0,0,0,0,125,1,1
12705,2016-06-29,0,2,1,1,0,0,0,충남,서산시,0,0,0,0,0,0,0,126.4826,36.7875,충남서산시,0,0,0,0,0,69,1,1
12706,2016-07-04,0,0,1,1,0,0,0,서울,서초구,0,1,0,0,0,0,0,127.0321,37.4843,서울서초구,0,0,0,0,0,214,1,1
12715,2016-07-06,0,2,1,1,0,0,0,울산,남구,0,1,0,0,0,0,0,129.3107,35.5442,울산남구,0,0,0,0,0,213,1,1
12717,2016-08-22,0,0,1,1,0,0,0,제주,제주시,0,0,0,1,2,2,0,126.5264,33.5103,제주제주시,0,2,0,0,0,90,1,1
12719,2016-08-21,0,6,1,1,0,0,0,부산,금정구,0,1,0,2,4,0,0,129.1099,35.2144,부산금정구,0,0,0,1,0,96,1,1
12728,2016-07-24,0,6,1,1,0,0,0,부산,동구,0,1,5,0,0,0,0,129.0347,35.1252,부산동구,0,0,0,1,0,209,1,1
12729,2016-07-23,0,5,1,1,0,0,0,경북,경주시,0,1,0,1,2,0,0,129.4631,35.6711,경북경주시,0,0,0,1,0,100,1,1
12730,2016-07-22,0,4,1,1,0,0,0,대구,달서구,0,0,1,0,3,0,0,128.5549,35.8429,대구달서구,0,0,0,0,0,20,1,0
12733,2016-07-27,1,2,1,1,0,0,0,대구,북구,0,1,1,0,3,0,0,128.6145,35.9065,대구북구,0,0,0,0,0,112,1,0
12736,2016-07-31,1,6,1,1,0,0,0,부산,진구,0,1,0,0,0,1,0,129.0486,35.1571,부산진구,0,1,0,1,0,231,1,1
12745,2016-08-26,0,4,1,1,0,0,0,서울,도봉구,0,0,2,0,3,0,0,127.0313,37.651,서울도봉구,0,0,0,0,0,98,1,1
12749,2016-09-17,0,5,1,1,0,0,0,인천,남구,0,1,0,0,0,0,0,126.6799,37.4543,인천남동구,0,0,0,1,0,29,1,1
12752,2016-08-04,1,3,1,6,4,1,0,경기,용인시,0,1,4,0,0,2,0,127.1336,37.3318,경기용인시,1,2,0,0,0,51,1,1
12756,2016-08-08,0,0,1,1,0,0,0,전남,목포시,0,0,0,0,0,0,0,126.4281,34.813,전남목포시,0,0,0,0,0,153,1,1
12764,2016-10-30,0,6,1,1,0,0,0,경북,안동시,0,0,0,0,0,0,0,128.7272,36.5633,경북안동시,0,0,0,1,0,66,1,1
12765,2016-11-04,0,4,1,1,0,0,0,경남,진주시,0,0,0,0,3,0,0,128.1129,35.1849,경남진주시,0,0,0,0,0,42,1,1
12768,2016-12-10,0,5,1,1,0,0,0,경기,이천시,0,0,0,0,0,0,0,127.4998,37.2894,경기이천시,0,0,0,1,0,41,1,1
12769,2016-12-10,0,5,1,1,0,0,0,울산,남구,0,0,0,0,0,0,0,129.3084,35.5371,울산남구,0,0,0,1,0,213,1,1
12770,2016-12-07,0,2,1,1,0,0,0,부산,진구,0,0,0,0,0,0,0,129.0327,35.1515,부산진구,0,0,0,0,0,231,1,1
12771,2016-12-27,0,1,1,1,0,0,0,전남,순천시,0,0,0,1,1,0,0,127.4399,35.1118,전남순천시,0,0,0,0,0,27,1,1
12773,2016-12-21,1,2,1,1,0,0,0,전남,무안군,0,3,0,0,0,0,0,126.4898,34.8469,전남무안군,0,0,0,0,0,101,0,0
12774,2016-12-23,1,4,1,1,0,0,0,경기,고양시,0,2,0,0,0,1,0,126.9242,37.7184,경기고양시,0,1,0,0,0,40,1,1
12775,2016-10-02,0,6,1,1,0,0,0,충남,청양군,0,1,0,0,0,0,0,126.7909,36.3594,충남청양군,0,0,0,1,0,174,1,1
12776,2016-11-06,0,6,1,3,0,2,0,서울,강북구,0,0,0,0,0,0,0,127.042,37.6173,서울강북구,0,0,0,1,0,200,1,1
12778,2016-11-07,0,0,1,1,0,0,0,경남,사천시,0,0,0,1,2,1,0,128.083,35.0803,경남사천시,0,1,0,0,0,57,1,1
12779,2016-11-12,1,5,1,1,0,0,0,서울,관악구,0,1,0,0,0,0,0,126.9393,37.4775,서울관악구,0,0,0,1,0,188,1,1
12782,2016-11-09,0,2,1,1,0,0,0,충남,보령시,0,2,0,0,0,0,0,126.6543,36.3879,충남보령시,0,0,0,0,0,136,1,1
12783,2016-11-06,1,6,1,1,0,0,0,전남,무안군,0,1,4,0,0,0,0,126.4295,34.84,전남무안군,0,0,0,1,0,101,1,1
12787,2016-11-26,0,5,1,1,0,0,0,충남,홍성군,0,0,0,1,1,1,0,126.4718,36.5413,충남홍성군,0,1,0,1,0,38,1,1
12791,2016-11-27,1,6,2,2,0,0,0,경북,영천시,0,1,0,0,0,1,0,128.8932,36.0008,경북영천시,0,1,0,1,0,5,1,1
12792,2016-11-01,1,1,1,1,0,0,0,대구,달성군,0,0,0,0,0,0,0,128.503,35.8052,대구달성군,0,0,0,0,0,30,1,1
12794,2016-10-31,1,0,1,1,0,0,0,인천,계양구,0,0,0,2,4,1,0,126.7346,37.5281,인천계양구,0,1,0,0,0,7,1,1
12797,2016-11-02,1,2,1,2,1,0,0,인천,강화군,0,2,0,0,0,1,0,126.5082,37.7064,인천강화군,0,1,0,0,0,92,1,1
12802,2016-06-06,0,0,1,1,0,0,0,광주,서구,0,0,0,0,0,0,0,126.8836,35.1629,광주서구,0,0,0,1,0,222,1,1
12804,2016-06-12,0,6,1,1,0,0,0,서울,종로구,0,1,0,1,2,0,0,126.977,37.5756,서울종로구,0,0,0,1,0,116,1,1
12806,2016-06-16,0,3,1,1,0,0,0,전북,전주시,0,2,0,0,0,0,0,127.1278,35.8919,전북전주시,0,0,0,0,0,11,1,1
12807,2016-06-14,0,1,1,1,0,0,0,광주,북구,0,0,0,0,0,0,0,126.8887,35.1697,광주북구,0,0,0,0,0,137,1,1
12809,2016-06-24,1,4,1,1,0,0,0,충남,금산군,0,0,1,1,1,0,0,127.4905,36.1086,충남금산군,0,0,0,0,0,68,1,0
12811,2016-07-01,0,4,1,5,3,0,1,경기,용인시,0,1,2,1,2,0,0,127.2084,37.2378,경기용인시,1,0,0,0,0,51,1,1
12816,2016-07-06,0,2,1,1,0,0,0,경북,포항시,0,0,0,1,2,0,0,129.3315,36.0367,경북포항시,0,0,0,0,0,160,1,1
12817,2016-07-03,0,6,1,1,0,0,0,울산,남구,0,0,0,1,2,0,0,129.3424,35.5399,울산남구,0,0,0,1,0,213,1,1
12822,2016-07-08,0,4,1,1,0,0,0,경남,고성군,0,0,1,0,3,0,0,128.3103,34.9949,경남고성군,0,0,0,0,0,87,1,0
12823,2016-07-08,0,4,1,1,0,0,0,인천,서구,0,4,0,0,0,7,0,126.6635,37.5774,인천서구,0,7,0,0,0,97,0,0
12824,2016-06-07,0,1,1,1,0,0,0,경북,경주시,0,0,0,0,0,0,0,129.2174,35.8404,경북경주시,0,0,0,0,0,100,1,1
12825,2016-07-07,0,3,1,1,0,0,0,대전,동구,0,0,0,0,0,0,0,127.432,36.3326,대전동구,0,0,0,0,0,80,1,1
12826,2016-07-07,0,3,1,1,0,0,0,충남,서천군,0,2,0,0,0,0,0,126.7085,36.0431,충남서천군,0,0,0,0,0,10,1,1
12828,2016-06-05,0,6,1,1,0,0,0,충남,아산시,0,0,1,1,1,2,0,126.9854,36.6582,충남아산시,0,2,0,1,0,53,1,0
12833,2016-06-13,1,0,1,2,1,0,0,전남,여수시,0,0,1,0,0,0,0,127.7348,34.7401,전남여수시,0,0,0,0,0,102,1,0
12834,2016-06-15,0,2,1,1,0,0,0,경기,김포시,0,0,1,1,2,7,0,126.7016,37.6259,경기김포시,0,7,0,0,0,47,1,0
12835,2016-06-16,0,3,1,1,0,0,0,인천,연수구,0,2,0,0,0,0,0,126.6571,37.4273,인천연수구,0,0,0,0,0,35,1,1
12836,2016-06-14,0,1,1,1,0,0,0,전남,순천시,0,1,0,0,0,1,0,127.51,34.9861,전남순천시,0,1,0,0,0,27,1,1
12837,2016-06-13,0,0,1,1,0,0,0,강원,홍천군,0,0,0,1,2,0,0,128.0029,37.8215,강원홍천군,0,0,0,0,0,82,1,1
12838,2016-06-18,0,5,1,1,0,0,0,강원,태백시,0,0,0,0,0,0,0,128.9903,37.1602,강원태백시,0,0,0,1,0,215,1,1
12840,2016-06-17,1,4,1,1,0,0,0,충북,영동군,0,0,0,1,1,1,0,127.7798,36.1765,충북영동군,0,1,0,0,0,75,1,1
12843,2016-08-13,0,5,1,1,0,0,0,경기,수원시,0,0,2,1,2,0,0,126.9821,37.2512,경기수원시,0,0,0,1,0,99,1,1
12846,2016-08-14,0,6,1,1,0,0,0,전북,임실군,0,2,0,0,0,0,0,127.2181,35.6686,전북임실군,0,0,0,1,0,152,1,1
12848,2016-08-22,1,0,1,1,0,0,0,충남,천안시,0,0,0,0,3,0,0,127.1654,36.7833,충남천안시,0,0,0,0,0,63,1,1
12852,2016-08-27,1,5,1,1,0,0,0,서울,마포구,0,0,0,0,0,0,0,126.9418,37.5463,서울마포구,0,0,0,1,0,159,1,1
12853,2016-09-08,0,3,1,2,1,0,0,부산,연제구,0,2,4,0,0,0,0,129.0811,35.1878,부산연제구,0,0,0,0,0,221,1,1
12855,2016-07-22,1,4,1,1,0,0,0,서울,성북구,0,0,1,1,1,0,0,127.0234,37.5806,서울성북구,0,0,0,0,0,167,1,0