index,발생년월일,주야,요일,사망자수,사상자수,중상자수,경상자수,부상신고자수,발생지시도,발생지시군구,사고유형_대분류,사고유형_중분류,법규위반,도로형태_대분류,도로형태,당사자종별_1당_대분류,당사자종별_2당_대분류,경도,위도,발생지,사고피해정도,사고차량타입,도시여부,주말/공휴일,인구수,발생지번호,보행자의위치,무단횡단여부
13295,2016-01-12,0,1,1,1,0,0,0,경기,군포시,0,0,0,1,1,0,0,126.9236,37.3617,경기군포시,0,0,0,0,0,126,1,1
13301,2016-01-21,0,3,1,1,0,0,0,경북,울진군,0,0,0,0,0,0,0,129.4348,36.6679,경북울진군,0,0,0,0,0,208,1,1
13303,2016-05-22,1,6,1,5,3,1,0,경기,안양시,0,2,0,0,0,2,0,126.8977,37.4236,경기안양시,1,2,0,1,0,151,1,1
13305,2016-01-04,0,0,1,1,0,0,0,경북,경주시,0,0,0,0,0,5,0,129.2252,35.8707,경북경주시,0,5,0,0,0,100,1,1
13311,2016-01-21,1,3,1,1,0,0,0,경기,안산시,0,0,0,1,2,1,0,126.8474,37.3296,경기안산시,0,1,0,0,0,2,1,1
13313,2016-01-24,0,6,1,1,0,0,0,강원,속초시,0,0,0,1,1,0,0,128.5903,38.1896,강원속초시,0,0,0,1,0,104,1,1
13315,2016-01-25,0,0,1,1,0,0,0,대구,남구,0,0,0,1,1,0,0,128.5577,35.8378,대구남구,0,0,0,0,0,145,1,1
13316,2016-02-01,0,0,1,1,0,0,0,충북,청주시,0,1,0,2,4,2,0,127.4325,36.6217,충북청주시,0,2,0,0,0,83,1,1
13321,2016-02-05,1,4,1,1,0,0,0,경기,파주시,0,1,0,0,0,0,0,126.7831,37.745,경기파주시,0,0,0,0,0,175,1,1
13322,2016-02-06,0,5,1,1,0,0,0,경기,성남시,0,0,0,0,0,2,0,127.1401,37.4372,경기성남시,0,2,0,1,0,95,1,1
13324,2016-02-05,0,4,1,1,0,0,0,경기,고양시,0,2,2,0,0,0,0,126.8694,37.6374,경기고양시,0,0,0,0,0,40,1,1
13325,2016-02-05,0,4,1,1,0,0,0,충남,보령시,0,1,0,0,0,1,0,126.6204,36.3627,충남보령시,0,1,0,0,0,136,1,1
13326,2016-02-06,0,5,1,1,0,0,0,경기,광주시,0,0,0,0,0,0,0,127.2872,37.3875,경기광주시,0,0,0,1,0,9,1,1
13327,2016-02-05,1,4,1,1,0,0,0,경남,창녕군,0,0,0,0,3,1,0,128.4809,35.3865,경남창녕군,0,1,0,0,0,211,1,1
13330,2016-02-06,0,5,1,1,0,0,0,경기,수원시,0,1,0,0,0,0,0,127.0033,37.302,경기수원시,0,0,0,1,0,99,1,1
13331,2016-02-04,0,3,1,1,0,0,0,인천,강화군,0,0,0,0,0,0,0,126.4903,37.7404,인천강화군,0,0,0,0,0,92,1,1
13333,2016-01-02,0,5,1,1,0,0,0,전북,부안군,0,1,0,0,0,1,0,126.7344,35.7232,전북부안군,0,1,0,1,0,185,1,1
13336,2016-01-25,1,0,1,1,0,0,0,서울,노원구,0,0,3,1,1,1,0,127.0841,37.6202,서울노원구,0,1,0,0,0,18,1,1
13337,2016-01-24,0,6,1,1,0,0,0,서울,관악구,0,3,0,0,0,2,0,126.9652,37.4763,서울관악구,0,2,0,1,0,188,0,0
13338,2016-01-23,0,5,1,1,0,0,0,경북,김천시,0,2,0,0,0,0,0,128.1327,36.1242,경북김천시,0,0,0,1,0,76,1,1
13339,2016-01-29,1,4,1,1,0,0,0,경기,화성시,0,0,0,1,1,1,0,126.9923,37.1324,경기화성시,0,1,0,0,0,50,1,1
13341,2016-02-03,0,2,1,1,0,0,0,충남,서산시,0,0,2,0,0,0,0,126.3839,36.784,충남서산시,0,0,0,0,0,69,1,1
13342,2016-02-03,1,2,1,1,0,0,0,제주,제주시,0,0,0,0,0,1,0,126.4907,33.4768,제주제주시,0,1,0,0,0,90,1,1
13350,2016-12-20,0,1,1,1,0,0,0,강원,원주시,0,1,0,0,0,0,0,128.0881,37.2249,강원원주시,0,0,0,0,0,36,1,1
13356,2016-01-02,0,5,1,1,0,0,0,부산,진구,0,1,0,0,0,0,0,129.0575,35.1595,부산진구,0,0,0,1,0,231,1,1
13357,2016-01-03,0,6,1,1,0,0,0,세종,세종,0,4,0,0,0,0,0,127.2972,36.6038,세종세종,0,0,1,1,0,229,0,0
13358,2016-01-05,1,1,1,1,0,0,0,대전,대덕구,0,0,0,0,0,1,0,127.4256,36.4439,대전대덕구,0,1,0,0,0,77,1,1
13362,2016-01-14,1,3,1,1,0,0,0,전남,목포시,0,0,0,0,0,0,0,126.4184,34.8125,전남목포시,0,0,0,0,0,153,1,1
13363,2016-01-18,1,0,1,1,0,0,0,전남,해남군,0,0,1,0,0,2,0,126.4957,34.5641,전남해남군,0,2,0,0,0,119,1,0
13366,2016-01-19,1,1,1,1,0,0,0,인천,서구,0,0,1,1,1,1,0,126.6704,37.5447,인천서구,0,1,0,0,0,97,1,0
13369,2016-01-02,0,5,1,1,0,0,0,경기,남양주시,0,0,3,0,0,0,0,127.2186,37.7562,경기남양주시,0,0,0,1,0,70,1,1
13370,2016-01-05,1,1,1,1,0,0,0,전남,순천시,0,1,0,0,0,1,0,127.5209,34.9232,전남순천시,0,1,0,0,0,27,1,1
13372,2016-01-07,0,3,1,1,0,0,0,경기,가평군,0,0,0,0,0,1,0,127.3584,37.8149,경기가평군,0,1,0,0,0,176,1,1
13374,2016-01-17,0,6,1,1,0,0,0,강원,철원군,0,0,0,0,0,2,0,127.2879,38.1884,강원철원군,0,2,0,1,0,184,1,1
13384,2016-02-04,0,3,1,1,0,0,0,경기,성남시,0,0,0,0,0,0,0,127.1393,37.4366,경기성남시,0,0,0,0,0,95,1,1
13388,2016-01-02,0,5,1,1,0,0,0,전북,완주군,0,0,0,0,0,0,0,127.1726,35.9315,전북완주군,0,0,0,1,0,28,1,1
13389,2016-01-08,0,4,1,1,0,0,0,경북,구미시,0,1,0,0,0,0,0,128.3584,36.1199,경북구미시,0,0,0,0,0,144,1,1
13395,2016-01-15,0,4,1,1,0,0,0,광주,광산구,0,0,0,0,0,1,0,126.8036,35.1587,광주광산구,0,1,0,0,0,135,1,1
13406,2016-01-15,0,4,1,1,0,0,0,충남,서산시,0,2,0,0,0,1,0,126.5183,36.8237,충남서산시,0,1,0,0,0,69,1,1
13415,2016-02-05,1,4,1,1,0,0,0,서울,관악구,0,1,0,1,2,1,0,126.9163,37.4756,서울관악구,0,1,0,0,0,188,1,1
13416,2016-02-05,0,4,1,1,0,0,0,서울,은평구,0,1,1,1,1,2,0,126.9102,37.6144,서울은평구,0,2,0,0,0,139,1,0
13417,2016-01-31,1,6,1,1,0,0,0,경북,김천시,0,0,1,0,3,0,0,128.118,36.1256,경북김천시,0,0,0,1,0,76,1,0
13419,2016-03-02,0,2,1,1,0,0,0,경남,김해시,0,1,0,0,0,1,0,128.7573,35.2571,경남김해시,0,1,0,0,0,13,1,1
13429,2016-01-20,0,2,1,1,0,0,0,서울,중구,0,0,0,0,0,0,0,126.9723,37.5549,서울중구,0,0,0,0,0,8,1,1
13430,2016-01-26,1,1,1,1,0,0,0,인천,강화군,0,4,0,0,0,0,0,126.2963,37.7915,인천강화군,0,0,0,0,0,92,0,0
13432,2016-01-22,1,4,1,1,0,0,0,서울,금천구,0,0,0,1,1,1,0,126.893,37.4758,서울금천구,0,1,0,0,0,109,1,1
13433,2016-01-27,1,2,1,1,0,0,0,전북,전주시,0,0,1,0,3,0,0,127.1259,35.7972,전북전주시,0,0,0,0,0,11,1,0
13435,2016-02-02,0,1,1,1,0,0,0,경기,고양시,0,0,0,0,3,0,0,126.7981,37.6288,경기고양시,0,0,0,0,0,40,1,1
13436,2016-02-03,0,2,1,1,0,0,0,광주,광산구,0,0,0,0,0,0,0,126.8059,35.1616,광주광산구,0,0,0,0,0,135,1,1
13437,2016-02-06,1,5,1,1,0,0,0,서울,은평구,0,0,0,1,2,0,0,126.9312,37.6087,서울은평구,0,0,0,1,0,139,1,1
13448,2016-01-01,0,4,1,1,0,0,0,경북,영천시,0,1,0,0,0,0,0,128.8172,36.0032,경북영천시,0,0,0,1,0,5,1,1
13457,2016-01-17,0,6,1,1,0,0,0,경북,포항시,0,3,0,0,0,0,0,129.3479,35.9919,경북포항시,0,0,0,1,0,160,0,0
13460,2016-01-09,1,5,1,1,0,0,0,충남,천안시,0,0,0,1,1,1,0,127.1353,36.8973,충남천안시,0,1,0,1,0,63,1,1
13462,2016-01-07,1,3,1,1,0,0,0,인천,남동구,0,0,3,1,1,1,0,126.7246,37.452,인천남동구,0,1,0,0,0,29,1,1
13463,2016-01-07,0,3,1,1,0,0,0,대구,수성구,0,0,0,0,0,0,0,128.6169,35.8514,대구수성구,0,0,0,0,0,37,1,1
13466,2016-01-16,0,5,1,1,0,0,0,인천,연수구,0,0,0,0,0,0,0,126.6841,37.4072,인천연수구,0,0,0,1,0,35,1,1
13469,2016-01-16,1,5,1,1,0,0,0,인천,남구,0,0,0,1,2,0,0,126.6472,37.4682,인천남동구,0,0,0,1,0,29,1,1
13473,2016-01-26,1,1,1,1,0,0,0,경기,포천시,0,0,0,0,0,3,0,127.1895,37.8476,경기포천시,0,3,0,0,0,171,1,1
13477,2016-01-26,1,1,1,1,0,0,0,경기,평택시,0,0,1,0,3,2,0,127.0878,36.9905,경기평택시,0,2,0,0,0,14,1,0
13479,2016-02-01,1,0,1,2,1,0,0,경남,창원시(통합),0,0,0,0,0,1,0,128.5034,35.2335,경남창원시(통합),0,1,0,0,0,86,1,1
13481,2016-02-10,0,2,1,1,0,0,0,서울,동대문구,0,3,0,0,0,0,0,127.0388,37.5767,서울동대문구,0,0,0,0,0,201,0,0
13493,2016-01-03,0,6,1,1,0,0,0,대구,서구,0,0,0,0,3,0,0,128.5504,35.8552,대구서구,0,0,0,1,0,107,1,1
13494,2016-01-03,0,6,1,1,0,0,0,대구,달성군,0,0,2,0,0,0,0,128.485,35.7961,대구달성군,0,0,0,1,0,30,1,1
13496,2016-01-09,0,5,1,1,0,0,0,경기,광주시,0,0,0,0,0,0,0,127.1518,37.3599,경기광주시,0,0,0,1,0,9,1,1
13500,2016-01-06,0,2,1,1,0,0,0,충남,천안시,0,4,2,1,1,0,0,127.152,36.8309,충남천안시,0,0,0,0,0,63,0,0
13501,2016-01-11,1,0,1,1,0,0,0,충북,충주시,0,1,0,0,0,1,0,127.8081,37.1115,충북충주시,0,1,0,0,0,6,1,1
13504,2016-01-17,1,6,1,1,0,0,0,경북,영천시,0,1,0,0,0,2,0,129.1098,35.9584,경북영천시,0,2,0,1,0,5,1,1
13506,2016-01-16,0,5,1,1,0,0,0,충남,천안시,0,0,0,0,0,1,0,127.1329,36.9469,충남천안시,0,1,0,1,0,63,1,1
13510,2016-01-24,0,6,1,1,0,0,0,대구,동구,0,0,1,0,3,0,0,128.7237,35.8719,대구동구,0,0,0,1,0,26,1,0
13511,2016-10-07,0,4,2,3,0,1,0,경기,평택시,0,1,0,1,1,0,0,127.0516,36.9454,경기평택시,1,0,0,0,0,14,1,1
13513,2016-10-04,0,1,1,1,0,0,0,경북,봉화군,0,1,0,0,0,1,0,128.7402,36.9441,경북봉화군,0,1,0,0,0,149,1,1
13516,2016-11-07,1,0,1,1,0,0,0,인천,부평구,0,1,0,0,3,0,0,126.7264,37.516,인천부평구,0,0,0,0,0,44,1,1
13518,2016-11-11,1,4,1,1,0,0,0,경북,영덕군,0,3,0,0,0,1,0,129.2575,36.3311,경북영덕군,0,1,0,0,0,54,0,0
13521,2016-11-17,0,3,1,1,0,0,0,경북,칠곡군,0,0,0,0,0,0,0,128.5296,36.0441,경북칠곡군,0,0,0,0,0,21,1,1
13522,2016-11-17,0,3,1,1,0,0,0,경기,포천시,0,0,1,0,3,1,0,127.2331,37.8712,경기포천시,0,1,0,0,0,171,1,0
13524,2016-11-22,0,1,1,1,0,0,0,경기,광주시,0,0,0,1,1,0,0,127.2557,37.3529,경기광주시,0,0,0,0,0,9,1,1
13530,2016-11-04,0,4,1,1,0,0,0,경남,창녕군,0,0,0,1,1,0,0,128.5257,35.4594,경남창녕군,0,0,0,0,0,211,1,1
13531,2016-11-05,1,5,1,1,0,0,0,서울,강서구,0,0,0,1,2,1,0,126.8763,37.5491,서울강서구,0,1,0,1,0,43,1,1
13536,2016-12-20,0,1,1,1,0,0,0,경북,영덕군,0,0,0,0,0,0,0,129.3753,36.4255,경북영덕군,0,0,0,0,0,54,1,1
13538,2016-12-13,1,1,1,1,0,0,0,경북,구미시,0,0,0,1,2,3,0,128.4407,36.1731,경북구미시,0,3,0,0,0,144,1,1
13541,2016-12-13,1,1,1,1,0,0,0,충남,공주시,0,0,0,1,1,0,0,127.1223,36.4528,충남공주시,0,0,0,0,0,19,1,1
13544,2016-12-16,0,4,1,1,0,0,0,서울,송파구,0,0,0,0,3,0,0,127.1169,37.4944,서울송파구,0,0,0,0,0,156,1,1
13545,2016-11-07,0,0,1,1,0,0,0,전북,익산시,0,3,0,0,0,0,0,126.9626,36.0565,전북익산시,0,0,0,0,0,125,0,0
13547,2016-11-05,1,5,1,1,0,0,0,경기,남양주시,0,0,0,1,2,2,0,127.2122,37.5855,경기남양주시,0,2,0,1,0,70,1,1
13548,2016-11-05,0,5,1,1,0,0,0,인천,옹진군,0,0,0,0,3,0,0,126.518,37.2541,인천옹진군,0,0,0,1,0,186,1,1
13549,2016-11-07,1,0,1,1,0,0,0,경북,구미시,0,0,1,0,3,0,0,128.3428,36.1193,경북구미시,0,0,0,0,0,144,1,0
13552,2016-11-15,1,1,1,1,0,0,0,울산,중구,0,0,0,0,0,0,0,129.3295,35.5667,울산중구,0,0,0,0,0,205,1,1
13553,2016-11-24,0,3,1,3,1,1,0,경북,경산시,0,0,0,0,0,4,0,128.7342,35.8225,경북경산시,0,4,0,0,0,52,1,1
13555,2016-12-15,0,3,1,1,0,0,0,경기,이천시,0,1,0,0,0,0,0,127.4688,37.3175,경기이천시,0,0,0,0,0,41,1,1
13556,2016-12-17,0,5,1,1,0,0,0,충남,아산시,0,2,0,0,0,0,0,126.8836,36.8336,충남아산시,0,0,0,1,0,53,1,1
13558,2016-12-14,0,2,1,1,0,0,0,전북,전주시,0,0,0,1,1,0,0,127.1423,35.8951,전북전주시,0,0,0,0,0,11,1,1
13559,2016-12-14,0,2,1,1,0,0,0,경북,영주시,0,1,0,1,2,0,0,128.6082,36.8154,경북영주시,0,0,0,0,0,113,1,1
13561,2016-12-17,1,5,1,1,0,0,0,경남,김해시,0,0,0,0,3,3,0,128.8546,35.2346,경남김해시,0,3,0,1,0,13,1,1
13565,2016-10-06,0,3,1,1,0,0,0,경기,시흥시,0,0,0,0,3,0,0,126.7743,37.3465,경기시흥시,0,0,0,0,0,73,1,1
13566,2016-11-07,0,0,1,1,0,0,0,충남,보령시,0,0,0,0,0,0,0,126.6022,36.3463,충남보령시,0,0,0,0,0,136,1,1
13567,2016-11-09,0,2,1,2,0,1,0,서울,관악구,0,1,0,0,0,0,0,126.9504,37.4815,서울관악구,0,0,0,0,0,188,1,1
13568,2016-11-07,0,0,1,1,0,0,0,대전,유성구,0,1,0,1,2,0,0,127.3426,36.3571,대전유성구,0,0,0,0,0,148,1,1
13570,2016-11-15,0,1,1,1,0,0,0,전북,김제시,0,2,0,0,0,0,0,126.8328,35.8904,전북김제시,0,0,0,0,0,34,1,1
13572,2016-11-24,1,3,1,1,0,0,0,부산,사하구,0,0,0,1,2,3,0,128.9729,35.0855,부산사하구,0,3,0,0,0,25,1,1
13576,2016-11-24,1,3,1,1,0,0,0,경남,창원시(통합),0,0,0,1,1,0,0,128.641,35.2477,경남창원시(통합),0,0,0,0,0,86,1,1
13577,2016-11-22,1,1,1,1,0,0,0,경북,의성군,0,0,0,1,1,3,0,128.6856,36.3595,경북의성군,0,3,0,0,0,105,1,1
13578,2016-10-30,0,6,1,1,0,0,0,경북,고령군,0,0,0,0,0,0,0,128.2804,35.7212,경북고령군,0,0,0,1,0,220,1,1
13579,2016-11-02,1,2,1,1,0,0,0,부산,서구,0,2,0,0,3,0,0,129.0252,35.1151,부산서구,0,0,0,0,0,226,1,1
13585,2016-12-18,1,6,1,1,0,0,0,서울,강동구,0,1,0,0,0,1,0,127.1457,37.5218,서울강동구,0,1,0,1,0,91,1,1
13587,2016-10-02,0,6,1,1,0,0,0,인천,서구,0,0,3,0,3,1,0,126.6777,37.5645,인천서구,0,1,0,1,0,97,1,1
13588,2016-09-30,1,4,1,1,0,0,0,경남,통영시,0,0,3,1,1,0,0,128.4197,34.842,경남통영시,0,0,0,0,0,212,1,1
13590,2016-11-07,1,0,1,1,0,0,0,충남,천안시,0,0,0,0,0,0,0,127.2366,36.9118,충남천안시,0,0,0,0,0,63,1,1
13592,2016-11-08,0,1,1,1,0,0,0,경기,평택시,0,1,0,0,0,0,0,127.0113,37.1287,경기평택시,0,0,0,0,0,14,1,1
13593,2016-11-08,0,1,1,1,0,0,0,경남,합천군,0,1,0,0,0,0,0,128.2383,35.5785,경남합천군,0,0,0,0,0,133,1,1
13596,2016-10-24,0,0,1,1,0,0,0,충남,서천군,0,2,0,1,1,0,0,126.7033,36.0839,충남서천군,0,0,0,0,0,10,1,1
13599,2016-10-28,1,4,1,1,0,0,0,서울,용산구,0,0,0,1,1,0,0,126.9612,37.5394,서울용산구,0,0,0,0,0,134,1,1
13600,2016-10-05,1,2,2,7,3,2,0,경기,용인시,0,4,4,0,0,1,0,127.1933,37.2354,경기용인시,2,1,0,0,0,51,0,0
13603,2016-09-18,0,6,2,4,2,0,0,경기,안산시,0,0,2,1,1,0,0,126.815,37.3107,경기안산시,1,0,0,1,0,2,1,1
13606,2016-09-14,0,2,1,1,0,0,0,경기,오산시,0,0,0,0,3,0,0,127.0734,37.1413,경기오산시,0,0,0,1,0,143,1,1
13612,2016-09-04,0,6,1,1,0,0,0,충남,보령시,0,1,0,0,0,0,0,126.5325,36.2393,충남보령시,0,0,0,1,0,136,1,1
13617,2016-09-01,0,3,1,1,0,0,0,대전,동구,0,0,0,0,0,1,0,127.432,36.3326,대전동구,0,1,0,0,0,80,1,1
13618,2016-10-10,1,0,1,1,0,0,0,충남,천안시,0,2,0,0,0,2,0,127.1222,36.912,충남천안시,0,2,0,0,0,63,1,1
13622,2016-10-15,0,5,1,1,0,0,0,경북,경주시,0,1,0,1,1,0,0,129.2816,35.8475,경북경주시,0,0,0,1,0,100,1,1
13623,2016-10-15,0,5,1,1,0,0,0,세종,세종,0,1,0,2,4,0,0,127.2903,36.5945,세종세종,0,0,1,1,0,229,1,1
13625,2016-10-16,1,6,1,1,0,0,0,울산,중구,0,0,0,0,0,1,0,129.2783,35.5551,울산중구,0,1,0,1,0,205,1,1
13626,2016-10-17,1,0,1,1,0,0,0,강원,동해시,0,0,0,0,3,0,0,129.1147,37.5233,강원동해시,0,0,0,0,0,210,1,1
13627,2016-10-23,0,6,1,1,0,0,0,전남,나주시,0,2,0,0,0,1,0,126.8427,35.0394,전남나주시,0,1,0,1,0,33,1,1
13628,2016-10-25,1,1,1,1,0,0,0,인천,중구,0,0,0,1,1,2,0,126.6034,37.4512,인천중구,0,2,0,0,0,72,1,1
13629,2016-10-24,0,0,1,1,0,0,0,경남,함양군,0,2,0,0,0,0,0,127.7509,35.4806,경남함양군,0,0,0,0,0,108,1,1
13630,2016-10-25,1,1,1,1,0,0,0,부산,강서구,0,0,3,0,3,2,0,128.9197,35.0958,부산강서구,0,2,0,0,0,206,1,1
13632,2016-10-27,1,3,1,1,0,0,0,경남,창녕군,0,0,0,1,1,1,0,128.4808,35.3887,경남창녕군,0,1,0,0,0,211,1,1
13633,2016-10-24,1,0,1,1,0,0,0,부산,금정구,0,4,4,0,0,0,0,129.0886,35.2643,부산금정구,0,0,0,0,0,96,0,0
13637,2016-09-13,0,1,1,1,0,0,0,경북,영주시,0,0,0,0,0,0,0,128.6119,36.8268,경북영주시,0,0,0,0,0,113,1,1
13639,2016-10-17,0,0,1,1,0,0,0,경북,영천시,0,0,1,1,2,6,0,128.9495,36.1319,경북영천시,0,6,0,0,0,5,1,0
13640,2016-10-18,0,1,1,1,0,0,0,광주,광산구,0,0,0,1,2,0,0,126.8081,35.1608,광주광산구,0,0,0,0,0,135,1,1
13641,2016-10-18,1,1,1,1,0,0,0,전북,진안군,0,0,0,0,0,1,0,127.371,35.7327,전북진안군,0,1,0,0,0,192,1,1
13645,2016-10-14,0,4,1,1,0,0,0,경북,영천시,0,0,1,0,3,0,0,129.0392,36.0013,경북영천시,0,0,0,0,0,5,1,0
13647,2016-10-27,0,3,1,1,0,0,0,강원,원주시,0,0,0,0,0,0,0,127.8568,37.1615,강원원주시,0,0,0,0,0,36,1,1
13659,2016-10-06,0,3,1,1,0,0,0,경남,고성군,0,0,2,0,0,0,0,128.3139,34.9722,경남고성군,0,0,0,0,0,87,1,1
13660,2016-10-07,1,4,1,1,0,0,0,제주,제주시,0,0,0,0,0,2,0,126.5164,33.5112,제주제주시,0,2,0,0,0,90,1,1
13664,2016-09-18,0,6,1,1,0,0,0,인천,서구,0,1,0,0,0,0,0,126.6493,37.5227,인천서구,0,0,0,1,0,97,1,1
13665,2016-09-16,0,4,1,1,0,0,0,경남,고성군,0,0,0,0,3,0,0,128.3628,35.0501,경남고성군,0,0,0,1,0,87,1,1
13667,2016-09-22,0,3,1,1,0,0,0,경기,부천시,0,0,0,1,2,0,0,126.7849,37.4935,경기부천시,0,0,0,0,0,65,1,1
13670,2016-09-23,0,4,1,3,0,2,0,광주,동구,0,0,0,0,0,0,0,126.9162,35.1497,광주동구,0,0,0,0,0,162,1,1
13671,2016-09-23,0,4,1,1,0,0,0,부산,영도구,0,0,0,0,0,0,0,129.0442,35.093,부산영도구,0,0,0,0,0,173,1,1
13672,2016-09-05,1,0,1,1,0,0,0,서울,중구,0,0,0,0,0,3,0,126.9765,37.5639,서울중구,0,3,0,0,0,8,1,1
13676,2016-10-10,1,0,1,1,0,0,0,경기,수원시,0,0,1,1,1,1,0,127.0183,37.2832,경기수원시,0,1,0,0,0,99,1,0
13680,2016-10-13,0,3,1,1,0,0,0,부산,중구,0,1,0,0,3,0,0,129.0317,35.1018,부산중구,0,0,0,0,0,228,1,1
13681,2016-11-25,0,4,1,1,0,0,0,부산,동구,0,0,3,1,2,3,0,129.0425,35.122,부산동구,0,3,0,0,0,209,1,1
13684,2016-10-18,1,1,1,1,0,0,0,서울,광진구,0,0,0,0,0,1,0,127.0861,37.5371,서울광진구,0,1,0,0,0,183,1,1
13685,2016-10-14,0,4,1,1,0,0,0,충북,충주시,0,0,0,0,0,0,0,127.9464,36.9728,충북충주시,0,0,0,0,0,6,1,1
13686,2016-10-27,0,3,1,1,0,0,0,전남,해남군,0,0,0,0,0,0,0,126.5206,34.3622,전남해남군,0,0,0,0,0,119,1,1
13690,2016-10-05,1,2,1,1,0,0,0,서울,광진구,0,0,1,1,1,1,0,127.0735,37.5362,서울광진구,0,1,0,0,0,183,1,0
13694,2016-09-29,1,3,1,1,0,0,0,경기,수원시,0,0,1,1,1,2,0,127.0448,37.2643,경기수원시,0,2,0,0,0,99,1,0
13701,2016-09-06,1,1,1,1,0,0,0,충북,청주시,0,1,0,0,0,1,0,127.4345,36.6275,충북청주시,0,1,0,0,0,83,1,1
13704,2016-09-05,0,0,1,1,0,0,0,광주,광산구,0,0,0,0,0,0,0,126.8101,35.1614,광주광산구,0,0,0,0,0,135,1,1
13705,2016-09-05,1,0,1,1,0,0,0,대구,남구,0,0,0,0,0,1,0,128.5906,35.8489,대구남구,0,1,0,0,0,145,1,1
13706,2016-09-02,1,4,1,1,0,0,0,대구,북구,0,0,0,1,1,0,0,128.5955,35.8795,대구북구,0,0,0,0,0,112,1,1
13707,2016-10-10,0,0,1,1,0,0,0,경북,구미시,0,0,0,1,2,0,0,128.3488,36.1477,경북구미시,0,0,0,0,0,144,1,1
13708,2016-10-11,0,1,1,1,0,0,0,충북,충주시,0,2,0,0,0,0,0,127.7757,36.9725,충북충주시,0,0,0,0,0,6,1,1
13709,2016-10-10,1,0,1,1,0,0,0,충북,제천시,0,0,0,2,4,1,0,128.2216,37.1519,충북제천시,0,1,0,0,0,103,1,1
13711,2016-10-14,1,4,1,1,0,0,0,경남,진주시,0,0,1,1,1,0,0,128.0826,35.1933,경남진주시,0,0,0,0,0,42,1,0
13712,2016-10-20,0,3,1,1,0,0,0,서울,중구,0,0,0,1,2,0,0,127.0082,37.558,서울중구,0,0,0,0,0,8,1,1
13715,2016-10-19,0,2,1,1,0,0,0,경남,남해군,0,0,0,0,0,0,0,128.0122,34.8634,경남남해군,0,0,0,0,0,197,1,1
13718,2016-10-28,0,4,1,1,0,0,0,서울,중랑구,0,0,1,1,2,0,0,127.0796,37.5941,서울중랑구,0,0,0,0,0,196,1,0
13720,2016-10-07,0,4,1,1,0,0,0,경기,하남시,0,0,0,0,0,0,0,127.1871,37.5669,경기하남시,0,0,0,0,0,67,1,1
13721,2016-10-02,0,6,1,1,0,0,0,전북,전주시,0,1,0,0,0,0,0,127.1197,35.8124,전북전주시,0,0,0,1,0,11,1,1
13723,2016-10-05,1,2,1,1,0,0,0,서울,노원구,0,0,0,1,2,1,0,127.0536,37.6782,서울노원구,0,1,0,0,0,18,1,1
13724,2016-11-14,0,0,1,1,0,0,0,서울,동대문구,0,0,0,0,0,0,0,127.0543,37.5826,서울동대문구,0,0,0,0,0,201,1,1
13727,2016-10-27,1,3,1,1,0,0,0,경기,평택시,0,1,0,0,0,3,0,126.8558,36.9596,경기평택시,0,3,0,0,0,14,1,1
13729,2016-09-19,0,0,1,1,0,0,0,대전,대덕구,0,0,0,0,0,0,0,127.4413,36.349,대전대덕구,0,0,0,0,0,77,1,1
13731,2016-09-14,0,2,1,1,0,0,0,충북,청주시,0,1,2,0,0,0,0,127.4489,36.6438,충북청주시,0,0,0,1,0,83,1,1
13735,2016-09-26,1,0,1,2,1,0,0,전북,군산시,0,0,0,1,1,0,0,126.7196,35.98,전북군산시,0,0,0,0,0,166,1,1
13737,2016-09-22,1,3,1,1,0,0,0,서울,서초구,0,1,0,0,0,2,0,127.0203,37.4902,서울서초구,0,2,0,0,0,214,1,1
13742,2016-10-10,0,0,1,1,0,0,0,인천,남구,0,0,4,1,2,1,0,126.6477,37.4358,인천남동구,0,1,0,0,0,29,1,1
13743,2016-10-10,0,0,1,1,0,0,0,경기,화성시,0,0,0,0,0,0,0,127.038,37.2036,경기화성시,0,0,0,0,0,50,1,1
13745,2016-10-12,0,2,1,1,0,0,0,경기,안양시,0,0,0,1,2,1,0,126.9055,37.4253,경기안양시,0,1,0,0,0,151,1,1
13748,2016-10-23,0,6,1,1,0,0,0,경기,의정부시,0,1,0,0,3,2,0,127.044,37.7545,경기의정부시,0,2,0,1,0,64,1,1
13749,2016-10-25,0,1,1,1,0,0,0,경북,영천시,0,0,1,0,3,1,0,128.9295,35.966,경북영천시,0,1,0,0,0,5,1,0
13751,2016-10-06,0,3,1,1,0,0,0,충북,제천시,0,1,0,0,0,0,0,128.2155,37.1296,충북제천시,0,0,0,0,0,103,1,1
13753,2016-10-25,0,1,1,1,0,0,0,경기,수원시,0,2,0,0,0,0,0,127.0218,37.2907,경기수원시,0,0,0,0,0,99,1,1
13754,2016-10-24,0,0,1,1,0,0,0,경기,시흥시,0,0,3,1,1,1,0,126.8329,37.4539,경기시흥시,0,1,0,0,0,73,1,1
13756,2016-10-27,0,3,1,1,0,0,0,강원,양양군,0,0,0,1,1,0,0,128.7065,38.0311,강원양양군,0,0,0,0,0,164,1,1