index,발생년월일,주야,요일,사망자수,사상자수,중상자수,경상자수,부상신고자수,발생지시도,발생지시군구,사고유형_대분류,사고유형_중분류,법규위반,도로형태_대분류,도로형태,당사자종별_1당_대분류,당사자종별_2당_대분류,경도,위도,발생지,사고피해정도,사고차량타입,도시여부,주말/공휴일,인구수,발생지번호,보행자의위치,무단횡단여부
14181,2016-02-11,0,3,1,1,0,0,0,서울,종로구,0,0,0,0,0,2,0,126.9849,37.5701,서울종로구,0,2,0,0,0,116,1,1
14182,2016-02-12,0,4,1,1,0,0,0,경기,안양시,0,1,0,0,0,0,0,126.927,37.4028,경기안양시,0,0,0,0,0,151,1,1
14183,2016-02-11,0,3,1,1,0,0,0,충남,논산시,0,0,0,1,1,0,0,127.1034,36.1285,충남논산시,0,0,0,0,0,61,1,1
14184,2016-02-11,0,3,1,1,0,0,0,경기,의왕시,0,0,2,0,0,1,0,126.9841,37.3477,경기의왕시,0,1,0,0,0,199,1,1
14186,2016-12-28,0,2,1,1,0,0,0,부산,사상구,0,1,0,0,0,0,0,128.9666,35.1396,부산사상구,0,0,0,0,0,120,1,1
14187,2016-12-28,1,2,1,1,0,0,0,경기,성남시,0,0,0,0,0,3,0,127.1335,37.4414,경기성남시,0,3,0,0,0,95,1,1
14188,2016-12-28,0,2,1,1,0,0,0,전북,익산시,0,0,2,0,3,0,0,126.9483,36.0307,전북익산시,0,0,0,0,0,125,1,1
14189,2016-12-23,1,4,1,1,0,0,0,전북,전주시,0,0,0,0,0,0,0,127.1144,35.8491,전북전주시,0,0,0,0,0,11,1,1
14190,2016-12-27,0,1,1,1,0,0,0,경기,평택시,0,0,0,1,1,0,0,126.8903,36.9375,경기평택시,0,0,0,0,0,14,1,1
14191,2016-12-24,0,5,1,1,0,0,0,경기,수원시,0,0,0,0,0,2,0,127.0324,37.2635,경기수원시,0,2,0,1,0,99,1,1
14192,2016-12-24,1,5,1,1,0,0,0,제주,제주시,0,0,0,0,0,1,0,126.5308,33.513,제주제주시,0,1,0,1,0,90,1,1
14193,2016-12-28,1,2,1,1,0,0,0,경남,창원시(통합),0,1,4,1,1,0,0,128.7023,35.2112,경남창원시(통합),0,0,0,0,0,86,1,1
14196,2016-11-28,0,0,1,1,0,0,0,경기,남양주시,0,0,3,1,2,0,0,127.181,37.6625,경기남양주시,0,0,0,0,0,70,1,1
14197,2016-12-02,0,4,1,1,0,0,0,전남,완도군,0,1,0,0,0,1,0,127.0763,34.3797,전남완도군,0,1,0,0,0,141,1,1
14200,2016-12-02,0,4,1,1,0,0,0,경북,성주군,0,0,0,2,4,0,0,128.3371,35.8356,경북성주군,0,0,0,0,0,168,1,1
14202,2016-12-01,1,3,1,1,0,0,0,경남,함안군,0,1,2,0,0,0,0,128.5239,35.3207,경남함안군,0,0,0,0,0,117,1,1
14206,2016-12-03,0,5,1,1,0,0,0,경남,창녕군,0,1,0,0,0,0,0,128.5133,35.4822,경남창녕군,0,0,0,1,0,211,1,1
14207,2016-12-30,1,4,1,1,0,0,0,경남,거제시,0,1,0,2,4,2,0,128.5869,34.8943,경남거제시,0,2,0,0,0,15,1,1
14209,2016-12-30,0,4,1,1,0,0,0,경남,함안군,0,0,0,1,2,0,0,128.4249,35.2254,경남함안군,0,0,0,0,0,117,1,1
14211,2016-12-24,0,5,1,1,0,0,0,서울,종로구,0,1,0,1,2,0,0,126.9894,37.5704,서울종로구,0,0,0,1,0,116,1,1
14213,2016-12-28,1,2,1,1,0,0,0,전북,군산시,0,0,1,1,1,1,0,126.7184,35.9799,전북군산시,0,1,0,0,0,166,1,0
14219,2016-12-27,0,1,1,1,0,0,0,경기,시흥시,0,0,0,0,0,0,0,126.7294,37.3511,경기시흥시,0,0,0,0,0,73,1,1
14221,2016-12-02,0,4,1,2,1,0,0,강원,원주시,0,0,1,0,3,1,0,127.9585,37.3191,강원원주시,0,1,0,0,0,36,1,0
14222,2016-12-03,1,5,1,2,1,0,0,경남,거제시,0,4,0,0,0,0,0,128.717,34.9429,경남거제시,0,0,0,1,0,15,0,0
14223,2016-12-03,0,5,1,1,0,0,0,경기,안양시,0,0,2,1,2,0,0,126.9031,37.434,경기안양시,0,0,0,1,0,151,1,1
14225,2016-11-29,1,1,1,1,0,0,0,전남,해남군,0,3,0,0,0,1,0,126.476,34.4385,전남해남군,0,1,0,0,0,119,0,0
14230,2016-04-02,0,5,1,1,0,0,0,경남,밀양시,0,0,0,0,0,0,0,128.7703,35.4738,경남밀양시,0,0,0,1,0,177,1,1
14231,2016-04-29,0,4,1,1,0,0,0,서울,양천구,0,0,2,0,0,0,0,126.8636,37.5336,서울양천구,0,0,0,0,0,140,1,1
14237,2016-11-01,1,1,1,1,0,0,0,경기,안산시,0,0,3,1,2,2,0,126.8259,37.3177,경기안산시,0,2,0,0,0,2,1,1
14239,2016-06-25,0,5,1,1,0,0,0,대구,달성군,0,0,2,0,3,0,0,128.4238,35.7757,대구달성군,0,0,0,1,0,30,1,1
14242,2016-10-17,0,0,1,1,0,0,0,제주,제주시,0,0,0,0,3,0,0,126.4862,33.49,제주제주시,0,0,0,0,0,90,1,1
14244,2016-01-03,1,6,1,4,1,2,0,충남,보령시,0,1,0,0,0,0,0,126.5847,36.4962,충남보령시,1,0,0,1,0,136,1,1
14249,2016-12-29,0,3,1,1,0,0,0,전북,군산시,0,0,0,0,0,0,0,126.7124,35.9697,전북군산시,0,0,0,0,0,166,1,1
14252,2016-12-21,0,2,1,12,0,8,3,경기,군포시,0,1,3,1,1,2,0,126.9291,37.3604,경기군포시,2,2,0,0,0,126,1,1
14253,2016-12-22,0,3,1,1,0,0,0,충북,제천시,0,0,0,0,0,0,0,128.2054,37.1377,충북제천시,0,0,0,0,0,103,1,1
14256,2016-11-30,1,2,1,1,0,0,0,울산,북구,0,2,4,0,0,1,0,129.3677,35.5642,울산북구,0,1,0,0,0,158,1,1
14257,2016-11-30,1,2,1,1,0,0,0,경기,군포시,0,0,0,0,0,0,0,126.9471,37.3458,경기군포시,0,0,0,0,0,126,1,1
14258,2016-11-30,1,2,1,1,0,0,0,대전,중구,0,0,3,1,2,0,0,127.4428,36.3091,대전중구,0,0,0,0,0,39,1,1
14259,2016-11-29,0,1,1,1,0,0,0,경북,포항시,0,0,0,0,0,0,0,129.3589,36.0235,경북포항시,0,0,0,0,0,160,1,1
14260,2016-11-30,1,2,1,1,0,0,0,전남,목포시,0,0,0,1,1,0,0,126.4006,34.8017,전남목포시,0,0,0,0,0,153,1,1
14264,2016-11-28,1,0,1,1,0,0,0,경기,파주시,0,2,0,1,1,1,0,126.8241,37.8647,경기파주시,0,1,0,0,0,175,1,1
14267,2016-11-30,0,2,1,1,0,0,0,경기,과천시,0,1,0,0,0,2,0,126.9975,37.4482,경기과천시,0,2,0,0,0,227,1,1
14273,2016-12-22,0,3,1,2,1,0,0,대구,서구,0,0,2,0,0,2,0,128.5448,35.8606,대구서구,0,2,0,0,0,107,1,1
14274,2016-12-24,0,5,1,1,0,0,0,경기,광명시,0,1,0,1,2,1,0,126.8786,37.4615,경기광명시,0,1,0,1,0,81,1,1
14275,2016-12-27,1,1,1,1,0,0,0,경기,의정부시,0,0,0,0,0,0,0,127.0339,37.7364,경기의정부시,0,0,0,0,0,64,1,1
14276,2016-12-01,0,3,1,1,0,0,0,서울,은평구,0,0,0,1,2,4,0,126.915,37.6182,서울은평구,0,4,0,0,0,139,1,1
14279,2016-11-29,1,1,1,2,0,1,0,인천,남동구,0,1,4,0,3,1,0,126.6988,37.467,인천남동구,0,1,0,0,0,29,1,1
14281,2016-12-29,0,3,1,1,0,0,0,충남,천안시,0,0,0,0,0,0,0,127.159,36.8019,충남천안시,0,0,0,0,0,63,1,1
14283,2016-12-31,0,5,1,2,0,1,0,대구,달성군,0,1,0,0,0,0,0,128.4649,35.8596,대구달성군,0,0,0,1,0,30,1,1
14286,2016-12-31,0,5,1,1,0,0,0,경남,창원시(통합),0,1,0,0,0,0,0,128.6521,35.2393,경남창원시(통합),0,0,0,1,0,86,1,1
14288,2016-12-27,0,1,1,1,0,0,0,경기,의왕시,0,0,0,1,1,0,0,126.9813,37.3912,경기의왕시,0,0,0,0,0,199,1,1
14291,2016-11-28,0,0,1,1,0,0,0,전북,부안군,0,0,0,0,0,0,0,126.6781,35.6856,전북부안군,0,0,0,0,0,185,1,1
14292,2016-09-02,1,4,1,1,0,0,0,전북,완주군,0,0,0,0,0,1,0,127.0898,35.9431,전북완주군,0,1,0,0,0,28,1,1
14297,2016-02-17,1,2,1,1,0,0,0,전남,광양시,0,0,0,0,0,1,0,127.6524,34.9624,전남광양시,0,1,0,0,0,130,1,1
14299,2016-03-04,0,4,1,1,0,0,0,서울,서초구,0,0,0,0,0,0,0,127.0569,37.4585,서울서초구,0,0,0,0,0,214,1,1
14302,2016-01-16,0,5,1,1,0,0,0,전북,익산시,0,0,0,1,1,0,0,126.9735,36.0754,전북익산시,0,0,0,1,0,125,1,1
14303,2016-01-15,0,4,1,1,0,0,0,광주,서구,0,0,0,0,0,2,0,126.8852,35.1535,광주서구,0,2,0,0,0,222,1,1
14306,2016-01-18,0,0,1,1,0,0,0,울산,울주군,0,0,0,0,0,0,0,129.3157,35.4694,울산울주군,0,0,0,0,0,17,1,1
14307,2016-01-18,0,0,1,1,0,0,0,경기,오산시,0,0,1,1,2,2,0,127.0783,37.1369,경기오산시,0,2,0,0,0,143,1,0
14308,2016-01-25,0,0,1,1,0,0,0,경기,평택시,0,0,0,0,0,0,0,127.0904,37.0072,경기평택시,0,0,0,0,0,14,1,1
14310,2016-01-23,1,5,1,1,0,0,0,서울,관악구,0,2,0,0,0,0,0,126.9391,37.4862,서울관악구,0,0,0,1,0,188,1,1
14311,2016-01-27,0,2,1,1,0,0,0,경남,창원시(통합),0,0,0,0,3,0,0,128.6534,35.241,경남창원시(통합),0,0,0,0,0,86,1,1
14312,2016-01-29,0,4,1,1,0,0,0,서울,강서구,0,2,0,0,0,2,0,126.812,37.5613,서울강서구,0,2,0,0,0,43,1,1
14313,2016-01-28,1,3,1,1,0,0,0,강원,춘천시,0,0,0,0,3,0,0,127.5908,37.8344,강원춘천시,0,0,0,0,0,111,1,1
14314,2016-02-01,0,0,1,1,0,0,0,전남,함평군,0,0,2,0,0,0,0,126.5395,35.0252,전남함평군,0,0,0,0,0,157,1,1
14315,2016-02-02,0,1,1,1,0,0,0,전남,목포시,0,0,0,0,0,2,0,126.4277,34.8074,전남목포시,0,2,0,0,0,153,1,1
14316,2016-02-03,0,2,1,1,0,0,0,서울,도봉구,0,2,0,0,3,0,0,127.0441,37.6729,서울도봉구,0,0,0,0,0,98,1,1
14317,2016-02-01,1,0,1,1,0,0,0,제주,제주시,0,0,0,0,0,1,0,126.5151,33.5044,제주제주시,0,1,0,0,0,90,1,1
14318,2016-02-01,1,0,1,1,0,0,0,강원,원주시,0,0,1,0,3,2,0,127.9283,37.3542,강원원주시,0,2,0,0,0,36,1,0
14321,2016-12-07,1,2,1,1,0,0,0,충남,금산군,0,1,0,0,0,1,0,127.534,36.0875,충남금산군,0,1,0,0,0,68,1,1
14323,2016-12-01,0,3,1,1,0,0,0,전북,군산시,0,0,1,1,2,0,0,126.8399,35.9396,전북군산시,0,0,0,0,0,166,1,0
14324,2016-12-02,0,4,1,1,0,0,0,전북,부안군,0,0,0,1,2,0,0,126.6886,35.6187,전북부안군,0,0,0,0,0,185,1,1
14325,2016-11-29,0,1,1,1,0,0,0,경남,사천시,0,1,1,0,0,0,0,128.0776,34.9351,경남사천시,0,0,0,0,0,57,1,0
14326,2016-11-28,1,0,1,1,0,0,0,충남,천안시,0,0,1,0,3,0,0,127.1473,36.8736,충남천안시,0,0,0,0,0,63,1,0
14332,2016-12-27,0,1,1,1,0,0,0,경남,김해시,0,0,0,0,0,1,0,128.8835,35.2264,경남김해시,0,1,0,0,0,13,1,1
14333,2016-12-27,0,1,1,1,0,0,0,경기,용인시,0,0,3,0,3,1,0,127.0802,37.3133,경기용인시,0,1,0,0,0,51,1,1
14336,2016-12-28,1,2,1,1,0,0,0,강원,원주시,0,0,0,1,1,0,0,127.9485,37.3497,강원원주시,0,0,0,0,0,36,1,1
14338,2016-12-24,0,5,1,1,0,0,0,경기,여주시,0,2,0,0,0,1,0,127.4474,37.4024,경기여주시,0,1,0,1,0,22,1,1
14342,2016-11-29,1,1,1,1,0,0,0,서울,서대문구,0,0,0,0,3,3,0,126.9298,37.5656,서울서대문구,0,3,0,0,0,195,1,1
14344,2016-11-29,1,1,1,1,0,0,0,경기,파주시,0,0,0,0,0,0,0,126.7857,37.8555,경기파주시,0,0,0,0,0,175,1,1
14349,2016-12-28,0,2,1,1,0,0,0,충남,홍성군,0,0,2,1,1,0,0,126.739,36.5381,충남홍성군,0,0,0,0,0,38,1,1
14350,2016-12-23,1,4,1,1,0,0,0,부산,진구,0,4,0,0,0,3,0,129.0509,35.1807,부산진구,0,3,0,0,0,231,0,0
14351,2016-12-23,1,4,1,1,0,0,0,경기,여주시,0,3,0,1,1,0,0,127.6447,37.3574,경기여주시,0,0,0,0,0,22,0,0
14352,2016-12-23,0,4,1,1,0,0,0,경기,광주시,0,0,0,1,2,0,0,127.3468,37.3486,경기광주시,0,0,0,0,0,9,1,1
14353,2016-12-03,1,5,1,1,0,0,0,전남,영광군,0,0,0,1,2,1,0,126.5071,35.2106,전남영광군,0,1,0,1,0,127,1,1
14355,2016-11-30,0,2,1,1,0,0,0,전북,전주시,0,0,0,0,0,4,0,127.1161,35.8081,전북전주시,0,4,0,0,0,11,1,1
14357,2016-11-30,1,2,1,1,0,0,0,경북,문경시,0,0,0,1,1,1,0,128.252,36.6945,경북문경시,0,1,0,0,0,74,1,1
14360,2016-12-30,1,4,1,1,0,0,0,경기,성남시,0,0,3,1,1,2,0,127.1289,37.417,경기성남시,0,2,0,0,0,95,1,1
14361,2016-12-30,1,4,1,2,0,0,1,경기,하남시,0,4,5,0,0,1,0,127.2086,37.5363,경기하남시,0,1,0,0,0,67,0,0
14363,2016-12-29,0,3,1,1,0,0,0,경북,의성군,0,0,0,0,0,0,0,128.6546,36.3246,경북의성군,0,0,0,0,0,105,1,1
14364,2016-12-29,0,3,1,1,0,0,0,경북,성주군,0,0,0,2,4,0,0,128.275,35.927,경북성주군,0,0,0,0,0,168,1,1
14370,2016-12-26,0,0,1,1,0,0,0,울산,중구,0,1,0,0,0,0,0,129.3462,35.5807,울산중구,0,0,0,0,0,205,1,1
14371,2016-12-21,1,2,1,1,0,0,0,충북,단양군,0,0,0,0,0,1,0,128.3119,37.0934,충북단양군,0,1,0,0,0,204,1,1
14372,2016-12-26,1,0,1,1,0,0,0,경기,양평군,0,1,0,1,1,1,0,127.4528,37.5012,경기양평군,0,1,0,0,0,48,1,1
14373,2016-12-25,0,6,1,1,0,0,0,경남,밀양시,0,0,0,0,0,0,0,128.7093,35.3983,경남밀양시,0,0,0,1,0,177,1,1
14379,2016-11-30,0,2,1,1,0,0,0,대전,유성구,0,0,0,0,3,0,0,127.3249,36.3468,대전유성구,0,0,0,0,0,148,1,1
14380,2016-11-26,1,5,1,1,0,0,0,부산,연제구,0,0,0,1,2,0,0,129.0896,35.1743,부산연제구,0,0,0,1,0,221,1,1
14382,2016-12-03,0,5,1,1,0,0,0,제주,제주시,0,0,1,0,0,1,0,126.5166,33.5167,제주제주시,0,1,0,1,0,90,1,0
14385,2016-12-29,0,3,1,1,0,0,0,제주,제주시,0,0,0,1,2,0,0,126.5334,33.4947,제주제주시,0,0,0,0,0,90,1,1
14386,2016-12-30,0,4,1,1,0,0,0,강원,강릉시,0,0,0,0,0,0,0,128.9071,37.7498,강원강릉시,0,0,0,0,0,194,1,1
14387,2016-12-30,0,4,1,1,0,0,0,경기,성남시,0,1,0,1,2,0,0,127.1513,37.443,경기성남시,0,0,0,0,0,95,1,1
14388,2016-12-30,0,4,1,1,0,0,0,서울,도봉구,0,0,2,0,0,0,0,127.0454,37.6892,서울도봉구,0,0,0,0,0,98,1,1
14390,2016-12-22,1,3,1,1,0,0,0,경기,평택시,0,0,0,0,3,0,0,126.9152,36.9317,경기평택시,0,0,0,0,0,14,1,1
14392,2016-12-27,0,1,1,1,0,0,0,경북,경주시,0,3,0,0,0,1,0,129.2286,35.8257,경북경주시,0,1,0,0,0,100,0,0
14393,2016-11-27,0,6,1,2,0,1,0,전남,진도군,0,0,0,0,0,0,0,126.327,34.4988,전남진도군,0,0,0,1,0,71,1,1
14394,2016-11-27,0,6,1,1,0,0,0,서울,동대문구,0,0,0,0,3,2,0,127.057,37.5886,서울동대문구,0,2,0,1,0,201,1,1
14396,2016-12-31,0,5,1,1,0,0,0,충남,청양군,0,2,0,0,0,1,0,126.7631,36.4065,충남청양군,0,1,0,1,0,174,1,1
14397,2016-12-01,1,3,1,1,0,0,0,경기,성남시,0,1,0,0,0,1,0,127.1046,37.3936,경기성남시,0,1,0,0,0,95,1,1
14398,2016-12-02,1,4,1,1,0,0,0,경북,경주시,0,0,0,0,0,2,0,129.2785,35.7282,경북경주시,0,2,0,0,0,100,1,1
14402,2016-12-02,0,4,1,1,0,0,0,부산,강서구,0,2,0,0,0,0,0,128.8851,35.1134,부산강서구,0,0,0,0,0,206,1,1
14403,2016-12-02,1,4,1,1,0,0,0,경기,의정부시,0,0,0,0,0,1,0,127.0585,37.7484,경기의정부시,0,1,0,0,0,64,1,1
14406,2016-12-22,0,3,1,1,0,0,0,경북,경주시,0,0,0,0,0,0,0,117.9926,19.6945,경북경주시,0,0,0,0,0,100,1,1
14407,2016-12-23,0,4,1,1,0,0,0,서울,송파구,0,0,0,1,1,0,0,127.1186,37.4924,서울송파구,0,0,0,0,0,156,1,1
14409,2016-11-27,0,6,1,1,0,0,0,충남,서산시,0,2,0,0,0,0,0,126.4676,36.7787,충남서산시,0,0,0,1,0,69,1,1
14419,2016-12-03,1,5,1,1,0,0,0,대구,서구,0,1,0,0,0,0,0,128.5662,35.8635,대구서구,0,0,0,1,0,107,1,1
14420,2016-12-29,0,3,1,1,0,0,0,제주,제주시,0,0,0,0,0,0,0,126.3875,33.4529,제주제주시,0,0,0,0,0,90,1,1
14422,2016-12-04,0,6,1,1,0,0,0,경기,연천군,0,2,0,0,0,0,0,127.0691,38.0997,경기연천군,0,0,0,1,0,106,1,1
14424,2016-12-03,0,5,1,1,0,0,0,경기,안산시,0,1,0,0,0,0,0,126.7823,37.3369,경기안산시,0,0,0,1,0,2,1,1
14425,2016-11-29,0,1,1,1,0,0,0,대전,서구,0,1,0,0,0,0,0,127.3578,36.3532,대전서구,0,0,0,0,0,4,1,1
14429,2016-12-01,1,3,1,2,0,1,0,경북,영천시,0,0,1,0,0,4,0,128.934,35.9685,경북영천시,0,4,0,0,0,5,1,0
14430,2016-12-30,0,4,1,1,0,0,0,충남,당진시,0,0,0,0,0,0,0,126.7209,36.8968,충남당진시,0,0,0,0,0,46,1,1
14431,2016-12-31,0,5,1,1,0,0,0,경남,거제시,0,1,0,0,0,0,0,128.5065,34.8979,경남거제시,0,0,0,1,0,15,1,1
14432,2016-12-30,0,4,1,1,0,0,0,서울,동작구,0,0,0,1,1,0,0,126.9402,37.5136,서울동작구,0,0,0,0,0,93,1,1
14433,2016-12-30,0,4,1,1,0,0,0,전북,부안군,0,3,0,0,0,0,0,126.6729,35.6657,전북부안군,0,0,0,0,0,185,0,0
14435,2016-04-27,0,2,2,3,0,1,0,경기,고양시,0,0,2,1,2,0,0,126.7807,37.6484,경기고양시,1,0,0,0,0,40,1,1
14437,2016-05-18,1,2,1,1,0,0,0,전남,해남군,0,0,0,1,1,1,0,126.4347,34.5761,전남해남군,0,1,0,0,0,119,1,1
14438,2016-06-11,0,5,1,1,0,0,0,경기,안양시,0,0,0,1,1,0,0,126.9592,37.3849,경기안양시,0,0,0,1,0,151,1,1
14440,2016-08-25,1,3,1,1,0,0,0,경기,성남시,0,0,2,1,2,2,0,127.1423,37.4484,경기성남시,0,2,0,0,0,95,1,1
14442,2016-12-05,0,0,1,1,0,0,0,광주,남구,0,0,0,1,2,0,0,126.9013,35.1367,광주남구,0,0,0,0,0,190,1,1
14443,2016-12-13,0,1,1,1,0,0,0,전북,남원시,0,0,2,1,2,0,0,127.4866,35.4932,전북남원시,0,0,0,0,0,193,1,1
14444,2016-12-16,0,4,1,1,0,0,0,대구,중구,0,0,0,0,0,0,0,128.5813,35.8706,대구중구,0,0,0,0,0,178,1,1
14448,2016-01-21,1,3,1,1,0,0,0,경기,성남시,0,0,0,0,0,0,0,127.1788,37.4395,경기성남시,0,0,0,0,0,95,1,1
14449,2016-10-25,0,1,1,1,0,0,0,경남,양산시,0,0,0,2,4,0,0,129.0777,35.4581,경남양산시,0,0,0,0,0,49,1,1
14458,2016-12-27,0,1,1,1,0,0,0,충남,태안군,0,0,0,0,0,0,0,126.2928,36.749,충남태안군,0,0,0,0,0,169,1,1
14460,2016-09-25,0,6,1,1,0,0,0,경기,성남시,0,0,3,0,3,2,0,127.1282,37.4365,경기성남시,0,2,0,1,0,95,1,1
14461,2016-09-02,0,4,1,1,0,0,0,서울,동대문구,0,0,0,1,1,0,0,127.0629,37.5677,서울동대문구,0,0,0,0,0,201,1,1
14463,2016-02-03,0,2,1,1,0,0,0,전남,해남군,0,0,0,1,2,0,0,126.6404,34.6053,전남해남군,0,0,0,0,0,119,1,1
14465,2016-04-06,0,2,1,1,0,0,0,전남,담양군,0,0,0,0,0,0,0,126.9584,35.2806,전남담양군,0,0,0,0,0,181,1,1
14466,2016-05-04,0,2,1,1,0,0,0,경기,고양시,0,0,1,0,3,0,0,126.7641,37.6688,경기고양시,0,0,0,0,0,40,1,0
14472,2016-11-11,0,4,1,2,1,0,0,서울,성동구,0,4,5,0,3,0,0,127.0658,37.5487,서울성동구,0,0,0,0,0,84,0,0
14474,2016-09-21,0,2,1,1,0,0,0,충남,당진시,0,0,2,0,0,2,0,126.7009,36.9144,충남당진시,0,2,0,0,0,46,1,1
14475,2016-01-27,1,2,1,1,0,0,0,경남,통영시,0,0,0,0,0,0,0,128.4166,34.8689,경남통영시,0,0,0,0,0,212,1,1
14476,2016-01-31,1,6,1,2,1,0,0,전북,정읍시,0,3,5,0,0,0,0,126.8772,35.5855,전북정읍시,0,0,0,1,0,12,0,0
14478,2016-11-26,0,5,1,3,0,2,0,경북,안동시,0,1,0,0,0,1,0,128.5563,36.6197,경북안동시,0,1,0,1,0,66,1,1
14479,2016-01-06,1,2,1,1,0,0,0,강원,강릉시,0,0,0,0,0,0,0,128.9017,37.7705,강원강릉시,0,0,0,0,0,194,1,1
14481,2016-01-02,1,5,1,1,0,0,0,충북,청주시,0,0,1,1,1,0,0,127.4875,36.6205,충북청주시,0,0,0,1,0,83,1,0
14483,2016-01-03,0,6,1,1,0,0,0,충남,예산군,0,0,1,1,2,0,0,126.6633,36.6962,충남예산군,0,0,0,1,0,187,1,0
14484,2016-01-09,1,5,1,1,0,0,0,전남,순천시,0,0,5,0,3,0,0,127.4907,34.9507,전남순천시,0,0,0,1,0,27,1,1
14487,2016-01-06,0,2,1,1,0,0,0,충북,보은군,0,0,0,1,1,0,0,127.7837,36.469,충북보은군,0,0,0,0,0,32,1,1
14488,2016-01-14,0,3,1,1,0,0,0,서울,서대문구,0,3,0,0,0,0,0,126.9658,37.5588,서울서대문구,0,0,0,0,0,195,0,0
14491,2016-01-16,1,5,1,1,0,0,0,서울,도봉구,0,0,0,0,0,2,0,127.0429,37.6661,서울도봉구,0,2,0,1,0,98,1,1
14492,2016-01-16,1,5,1,1,0,0,0,광주,북구,0,0,0,0,3,0,0,126.8642,35.1875,광주북구,0,0,0,1,0,137,1,1
14495,2016-01-22,1,4,1,1,0,0,0,경기,여주시,0,0,0,0,3,0,0,127.5537,37.2983,경기여주시,0,0,0,0,0,22,1,1
14497,2016-01-27,0,2,1,1,0,0,0,경남,창원시(통합),0,0,3,0,0,2,0,128.5097,35.2406,경남창원시(통합),0,2,0,0,0,86,1,1
14498,2016-01-28,1,3,1,1,0,0,0,충남,부여군,0,0,0,1,2,0,0,126.9057,36.2697,충남부여군,0,0,0,0,0,129,1,1
14505,2016-09-11,0,6,1,1,0,0,0,서울,강북구,0,1,0,0,0,2,0,127.0278,37.6221,서울강북구,0,2,0,1,0,200,1,1
14506,2016-12-13,0,1,1,1,0,0,0,대구,남구,0,0,0,1,1,0,0,128.6022,35.8379,대구남구,0,0,0,0,0,145,1,1
14520,2016-05-03,1,1,1,1,0,0,0,전남,담양군,0,0,0,0,0,1,0,126.8889,35.2772,전남담양군,0,1,0,0,0,181,1,1
14521,2016-07-03,0,6,1,1,0,0,0,서울,성북구,0,0,0,0,0,0,0,127.0318,37.5853,서울성북구,0,0,0,1,0,167,1,1
14523,2016-07-15,0,4,1,1,0,0,0,경남,고성군,0,0,0,0,0,0,0,128.335,34.9692,경남고성군,0,0,0,0,0,87,1,1
14526,2016-08-19,0,4,1,1,0,0,0,대전,중구,0,0,1,1,2,0,0,127.4111,36.3362,대전중구,0,0,0,0,0,39,1,0
14527,2016-11-01,1,1,1,1,0,0,0,경기,부천시,0,0,4,0,0,2,0,126.7773,37.4886,경기부천시,0,2,0,0,0,65,1,1
14528,2016-12-19,1,0,1,1,0,0,0,경기,안양시,0,1,1,1,2,5,0,126.9476,37.3889,경기안양시,0,5,0,0,0,151,1,0
14534,2016-10-29,0,5,1,1,0,0,0,경기,수원시,0,0,0,0,3,0,0,127.0218,37.2561,경기수원시,0,0,0,1,0,99,1,1
14537,2016-11-29,0,1,1,1,0,0,0,경기,화성시,0,2,0,0,0,0,0,127.0015,37.1335,경기화성시,0,0,0,0,0,50,1,1
14546,2016-04-12,0,1,1,1,0,0,0,대전,대덕구,0,0,1,1,2,0,0,127.4166,36.4493,대전대덕구,0,0,0,0,0,77,1,0
14549,2016-06-10,1,4,1,1,0,0,0,경기,안양시,0,0,0,2,4,0,0,126.9581,37.397,경기안양시,0,0,0,0,0,151,1,1
14551,2016-11-04,0,4,1,1,0,0,0,경기,남양주시,0,0,3,0,0,0,0,127.195,37.7328,경기남양주시,0,0,0,0,0,70,1,1
14552,2016-09-22,1,3,1,1,0,0,0,경기,수원시,0,1,0,0,0,0,0,126.9699,37.2967,경기수원시,0,0,0,0,0,99,1,1
14556,2016-07-12,0,1,1,1,0,0,0,충남,당진시,0,1,0,0,0,0,0,126.8069,36.9109,충남당진시,0,0,0,0,0,46,1,1
14569,2016-01-02,1,5,1,1,0,0,0,경남,사천시,0,0,0,0,0,0,0,128.0634,34.9691,경남사천시,0,0,0,1,0,57,1,1
14571,2016-01-09,1,5,1,1,0,0,0,강원,강릉시,0,0,0,0,0,0,0,128.8285,37.8571,강원강릉시,0,0,0,1,0,194,1,1
14575,2016-12-10,0,5,1,1,0,0,0,경기,광주시,0,0,0,1,1,0,0,127.3466,37.3487,경기광주시,0,0,0,1,0,9,1,1
14576,2016-12-10,0,5,1,1,0,0,0,대구,수성구,0,0,0,1,2,0,0,128.7097,35.8392,대구수성구,0,0,0,1,0,37,1,1
14580,2016-12-16,1,4,1,1,0,0,0,충남,아산시,0,1,0,0,0,1,0,126.8859,36.8682,충남아산시,0,1,0,0,0,53,1,1
14581,2016-12-16,0,4,1,3,0,2,0,경기,가평군,0,0,0,0,0,0,0,127.5285,37.8967,경기가평군,0,0,0,0,0,176,1,1
14584,2016-11-11,0,4,1,1,0,0,0,부산,북구,0,0,0,0,3,6,0,129.0029,35.2095,부산북구,0,6,0,0,0,118,1,1