index,발생년월일,주야,요일,사망자수,사상자수,중상자수,경상자수,부상신고자수,발생지시도,발생지시군구,사고유형_대분류,사고유형_중분류,법규위반,도로형태_대분류,도로형태,당사자종별_1당_대분류,당사자종별_2당_대분류,경도,위도,발생지,사고피해정도,사고차량타입,도시여부,주말/공휴일,인구수,발생지번호,보행자의위치,무단횡단여부
14586,2016-11-10,1,3,1,1,0,0,0,경남,양산시,0,0,3,0,3,1,0,129.146,35.3658,경남양산시,0,1,0,0,0,49,1,1
14587,2016-11-10,0,3,1,1,0,0,0,경기,수원시,0,0,0,1,1,0,0,127.029,37.2918,경기수원시,0,0,0,0,0,99,1,1
14590,2016-11-12,0,5,1,1,0,0,0,전남,나주시,0,2,0,0,0,0,0,126.8389,35.0534,전남나주시,0,0,0,1,0,33,1,1
14591,2016-11-09,1,2,1,1,0,0,0,경북,포항시,0,0,5,0,3,0,0,129.3629,36.0344,경북포항시,0,0,0,0,0,160,1,1
14593,2016-11-09,0,2,1,1,0,0,0,충북,청주시,0,0,0,1,2,1,0,127.4041,36.6817,충북청주시,0,1,0,0,0,83,1,1
14595,2016-11-16,1,2,1,1,0,0,0,경남,김해시,0,0,0,0,0,0,0,128.9133,35.2428,경남김해시,0,0,0,0,0,13,1,1
14598,2016-11-17,0,3,1,1,0,0,0,경북,영천시,0,0,0,1,1,0,0,129.0775,36.0019,경북영천시,0,0,0,0,0,5,1,1
14599,2016-11-13,0,6,1,1,0,0,0,충남,논산시,0,0,0,1,2,0,0,127.1456,36.1553,충남논산시,0,0,0,1,0,61,1,1
14600,2016-11-16,0,2,1,1,0,0,0,전북,군산시,0,0,2,0,0,0,0,126.5302,35.926,전북군산시,0,0,0,0,0,166,1,1
14601,2016-11-17,1,3,1,1,0,0,0,경기,의정부시,0,0,3,1,1,0,0,127.0225,37.7422,경기의정부시,0,0,0,0,0,64,1,1
14606,2016-11-26,0,5,1,1,0,0,0,충북,제천시,0,0,1,1,1,0,0,128.1988,37.1045,충북제천시,0,0,0,1,0,103,1,0
14607,2016-11-01,1,1,1,1,0,0,0,경남,창원시(통합),0,0,0,0,0,0,0,128.6795,35.223,경남창원시(통합),0,0,0,0,0,86,1,1
14609,2016-11-03,0,3,1,1,0,0,0,제주,서귀포시,0,0,0,1,2,0,0,126.7086,33.282,제주서귀포시,0,0,0,0,0,62,1,1
14610,2016-10-29,0,5,1,1,0,0,0,부산,강서구,0,1,0,1,1,0,0,128.9534,35.2137,부산강서구,0,0,0,1,0,206,1,1
14612,2016-11-01,1,1,1,1,0,0,0,대구,북구,0,0,1,0,0,0,0,128.603,35.8949,대구북구,0,0,0,0,0,112,1,0
14613,2016-12-10,0,5,1,1,0,0,0,대구,중구,0,1,0,0,0,2,0,128.5936,35.8693,대구중구,0,2,0,1,0,178,1,1
14614,2016-11-22,0,1,1,1,0,0,0,경기,고양시,0,0,1,0,3,0,0,126.778,37.6525,경기고양시,0,0,0,0,0,40,1,0
14615,2016-11-23,1,2,1,1,0,0,0,경기,군포시,0,0,1,0,3,1,0,126.9327,37.3592,경기군포시,0,1,0,0,0,126,1,0
14616,2016-11-22,0,1,1,1,0,0,0,부산,기장군,0,1,0,0,0,0,0,129.2221,35.2145,부산기장군,0,0,0,0,0,85,1,1
14620,2016-10-31,1,0,1,1,0,0,0,강원,고성군,0,0,2,1,2,0,0,128.436,38.4808,강원고성군,0,0,0,0,0,217,1,1
14621,2016-11-01,0,1,1,1,0,0,0,경남,창원시(통합),0,0,0,0,0,0,0,128.6209,35.2614,경남창원시(통합),0,0,0,0,0,86,1,1
14622,2016-12-10,1,5,1,1,0,0,0,전북,고창군,0,3,0,0,0,0,0,126.5148,35.5256,전북고창군,0,0,0,1,0,219,0,0
14626,2016-12-08,0,3,1,1,0,0,0,충남,아산시,0,0,1,1,1,0,0,126.9605,36.7848,충남아산시,0,0,0,0,0,53,1,0
14628,2016-12-18,0,6,1,1,0,0,0,경남,하동군,0,2,0,2,4,0,0,127.8888,34.9706,경남하동군,0,0,0,1,0,172,1,1
14629,2016-12-12,0,0,1,1,0,0,0,전남,여수시,0,0,2,0,0,0,0,127.7048,34.749,전남여수시,0,0,0,0,0,102,1,1
14634,2016-12-13,1,1,1,1,0,0,0,대구,달서구,0,0,2,1,2,0,0,128.5183,35.8039,대구달서구,0,0,0,0,0,20,1,1
14637,2016-11-10,0,3,1,1,0,0,0,대구,수성구,0,0,0,1,1,0,0,128.6419,35.8746,대구수성구,0,0,0,0,0,37,1,1
14640,2016-11-12,1,5,1,1,0,0,0,전북,김제시,0,1,0,0,0,0,0,126.9987,35.7312,전북김제시,0,0,0,1,0,34,1,1
14643,2016-11-13,0,6,1,1,0,0,0,전북,전주시,0,0,0,0,3,0,0,127.1226,35.8121,전북전주시,0,0,0,1,0,11,1,1
14647,2016-11-20,0,6,1,1,0,0,0,대구,서구,0,0,0,0,0,0,0,128.5633,35.8596,대구서구,0,0,0,1,0,107,1,1
14652,2016-10-31,0,0,1,1,0,0,0,충남,청양군,0,1,0,1,1,1,0,126.7951,36.4421,충남청양군,0,1,0,0,0,174,1,1
14653,2016-10-30,0,6,1,2,1,0,0,서울,중구,0,0,0,0,0,0,0,127.0091,37.5595,서울중구,0,0,0,1,0,8,1,1
14657,2016-11-22,1,1,1,1,0,0,0,강원,삼척시,0,0,0,1,1,0,0,129.1594,37.4424,강원삼척시,0,0,0,0,0,78,1,1
14660,2016-11-19,1,5,1,1,0,0,0,대전,서구,0,0,0,0,3,0,0,127.3406,36.3027,대전서구,0,0,0,1,0,4,1,1
14662,2016-11-20,1,6,1,1,0,0,0,대구,수성구,0,1,0,0,0,0,0,128.6118,35.8357,대구수성구,0,0,0,1,0,37,1,1
14663,2016-11-04,1,4,1,1,0,0,0,경기,고양시,0,0,2,1,1,0,0,126.7862,37.6469,경기고양시,0,0,0,0,0,40,1,1
14664,2016-10-29,0,5,1,1,0,0,0,인천,강화군,0,3,0,0,0,0,0,126.5302,37.6348,인천강화군,0,0,0,1,0,92,0,0
14667,2016-12-16,0,4,1,1,0,0,0,부산,사상구,0,0,0,0,3,0,0,129.005,35.1525,부산사상구,0,0,0,0,0,120,1,1
14672,2016-12-25,0,6,1,1,0,0,0,경기,수원시,0,0,0,0,0,0,0,127.0023,37.2639,경기수원시,0,0,0,1,0,99,1,1
14673,2016-12-21,0,2,1,1,0,0,0,세종,세종,0,1,0,2,4,2,0,127.1395,36.7112,세종세종,0,2,1,0,0,229,1,1
14674,2016-12-28,0,2,1,1,0,0,0,경남,함안군,0,1,0,1,2,0,0,128.471,35.2676,경남함안군,0,0,0,0,0,117,1,1
14675,2016-12-24,0,5,1,1,0,0,0,대전,유성구,0,0,3,1,2,0,0,127.3476,36.3485,대전유성구,0,0,0,1,0,148,1,1
14677,2016-11-09,0,2,1,1,0,0,0,전남,화순군,0,1,0,1,2,1,0,126.9836,35.0624,전남화순군,0,1,0,0,0,88,1,1
14678,2016-11-09,1,2,1,1,0,0,0,전남,여수시,0,0,0,0,0,0,0,127.7008,34.7712,전남여수시,0,0,0,0,0,102,1,1
14681,2016-11-16,1,2,1,2,1,0,0,충남,청양군,0,1,0,0,0,1,0,126.7951,36.4751,충남청양군,0,1,0,0,0,174,1,1
14682,2016-11-12,0,5,1,1,0,0,0,경기,용인시,0,0,0,0,0,0,0,127.1075,37.2715,경기용인시,0,0,0,1,0,51,1,1
14683,2016-11-16,0,2,1,1,0,0,0,경북,청도군,0,2,0,0,0,1,0,128.735,35.6719,경북청도군,0,1,0,0,0,3,1,1
14684,2016-11-17,1,3,1,1,0,0,0,충남,당진시,0,3,0,1,1,1,0,126.8026,36.8794,충남당진시,0,1,0,0,0,46,0,0
14685,2016-11-14,1,0,1,1,0,0,0,경북,영천시,0,0,0,0,0,1,0,128.9215,36.1516,경북영천시,0,1,0,0,0,5,1,1
14689,2016-10-14,0,4,1,1,0,0,0,경남,양산시,0,0,0,1,2,0,0,129.0248,35.3363,경남양산시,0,0,0,0,0,49,1,1
14691,2016-10-13,1,3,1,1,0,0,0,대구,북구,0,3,0,0,0,1,0,128.6027,35.9209,대구북구,0,1,0,0,0,112,0,0
14693,2016-10-20,1,3,1,1,0,0,0,인천,부평구,0,1,0,1,2,1,0,126.7201,37.4863,인천부평구,0,1,0,0,0,44,1,1
14694,2016-10-18,1,1,1,1,0,0,0,경남,통영시,0,0,3,0,3,2,0,128.416,34.8867,경남통영시,0,2,0,0,0,212,1,1
14696,2016-10-16,0,6,1,1,0,0,0,전남,순천시,0,0,0,0,0,0,0,127.5327,34.9592,전남순천시,0,0,0,1,0,27,1,1
14698,2016-09-15,0,3,1,1,0,0,0,충남,공주시,0,0,0,0,0,1,0,126.9562,36.5088,충남공주시,0,1,0,1,0,19,1,1
14701,2016-09-26,1,0,1,1,0,0,0,서울,종로구,0,2,0,1,1,0,0,127.0156,37.5742,서울종로구,0,0,0,0,0,116,1,1
14703,2016-09-25,0,6,1,1,0,0,0,부산,사상구,0,0,2,0,0,0,0,128.9929,35.1584,부산사상구,0,0,0,1,0,120,1,1
14706,2016-09-25,0,6,1,3,0,1,1,충북,충주시,0,0,0,0,0,6,0,127.9251,36.9824,충북충주시,0,6,0,1,0,6,1,1
14708,2016-09-01,0,3,1,1,0,0,0,전북,김제시,0,0,2,0,0,1,0,126.8165,35.8521,전북김제시,0,1,0,0,0,34,1,1
14711,2016-09-05,1,0,1,1,0,0,0,인천,부평구,0,0,0,0,0,0,0,126.7277,37.4874,인천부평구,0,0,0,0,0,44,1,1
14712,2016-09-02,0,4,1,1,0,0,0,전남,여수시,0,1,0,0,0,0,0,127.6885,34.7806,전남여수시,0,0,0,0,0,102,1,1
14714,2016-10-10,0,0,1,1,0,0,0,경북,안동시,0,0,0,1,1,0,0,128.7465,36.562,경북안동시,0,0,0,0,0,66,1,1
14715,2016-10-10,0,0,1,1,0,0,0,경남,산청군,0,2,0,0,0,1,0,127.8705,35.4141,경남산청군,0,1,0,0,0,224,1,1
14720,2016-10-15,1,5,1,1,0,0,0,대전,서구,0,0,0,0,0,0,0,127.393,36.3412,대전서구,0,0,0,1,0,4,1,1
14723,2016-10-25,1,1,1,1,0,0,0,경기,광주시,0,1,0,0,0,0,0,127.2596,37.4082,경기광주시,0,0,0,0,0,9,1,1
14724,2016-10-22,0,5,1,1,0,0,0,경북,경산시,0,0,0,1,1,0,0,128.8103,35.9567,경북경산시,0,0,0,1,0,52,1,1
14725,2016-10-07,0,4,1,1,0,0,0,경남,창원시(통합),0,0,0,1,1,0,0,128.5863,35.232,경남창원시(통합),0,0,0,0,0,86,1,1
14726,2016-09-30,1,4,1,1,0,0,0,충남,논산시,0,0,0,0,0,2,0,127.2155,36.1978,충남논산시,0,2,0,0,0,61,1,1
14728,2016-09-18,0,6,1,1,0,0,0,충북,충주시,0,0,0,1,1,0,0,127.9491,37.0171,충북충주시,0,0,0,1,0,6,1,1
14729,2016-09-17,0,5,1,1,0,0,0,광주,서구,0,0,0,0,0,0,0,126.8741,35.1437,광주서구,0,0,0,1,0,222,1,1
14731,2016-09-19,1,0,1,1,0,0,0,경기,양주시,0,0,0,0,3,2,0,127.0808,37.7962,경기양주시,0,2,0,0,0,59,1,1
14737,2016-09-25,0,6,1,1,0,0,0,대구,북구,0,0,0,0,0,0,0,128.5502,35.9142,대구북구,0,0,0,1,0,112,1,1
14740,2016-12-09,0,4,1,1,0,0,0,서울,종로구,0,0,0,0,0,3,0,126.9749,37.5757,서울종로구,0,3,0,0,0,116,1,1
14741,2016-12-17,1,5,1,1,0,0,0,전남,여수시,0,0,1,1,1,1,0,127.728,34.7388,전남여수시,0,1,0,1,0,102,1,0
14742,2016-12-14,1,2,1,1,0,0,0,대구,수성구,0,0,1,0,3,0,0,128.6379,35.8437,대구수성구,0,0,0,0,0,37,1,0
14744,2016-12-19,0,0,1,1,0,0,0,대구,달성군,0,0,3,0,3,0,0,128.4542,35.8608,대구달성군,0,0,0,0,0,30,1,1
14746,2016-12-13,0,1,1,1,0,0,0,대구,동구,0,0,0,0,3,0,0,128.6426,35.8933,대구동구,0,0,0,0,0,26,1,1
14751,2016-10-05,0,2,1,1,0,0,0,전북,고창군,0,0,2,1,2,0,0,126.699,35.4831,전북고창군,0,0,0,0,0,219,1,1
14754,2016-11-06,0,6,1,1,0,0,0,광주,북구,0,0,0,0,0,0,0,126.8956,35.1874,광주북구,0,0,0,1,0,137,1,1
14757,2016-11-14,0,0,1,1,0,0,0,경북,영양군,0,0,0,1,1,0,0,129.1243,36.6955,경북영양군,0,0,0,0,0,128,1,1
14758,2016-11-17,1,3,1,1,0,0,0,경북,안동시,0,0,1,0,0,1,0,128.7149,36.5829,경북안동시,0,1,0,0,0,66,1,0
14760,2016-11-04,1,4,1,1,0,0,0,경기,시흥시,0,0,1,1,1,0,0,126.816,37.365,경기시흥시,0,0,0,0,0,73,1,0
14761,2016-11-01,0,1,1,1,0,0,0,부산,기장군,0,0,0,0,0,0,0,129.138,35.3545,부산기장군,0,0,0,0,0,85,1,1
14763,2016-10-31,0,0,1,1,0,0,0,대구,남구,0,0,0,1,1,2,0,128.5983,35.8559,대구남구,0,2,0,0,0,145,1,1
14766,2016-11-03,0,3,1,2,0,1,0,경남,진주시,0,0,0,0,0,6,0,128.0869,35.197,경남진주시,0,6,0,0,0,42,1,1
14767,2016-11-02,0,2,1,1,0,0,0,전북,남원시,0,0,2,0,3,0,0,127.3881,35.4075,전북남원시,0,0,0,0,0,193,1,1
14770,2016-12-10,1,5,1,3,2,0,0,경기,안산시,0,0,3,0,3,2,0,126.8452,37.3185,경기안산시,1,2,0,1,0,2,1,1
14774,2016-12-05,0,0,1,2,1,0,0,강원,원주시,0,3,0,0,0,0,0,127.8547,37.3416,강원원주시,0,0,0,0,0,36,0,0
14776,2016-12-16,1,4,1,1,0,0,0,전남,영광군,0,1,0,0,0,0,0,126.4788,35.3138,전남영광군,0,0,0,0,0,127,1,1
14777,2016-12-16,0,4,1,1,0,0,0,경남,밀양시,0,3,0,1,2,1,0,128.7485,35.3698,경남밀양시,0,1,0,0,0,177,0,0
14779,2016-12-17,1,5,1,1,0,0,0,경북,구미시,0,0,0,0,0,0,0,128.4927,36.1543,경북구미시,0,0,0,1,0,144,1,1
14781,2016-12-20,1,1,1,1,0,0,0,경기,이천시,0,1,0,0,0,0,0,127.5219,37.2322,경기이천시,0,0,0,0,0,41,1,1
14783,2016-12-05,1,0,1,1,0,0,0,경북,문경시,0,0,0,0,0,1,0,128.1198,36.6932,경북문경시,0,1,0,0,0,74,1,1
14784,2016-12-19,1,0,1,1,0,0,0,전남,목포시,0,3,0,1,1,1,0,126.3757,34.8101,전남목포시,0,1,0,0,0,153,0,0
14786,2016-12-16,0,4,1,1,0,0,0,경북,예천군,0,1,0,0,0,1,0,128.4416,36.7424,경북예천군,0,1,0,0,0,55,1,1
14788,2016-10-06,0,3,1,1,0,0,0,제주,서귀포시,0,0,0,0,0,0,0,126.8996,33.4453,제주서귀포시,0,0,0,0,0,62,1,1
14791,2016-11-06,0,6,1,1,0,0,0,울산,북구,0,0,0,1,1,0,0,129.3969,35.5281,울산북구,0,0,0,1,0,158,1,1
14792,2016-11-09,1,2,1,1,0,0,0,경남,고성군,0,0,0,1,1,0,0,128.3217,34.9726,경남고성군,0,0,0,0,0,87,1,1
14794,2016-11-14,1,0,1,1,0,0,0,경북,경주시,0,0,0,0,0,1,0,129.102,35.8508,경북경주시,0,1,0,0,0,100,1,1
14796,2016-11-13,0,6,1,1,0,0,0,세종,세종,0,0,0,1,2,1,0,127.2916,36.592,세종세종,0,1,1,1,0,229,1,1
14798,2016-11-13,0,6,1,1,0,0,0,제주,제주시,0,0,2,0,0,0,0,126.5919,33.492,제주제주시,0,0,0,1,0,90,1,1
14800,2016-11-22,0,1,1,1,0,0,0,전북,김제시,0,0,0,0,0,0,0,126.898,35.809,전북김제시,0,0,0,0,0,34,1,1
14802,2016-11-22,0,1,1,1,0,0,0,전남,보성군,0,2,0,0,0,1,0,127.3417,34.8661,전남보성군,0,1,0,0,0,122,1,1
14803,2016-11-23,0,2,1,1,0,0,0,경기,고양시,0,2,0,1,1,0,0,126.8407,37.6543,경기고양시,0,0,0,0,0,40,1,1
14808,2016-11-20,0,6,1,1,0,0,0,전북,순창군,0,0,1,0,3,1,0,127.1008,35.3669,전북순창군,0,1,0,1,0,131,1,0
14809,2016-11-03,0,3,1,1,0,0,0,경북,안동시,0,3,0,0,0,1,0,128.7681,36.6207,경북안동시,0,1,0,0,0,66,0,0
14810,2016-11-01,0,1,1,1,0,0,0,충남,논산시,0,0,0,0,0,0,0,127.0415,36.2328,충남논산시,0,0,0,0,0,61,1,1
14817,2016-12-06,0,1,1,1,0,0,0,경남,거제시,0,0,0,1,2,2,0,128.6035,34.8887,경남거제시,0,2,0,0,0,15,1,1
14819,2016-12-13,0,1,1,1,0,0,0,경남,창녕군,0,0,0,0,0,0,0,128.4951,35.5377,경남창녕군,0,0,0,0,0,211,1,1
14821,2016-12-18,1,6,1,1,0,0,0,강원,춘천시,0,0,0,0,0,0,0,127.7122,37.8787,강원춘천시,0,0,0,1,0,111,1,1
14822,2016-12-13,0,1,1,1,0,0,0,충북,제천시,0,0,0,2,4,0,0,128.2452,37.1715,충북제천시,0,0,0,0,0,103,1,1
14823,2016-12-13,1,1,1,1,0,0,0,인천,강화군,0,2,0,0,0,1,0,126.4343,37.6343,인천강화군,0,1,0,0,0,92,1,1
14827,2016-10-24,0,0,2,2,0,0,0,경북,안동시,0,0,1,0,3,0,0,128.7261,36.5668,경북안동시,0,0,0,0,0,66,1,0
14828,2016-10-25,0,1,1,1,0,0,0,경기,양평군,0,1,0,0,0,0,0,127.5363,37.433,경기양평군,0,0,0,0,0,48,1,1
14830,2016-09-16,0,4,1,1,0,0,0,경기,과천시,0,1,0,0,0,0,0,127.0015,37.4298,경기과천시,0,0,0,1,0,227,1,1
14832,2016-09-21,0,2,1,1,0,0,0,충북,청주시,0,0,0,0,0,0,0,127.4615,36.643,충북청주시,0,0,0,0,0,83,1,1
14833,2016-09-22,0,3,1,1,0,0,0,경북,영양군,0,0,0,0,0,0,0,129.0855,36.6215,경북영양군,0,0,0,0,0,128,1,1
14835,2016-09-23,0,4,1,1,0,0,0,대구,중구,0,0,0,0,0,0,0,128.5925,35.8655,대구중구,0,0,0,0,0,178,1,1
14837,2016-09-28,1,2,1,1,0,0,0,경기,수원시,0,0,0,0,3,0,0,126.9984,37.2969,경기수원시,0,0,0,0,0,99,1,1
14839,2016-09-26,0,0,1,1,0,0,0,인천,동구,0,0,0,1,1,0,0,126.6676,37.4783,인천동구,0,0,0,0,0,207,1,1
14840,2016-09-22,0,3,1,1,0,0,0,제주,제주시,0,0,2,0,0,0,0,126.6259,33.5312,제주제주시,0,0,0,0,0,90,1,1
14841,2016-09-23,0,4,1,1,0,0,0,광주,남구,0,0,0,0,0,0,0,126.9106,35.1462,광주남구,0,0,0,0,0,190,1,1
14842,2016-09-03,0,5,1,1,0,0,0,서울,광진구,0,0,0,0,0,2,0,127.0864,37.5311,서울광진구,0,2,0,1,0,183,1,1
14845,2016-10-13,1,3,1,1,0,0,0,충북,청주시,0,0,1,0,0,0,0,127.4829,36.6585,충북청주시,0,0,0,0,0,83,1,0
14846,2016-10-12,0,2,1,1,0,0,0,서울,중랑구,0,2,0,0,0,0,0,127.1006,37.6069,서울중랑구,0,0,0,0,0,196,1,1
14850,2016-10-07,0,4,1,1,0,0,0,서울,서대문구,0,1,0,0,3,0,0,126.9454,37.5879,서울서대문구,0,0,0,0,0,195,1,1
14851,2016-10-11,0,1,1,1,0,0,0,경남,밀양시,0,0,0,1,1,0,0,128.6533,35.54,경남밀양시,0,0,0,0,0,177,1,1
14852,2016-10-17,0,0,1,1,0,0,0,대전,대덕구,0,3,2,1,2,0,0,127.4153,36.3534,대전대덕구,0,0,0,0,0,77,0,0
14853,2016-10-14,0,4,1,1,0,0,0,제주,제주시,0,2,0,0,0,0,0,126.5935,33.5215,제주제주시,0,0,0,0,0,90,1,1
14854,2016-10-14,1,4,1,1,0,0,0,부산,남구,0,0,1,0,3,1,0,129.0839,35.1352,부산남구,0,1,0,0,0,180,1,0
14855,2016-10-14,0,4,1,1,0,0,0,강원,속초시,0,0,0,0,0,0,0,128.5543,38.1658,강원속초시,0,0,0,0,0,104,1,1
14856,2016-10-19,1,2,1,5,1,3,0,경기,안양시,0,1,4,0,0,0,0,126.9301,37.3882,경기안양시,1,0,0,0,0,151,1,1
14859,2016-10-16,1,6,1,1,0,0,0,광주,광산구,0,0,3,0,0,0,0,126.8428,35.2147,광주광산구,0,0,0,1,0,135,1,1
14865,2016-09-28,0,2,1,1,0,0,0,경북,구미시,0,0,1,0,3,0,0,128.3374,36.1276,경북구미시,0,0,0,0,0,144,1,0
14868,2016-08-31,0,2,1,1,0,0,0,전북,김제시,0,0,0,0,0,6,0,126.8859,35.8074,전북김제시,0,6,0,0,0,34,1,1
14873,2016-10-19,0,2,1,1,0,0,0,충북,청주시,0,0,2,0,0,0,0,127.4848,36.6111,충북청주시,0,0,0,0,0,83,1,1
14874,2016-10-15,1,5,1,1,0,0,0,강원,홍천군,0,0,1,0,3,4,0,127.881,37.6885,강원홍천군,0,4,0,1,0,82,1,0
14876,2016-10-16,0,6,1,1,0,0,0,경남,창원시(통합),0,0,0,0,3,0,0,128.6071,35.2568,경남창원시(통합),0,0,0,1,0,86,1,1
14877,2016-10-27,0,3,1,1,0,0,0,경기,광주시,0,0,0,1,1,1,0,127.2128,37.4053,경기광주시,0,1,0,0,0,9,1,1
14882,2016-10-07,0,4,1,1,0,0,0,대전,동구,0,0,0,0,3,0,0,127.463,36.29,대전동구,0,0,0,0,0,80,1,1
14883,2016-09-30,1,4,1,1,0,0,0,경기,용인시,0,0,1,1,2,2,0,127.1056,37.2714,경기용인시,0,2,0,0,0,51,1,0
14886,2016-10-04,0,1,1,1,0,0,0,강원,홍천군,0,0,0,0,0,0,0,127.9042,37.693,강원홍천군,0,0,0,0,0,82,1,1
14887,2016-09-29,0,3,1,1,0,0,0,경북,경산시,0,2,0,0,0,1,0,128.8326,35.9184,경북경산시,0,1,0,0,0,52,1,1
14888,2016-09-28,0,2,1,1,0,0,0,충남,아산시,0,0,0,1,2,0,0,127.0319,36.8651,충남아산시,0,0,0,0,0,53,1,1
14889,2016-09-25,1,6,1,1,0,0,0,경기,가평군,0,1,0,1,2,0,0,127.3655,37.7967,경기가평군,0,0,0,1,0,176,1,1
14890,2016-09-22,0,3,1,1,0,0,0,충북,보은군,0,2,0,0,0,0,0,127.8021,36.4498,충북보은군,0,0,0,0,0,32,1,1
14893,2016-09-01,1,3,1,1,0,0,0,전남,나주시,0,0,3,0,3,0,0,126.7217,34.9937,전남나주시,0,0,0,0,0,33,1,1
14894,2016-08-31,0,2,1,1,0,0,0,경기,안양시,0,0,0,1,1,1,0,126.9768,37.4022,경기안양시,0,1,0,0,0,151,1,1
14895,2016-08-30,1,1,1,1,0,0,0,경기,부천시,0,0,0,1,1,0,0,126.779,37.4805,경기부천시,0,0,0,0,0,65,1,1
14897,2016-10-09,1,6,1,1,0,0,0,부산,진구,0,0,0,0,3,0,0,129.0552,35.1629,부산진구,0,0,0,1,0,231,1,1
14900,2016-10-08,0,5,1,1,0,0,0,서울,중구,0,0,0,0,0,2,0,127.0186,37.5657,서울중구,0,2,0,1,0,8,1,1
14901,2016-10-08,1,5,1,1,0,0,0,충북,옥천군,0,1,0,0,0,2,0,127.6492,36.29,충북옥천군,0,2,0,1,0,142,1,1
14902,2016-10-12,1,2,1,1,0,0,0,대구,수성구,0,0,0,1,1,5,0,128.6366,35.8203,대구수성구,0,5,0,0,0,37,1,1
14908,2016-12-20,0,1,1,1,0,0,0,전남,여수시,0,0,0,0,0,0,0,127.7327,34.7403,전남여수시,0,0,0,0,0,102,1,1
14909,2016-12-14,1,2,1,1,0,0,0,충북,제천시,0,0,2,2,4,2,0,128.2071,37.1315,충북제천시,0,2,0,0,0,103,1,1
14917,2016-11-12,0,5,1,1,0,0,0,경북,경산시,0,0,0,0,0,0,0,128.8005,35.8751,경북경산시,0,0,0,1,0,52,1,1
14918,2016-11-19,1,5,1,1,0,0,0,서울,송파구,0,1,0,0,0,3,0,127.081,37.5057,서울송파구,0,3,0,1,0,156,1,1
14922,2016-11-19,0,5,1,1,0,0,0,서울,중구,0,1,0,0,0,0,0,126.9949,37.5614,서울중구,0,0,0,1,0,8,1,1
14924,2016-11-18,1,4,1,1,0,0,0,충북,단양군,0,1,5,0,0,0,0,128.3253,37.1042,충북단양군,0,0,0,0,0,204,1,1
14925,2016-11-27,0,6,1,1,0,0,0,경기,오산시,0,3,0,0,0,0,0,127.069,37.1323,경기오산시,0,0,0,1,0,143,0,0
14931,2016-11-04,0,4,1,1,0,0,0,경기,평택시,0,0,0,1,1,0,0,127.0706,37.0605,경기평택시,0,0,0,0,0,14,1,1
14935,2016-10-30,0,6,1,1,0,0,0,서울,서초구,0,2,0,0,0,0,0,127.0389,37.4769,서울서초구,0,0,0,1,0,214,1,1
14937,2016-10-31,0,0,1,1,0,0,0,경기,화성시,0,0,0,0,0,2,0,126.929,37.1595,경기화성시,0,2,0,0,0,50,1,1
14940,2016-12-04,1,6,1,1,0,0,0,충남,아산시,0,0,0,0,0,3,0,126.9622,36.8189,충남아산시,0,3,0,1,0,53,1,1
14941,2016-12-19,1,0,1,1,0,0,0,제주,제주시,0,0,0,0,0,0,0,126.5146,33.5063,제주제주시,0,0,0,0,0,90,1,1
14942,2016-12-20,1,1,1,1,0,0,0,서울,중구,0,0,0,0,0,1,0,126.9739,37.5631,서울중구,0,1,0,0,0,8,1,1
14943,2016-12-12,0,0,1,1,0,0,0,충북,청주시,0,1,0,0,0,0,0,127.4801,36.6361,충북청주시,0,0,0,0,0,83,1,1
14944,2016-12-13,1,1,1,1,0,0,0,충북,충주시,0,0,3,1,2,1,0,127.9166,36.9824,충북충주시,0,1,0,0,0,6,1,1
14946,2016-12-16,1,4,1,1,0,0,0,경남,창원시(통합),0,0,0,1,2,0,0,128.5115,35.249,경남창원시(통합),0,0,0,0,0,86,1,1
14947,2016-12-19,1,0,1,1,0,0,0,경기,양평군,0,0,1,0,3,0,0,127.4945,37.49,경기양평군,0,0,0,0,0,48,1,0
14953,2016-01-14,0,3,1,1,0,0,0,경북,경산시,0,0,1,0,0,0,0,128.7612,35.9534,경북경산시,0,0,0,0,0,52,1,0
14956,2016-01-19,0,1,1,1,0,0,0,경기,고양시,0,0,0,0,0,2,0,126.7494,37.6754,경기고양시,0,2,0,0,0,40,1,1
14960,2016-02-06,0,5,1,1,0,0,0,세종,세종,0,1,0,0,0,0,0,127.3037,36.5966,세종세종,0,0,1,1,0,229,1,1
14962,2016-02-07,0,6,1,1,0,0,0,전남,순천시,0,0,0,0,0,2,0,127.5367,34.9692,전남순천시,0,2,0,1,0,27,1,1
14963,2016-02-05,0,4,1,2,0,1,0,경기,용인시,0,0,0,1,2,0,0,127.1029,37.3362,경기용인시,0,0,0,0,0,51,1,1
14966,2016-02-05,1,4,1,1,0,0,0,경기,화성시,0,0,0,0,0,0,0,126.9109,37.1331,경기화성시,0,0,0,0,0,50,1,1
14967,2016-02-03,0,2,1,1,0,0,0,경북,군위군,0,2,0,0,0,0,0,128.6652,36.0876,경북군위군,0,0,0,0,0,170,1,1
14969,2016-02-04,1,3,1,1,0,0,0,서울,관악구,0,4,0,1,2,1,0,126.9657,37.474,서울관악구,0,1,0,0,0,188,0,0