index,발생년월일,주야,요일,사망자수,사상자수,중상자수,경상자수,부상신고자수,발생지시도,발생지시군구,사고유형_대분류,사고유형_중분류,법규위반,도로형태_대분류,도로형태,당사자종별_1당_대분류,당사자종별_2당_대분류,경도,위도,발생지,사고피해정도,사고차량타입,도시여부,주말/공휴일,인구수,발생지번호,보행자의위치,무단횡단여부
14971,2016-05-30,0,0,1,2,1,0,0,경기,시흥시,0,1,0,0,0,1,0,126.837,37.3931,경기시흥시,0,1,0,0,0,73,1,1
14979,2016-04-07,0,3,1,1,0,0,0,경기,수원시,0,2,0,0,0,0,0,127.0504,37.2997,경기수원시,0,0,0,0,0,99,1,1
14980,2016-11-02,1,2,1,1,0,0,0,경기,화성시,0,1,0,0,0,1,0,126.8876,37.2611,경기화성시,0,1,0,0,0,50,1,1
14984,2016-01-13,1,2,1,1,0,0,0,전남,장성군,0,0,0,2,4,1,0,126.654,35.2444,전남장성군,0,1,0,0,0,146,1,1
14986,2016-01-10,0,6,1,1,0,0,0,서울,서초구,0,1,0,0,0,0,0,127.0596,37.4573,서울서초구,0,0,0,1,0,214,1,1
14988,2016-01-16,1,5,1,1,0,0,0,경북,안동시,0,0,0,1,2,0,0,128.7207,36.5651,경북안동시,0,0,0,1,0,66,1,1
14990,2016-01-25,0,0,1,1,0,0,0,서울,서대문구,0,1,3,0,0,6,0,126.9351,37.5589,서울서대문구,0,6,0,0,0,195,1,1
14994,2016-01-23,0,5,1,1,0,0,0,서울,영등포구,0,0,0,0,3,0,0,126.9015,37.5264,서울영등포구,0,0,0,1,0,150,1,1
14995,2016-02-03,1,2,1,1,0,0,0,경기,안양시,0,0,0,1,1,1,0,126.9556,37.3672,경기안양시,0,1,0,0,0,151,1,1
14996,2016-02-03,0,2,1,1,0,0,0,경남,고성군,0,0,0,0,0,1,0,128.3751,34.9676,경남고성군,0,1,0,0,0,87,1,1
14997,2016-02-04,0,3,1,1,0,0,0,인천,강화군,0,2,0,0,0,0,0,126.4362,37.7723,인천강화군,0,0,0,0,0,92,1,1
14998,2016-02-04,1,3,1,1,0,0,0,경기,수원시,0,1,0,0,0,1,0,127.0241,37.2931,경기수원시,0,1,0,0,0,99,1,1
15000,2016-02-12,1,4,1,1,0,0,0,충남,천안시,0,0,0,1,2,0,0,127.1529,36.8124,충남천안시,0,0,0,0,0,63,1,1
15005,2016-04-12,0,1,1,5,2,1,1,경기,시흥시,0,1,2,0,0,1,0,126.8715,37.3685,경기시흥시,1,1,0,0,0,73,1,1
15006,2016-04-29,1,4,1,2,1,0,0,충북,영동군,0,1,0,2,4,0,0,127.8902,36.2168,충북영동군,0,0,0,0,0,75,1,1
15010,2016-12-03,1,5,1,1,0,0,0,경기,용인시,0,1,0,2,4,1,0,127.1056,37.236,경기용인시,0,1,0,1,0,51,1,1
15015,2016-09-12,0,0,1,1,0,0,0,인천,서구,0,4,0,0,0,0,0,126.6751,37.4852,인천서구,0,0,0,0,0,97,0,0
15026,2016-01-07,1,3,1,1,0,0,0,경남,김해시,0,3,0,0,0,0,0,128.8337,35.2804,경남김해시,0,0,0,0,0,13,0,0
15029,2016-01-12,0,1,1,1,0,0,0,경기,성남시,0,0,3,1,2,0,0,127.1472,37.4408,경기성남시,0,0,0,0,0,95,1,1
15030,2016-01-12,0,1,1,1,0,0,0,서울,구로구,0,1,0,2,4,0,0,126.8861,37.5062,서울구로구,0,0,0,0,0,79,1,1
15035,2016-11-16,1,2,1,1,0,0,0,인천,연수구,0,1,0,0,0,1,0,126.6263,37.4092,인천연수구,0,1,0,0,0,35,1,1
15040,2016-12-23,0,4,1,1,0,0,0,서울,강동구,0,1,0,0,0,1,0,127.1816,37.544,서울강동구,0,1,0,0,0,91,1,1
15043,2016-01-04,0,0,1,1,0,0,0,충북,청주시,0,0,0,0,0,0,0,127.3819,36.621,충북청주시,0,0,0,0,0,83,1,1
15045,2016-01-09,0,5,1,1,0,0,0,서울,서초구,0,1,1,1,2,2,0,127.0044,37.4825,서울서초구,0,2,0,1,0,214,1,0
15046,2016-01-08,0,4,1,1,0,0,0,경기,평택시,0,0,0,0,0,0,0,126.9688,37.007,경기평택시,0,0,0,0,0,14,1,1
15049,2016-01-16,0,5,1,1,0,0,0,전북,익산시,0,0,0,0,0,0,0,126.9849,35.9591,전북익산시,0,0,0,1,0,125,1,1
15050,2016-01-14,1,3,1,1,0,0,0,경남,창원시(통합),0,0,3,0,3,0,0,128.5619,35.214,경남창원시(통합),0,0,0,0,0,86,1,1
15051,2016-01-15,1,4,1,1,0,0,0,충북,청주시,0,0,0,1,2,0,0,127.4688,36.6351,충북청주시,0,0,0,0,0,83,1,1
15052,2016-01-21,0,3,1,1,0,0,0,부산,강서구,0,2,0,0,0,0,0,128.942,35.2166,부산강서구,0,0,0,0,0,206,1,1
15060,2016-07-21,0,3,2,2,0,0,0,대전,대덕구,0,1,0,0,0,1,0,127.42,36.407,대전대덕구,0,1,0,0,0,77,1,1
15062,2016-07-08,0,4,1,1,0,0,0,인천,남동구,0,2,2,0,0,0,0,126.739,37.4347,인천남동구,0,0,0,0,0,29,1,1
15072,2016-09-14,0,2,1,2,0,1,0,인천,부평구,0,1,0,0,0,0,0,126.7277,37.5239,인천부평구,0,0,0,1,0,44,1,1
15075,2015-01-01,0,3,1,1,0,0,0,울산,남구,0,0,0,1,2,0,0,129.2561,35.5388,울산남구,0,0,0,1,0,213,1,1
15077,2015-01-01,0,3,1,1,0,0,0,광주,동구,0,0,0,0,3,0,0,126.9314,35.157,광주동구,0,0,0,1,0,162,1,1
15078,2015-01-02,1,4,1,1,0,0,0,부산,영도구,0,0,0,0,0,0,0,129.0657,35.0926,부산영도구,0,0,0,0,0,173,1,1
15079,2015-01-02,1,4,1,1,0,0,0,울산,남구,0,2,0,1,1,0,0,129.3534,35.4685,울산남구,0,0,0,0,0,213,1,1
15081,2015-01-02,1,4,1,1,0,0,0,경기,수원시,0,1,2,1,1,2,0,126.9915,37.2985,경기수원시,0,2,0,0,0,99,1,1
15083,2015-01-02,0,4,1,1,0,0,0,경기,고양시,0,1,0,0,0,0,0,126.8504,37.6484,경기고양시,0,0,0,0,0,40,1,1
15084,2015-01-02,0,4,1,1,0,0,0,경기,용인시,0,2,0,0,0,0,0,127.2839,37.233,경기용인시,0,0,0,0,0,51,1,1
15085,2015-01-02,0,4,1,1,0,0,0,충북,청주시,0,1,0,0,0,2,0,127.5284,36.5642,충북청주시,0,2,0,0,0,83,1,1
15086,2015-01-03,0,5,2,3,1,0,0,서울,서대문구,0,1,2,0,0,0,0,126.9631,37.5599,서울서대문구,1,0,0,1,0,195,1,1
15088,2015-01-03,0,5,1,1,0,0,0,충북,증평군,0,2,0,0,0,0,0,127.563,36.7863,충북증평군,0,0,0,1,0,138,1,1
15089,2015-01-03,1,5,2,2,0,0,0,인천,부평구,0,0,2,0,3,0,0,126.6945,37.471,인천부평구,0,0,0,1,0,44,1,1
15092,2015-01-03,1,5,1,1,0,0,0,경남,진주시,0,0,0,0,0,1,0,128.1544,35.1789,경남진주시,0,1,0,1,0,42,1,1
15094,2015-01-03,1,5,1,1,0,0,0,전남,무안군,0,1,0,0,0,0,0,126.4223,34.8734,전남무안군,0,0,0,1,0,101,1,1
15098,2015-01-03,0,5,1,1,0,0,0,충남,공주시,0,2,0,0,0,1,0,127.26,36.3727,충남공주시,0,1,0,1,0,19,1,1
15099,2015-01-03,0,5,1,1,0,0,0,전북,정읍시,0,4,0,0,0,1,0,126.8137,35.6519,전북정읍시,0,1,0,1,0,12,0,0
15100,2015-01-04,0,6,1,1,0,0,0,서울,관악구,0,0,0,0,0,2,0,126.9524,37.4801,서울관악구,0,2,0,1,0,188,1,1
15102,2015-01-04,0,6,1,1,0,0,0,인천,계양구,0,2,0,0,0,3,0,126.7221,37.5434,인천계양구,0,3,0,1,0,7,1,1
15109,2015-01-04,1,6,1,1,0,0,0,경기,성남시,0,1,0,1,2,2,0,127.1656,37.4391,경기성남시,0,2,0,1,0,95,1,1
15111,2015-01-04,0,6,1,1,0,0,0,인천,서구,0,0,0,0,0,0,0,126.6759,37.5248,인천서구,0,0,0,1,0,97,1,1
15112,2015-01-04,0,6,1,1,0,0,0,인천,계양구,0,0,0,1,1,1,0,126.7226,37.5326,인천계양구,0,1,0,1,0,7,1,1
15113,2015-01-04,0,6,1,1,0,0,0,전남,목포시,0,1,0,1,2,6,0,126.4,34.8143,전남목포시,0,6,0,1,0,153,1,1
15115,2015-01-04,0,6,1,1,0,0,0,경기,성남시,0,1,0,1,2,0,0,127.1106,37.3769,경기성남시,0,0,0,1,0,95,1,1
15116,2015-01-04,0,6,1,1,0,0,0,경기,평택시,0,2,0,0,0,0,0,127.0636,37.0782,경기평택시,0,0,0,1,0,14,1,1
15120,2015-01-05,1,0,1,1,0,0,0,전북,전주시,0,4,1,0,0,0,0,127.1392,35.8323,전북전주시,0,0,0,0,0,11,0,0
15121,2015-01-05,1,0,1,4,2,1,0,경남,창원시(통합),0,1,0,0,0,0,0,128.3617,35.1332,경남창원시(통합),1,0,0,0,0,86,1,1
15123,2015-01-05,1,0,1,2,1,0,0,강원,정선군,0,3,0,0,0,1,0,128.8939,37.2045,강원정선군,0,1,0,0,0,198,0,0
15125,2015-01-05,1,0,1,1,0,0,0,울산,울주군,0,0,1,1,2,0,0,129.2165,35.6387,울산울주군,0,0,0,0,0,17,1,0
15126,2015-01-05,0,0,1,1,0,0,0,대구,달성군,0,0,1,1,2,3,0,128.4932,35.8056,대구달성군,0,3,0,0,0,30,1,0
15127,2015-01-05,0,0,1,1,0,0,0,경기,고양시,0,0,0,0,3,2,0,126.8398,37.6207,경기고양시,0,2,0,0,0,40,1,1
15128,2015-01-05,0,0,1,1,0,0,0,서울,구로구,0,1,5,0,0,0,0,126.8451,37.4965,서울구로구,0,0,0,0,0,79,1,1
15132,2015-01-06,0,1,1,1,0,0,0,제주,제주시,0,0,0,0,0,0,0,126.4927,33.4818,제주제주시,0,0,0,0,0,90,1,1
15133,2015-01-06,0,1,1,1,0,0,0,서울,용산구,0,1,0,1,1,0,0,126.9778,37.5482,서울용산구,0,0,0,0,0,134,1,1
15140,2015-01-06,1,1,1,1,0,0,0,경기,광주시,0,0,0,0,0,0,0,127.2526,37.4108,경기광주시,0,0,0,0,0,9,1,1
15145,2015-01-06,0,1,1,1,0,0,0,경기,안산시,0,0,0,0,0,0,0,126.7604,37.3027,경기안산시,0,0,0,0,0,2,1,1
15146,2015-01-06,0,1,1,1,0,0,0,서울,영등포구,0,0,0,0,3,0,0,126.9086,37.4993,서울영등포구,0,0,0,0,0,150,1,1
15149,2015-01-07,1,2,1,1,0,0,0,충남,천안시,0,0,1,0,0,1,0,127.1231,36.8205,충남천안시,0,1,0,0,0,63,1,0
15150,2015-01-07,1,2,1,1,0,0,0,전남,광양시,0,0,0,1,1,0,0,127.6061,34.9651,전남광양시,0,0,0,0,0,130,1,1
15151,2015-01-07,1,2,1,1,0,0,0,대구,달성군,0,0,0,0,0,0,0,128.3989,35.7598,대구달성군,0,0,0,0,0,30,1,1
15152,2015-01-07,1,2,1,1,0,0,0,대전,동구,0,0,0,0,3,0,0,127.4299,36.3459,대전동구,0,0,0,0,0,80,1,1
15153,2015-01-07,1,2,1,1,0,0,0,전남,목포시,0,1,0,0,0,1,0,126.3737,34.808,전남목포시,0,1,0,0,0,153,1,1
15154,2015-01-07,1,2,1,1,0,0,0,전북,익산시,0,3,0,0,0,1,0,126.9284,35.9161,전북익산시,0,1,0,0,0,125,0,0
15157,2015-01-07,1,2,1,1,0,0,0,전북,전주시,0,2,0,0,0,2,0,127.1446,35.8245,전북전주시,0,2,0,0,0,11,1,1
15159,2015-01-07,0,2,1,1,0,0,0,서울,서초구,0,0,1,1,2,2,0,126.9825,37.4857,서울서초구,0,2,0,0,0,214,1,0
15163,2015-01-08,1,3,1,1,0,0,0,경기,성남시,0,0,0,1,2,2,0,127.166,37.4383,경기성남시,0,2,0,0,0,95,1,1
15166,2015-01-08,1,3,1,2,0,0,1,경기,안양시,0,0,0,1,1,0,0,126.9246,37.3937,경기안양시,0,0,0,0,0,151,1,1
15169,2015-01-08,0,3,1,1,0,0,0,강원,평창군,0,0,0,0,0,0,0,128.7014,37.6731,강원평창군,0,0,0,0,0,24,1,1
15170,2015-01-09,1,4,1,1,0,0,0,충북,청주시,0,1,0,0,0,1,0,127.4628,36.6433,충북청주시,0,1,0,0,0,83,1,1
15176,2015-01-09,0,4,1,1,0,0,0,서울,중구,0,0,0,1,1,0,0,126.9958,37.5642,서울중구,0,0,0,0,0,8,1,1
15177,2015-01-09,0,4,1,1,0,0,0,인천,계양구,0,0,0,0,0,0,0,126.7198,37.5437,인천계양구,0,0,0,0,0,7,1,1
15179,2015-01-10,0,5,1,1,0,0,0,충북,청주시,0,0,0,0,0,0,0,127.4675,36.6623,충북청주시,0,0,0,1,0,83,1,1
15181,2015-01-10,0,5,1,1,0,0,0,서울,송파구,0,0,0,1,1,0,0,127.1002,37.5134,서울송파구,0,0,0,1,0,156,1,1
15182,2015-01-10,0,5,1,1,0,0,0,서울,구로구,0,0,2,1,2,0,0,126.8777,37.5047,서울구로구,0,0,0,1,0,79,1,1
15184,2015-01-10,1,5,1,1,0,0,0,경북,의성군,0,0,0,1,1,1,0,128.6414,36.3223,경북의성군,0,1,0,1,0,105,1,1
15186,2015-01-10,0,5,1,1,0,0,0,광주,서구,0,2,0,0,0,0,0,126.9017,35.1547,광주서구,0,0,0,1,0,222,1,1
15187,2015-01-10,0,5,1,1,0,0,0,서울,성동구,0,0,0,0,0,0,0,127.0346,37.5408,서울성동구,0,0,0,1,0,84,1,1
15191,2015-01-11,0,6,1,1,0,0,0,경기,이천시,0,3,0,0,0,0,0,127.3844,37.3027,경기이천시,0,0,0,1,0,41,0,0
15192,2015-01-11,1,6,1,1,0,0,0,경남,고성군,0,0,0,1,1,2,0,128.4635,35.0498,경남고성군,0,2,0,1,0,87,1,1
15198,2015-01-11,0,6,1,1,0,0,0,울산,울주군,0,0,0,0,0,0,0,129.1774,35.4519,울산울주군,0,0,0,1,0,17,1,1
15199,2015-01-11,0,6,1,1,0,0,0,경기,안양시,0,2,0,0,0,2,0,126.9473,37.3885,경기안양시,0,2,0,1,0,151,1,1
15201,2015-01-12,0,0,1,1,0,0,0,울산,남구,0,0,0,0,0,2,0,129.269,35.5536,울산남구,0,2,0,0,0,213,1,1
15202,2015-01-12,1,0,1,5,0,3,1,인천,남동구,0,0,3,1,2,0,0,126.7075,37.4498,인천남동구,1,0,0,0,0,29,1,1
15204,2015-01-12,0,0,1,1,0,0,0,전남,순천시,0,1,2,1,2,0,0,127.4683,34.8861,전남순천시,0,0,0,0,0,27,1,1
15206,2015-01-12,0,0,1,1,0,0,0,충북,진천군,0,1,0,0,0,1,0,127.4452,36.9918,충북진천군,0,1,0,0,0,60,1,1
15207,2015-01-12,0,0,1,1,0,0,0,제주,서귀포시,0,0,0,0,0,0,0,126.8927,33.4441,제주서귀포시,0,0,0,0,0,62,1,1
15209,2015-01-12,0,0,1,1,0,0,0,경기,안양시,0,0,0,0,0,0,0,126.914,37.4167,경기안양시,0,0,0,0,0,151,1,1
15211,2015-01-13,0,1,1,1,0,0,0,경기,평택시,0,0,0,1,2,2,0,126.9145,36.9519,경기평택시,0,2,0,0,0,14,1,1
15219,2015-01-13,1,1,1,1,0,0,0,경기,군포시,0,0,0,0,0,2,0,126.9409,37.3764,경기군포시,0,2,0,0,0,126,1,1
15220,2015-01-13,0,1,1,1,0,0,0,전남,순천시,0,0,0,1,1,1,0,127.4596,35.0189,전남순천시,0,1,0,0,0,27,1,1
15227,2015-01-14,0,2,1,1,0,0,0,전남,여수시,0,2,0,0,0,0,0,127.6631,34.7854,전남여수시,0,0,0,0,0,102,1,1
15230,2015-01-14,1,2,1,1,0,0,0,부산,사상구,0,0,0,1,1,0,0,128.9768,35.1697,부산사상구,0,0,0,0,0,120,1,1
15231,2015-01-14,1,2,1,2,0,1,0,경기,용인시,0,0,0,0,0,0,0,127.1988,37.2332,경기용인시,0,0,0,0,0,51,1,1
15232,2015-01-14,1,2,1,1,0,0,0,대전,유성구,0,0,0,0,0,0,0,127.3306,36.3547,대전유성구,0,0,0,0,0,148,1,1
15235,2015-01-14,0,2,1,1,0,0,0,전남,광양시,0,0,1,0,3,0,0,127.6891,34.9338,전남광양시,0,0,0,0,0,130,1,0
15236,2015-01-14,0,2,1,1,0,0,0,강원,평창군,0,0,0,0,0,1,0,128.5484,37.6245,강원평창군,0,1,0,0,0,24,1,1
15237,2015-01-14,0,2,1,1,0,0,0,전남,여수시,0,0,0,0,0,0,0,127.6749,34.7552,전남여수시,0,0,0,0,0,102,1,1
15243,2015-01-15,0,3,1,2,0,1,0,경기,의정부시,0,1,0,0,0,0,0,127.0399,37.7654,경기의정부시,0,0,0,0,0,64,1,1
15246,2015-01-15,0,3,1,1,0,0,0,서울,서대문구,0,0,0,0,3,2,0,126.9254,37.5664,서울서대문구,0,2,0,0,0,195,1,1
15247,2015-01-15,0,3,1,2,0,1,0,대구,수성구,0,0,3,0,3,6,0,128.6168,35.8425,대구수성구,0,6,0,0,0,37,1,1
15248,2015-01-15,0,3,1,1,0,0,0,경기,화성시,0,1,0,0,0,0,0,126.8962,37.1654,경기화성시,0,0,0,0,0,50,1,1
15249,2015-01-15,0,3,2,2,0,0,0,광주,북구,0,0,2,0,0,0,0,126.8815,35.1752,광주북구,0,0,0,0,0,137,1,1
15250,2015-01-15,0,3,1,1,0,0,0,울산,울주군,0,2,2,0,0,0,0,129.2753,35.491,울산울주군,0,0,0,0,0,17,1,1
15256,2015-01-16,1,4,1,1,0,0,0,서울,영등포구,0,1,0,1,2,0,0,126.9189,37.5266,서울영등포구,0,0,0,0,0,150,1,1
15257,2015-01-16,1,4,1,1,0,0,0,광주,광산구,0,4,0,0,0,0,0,126.794,35.1421,광주광산구,0,0,0,0,0,135,0,0
15258,2015-01-16,1,4,1,1,0,0,0,경북,경주시,0,1,0,0,0,0,0,129.4991,35.8077,경북경주시,0,0,0,0,0,100,1,1
15259,2015-01-16,0,4,1,3,1,1,0,부산,영도구,0,1,4,0,3,0,0,129.0714,35.0723,부산영도구,0,0,0,0,0,173,1,1
15260,2015-01-16,0,4,1,1,0,0,0,경북,청송군,0,3,0,0,0,0,0,128.9538,36.2772,경북청송군,0,0,0,0,0,203,0,0
15263,2015-01-16,0,4,1,1,0,0,0,서울,영등포구,0,1,0,1,2,0,0,126.8992,37.5273,서울영등포구,0,0,0,0,0,150,1,1
15264,2015-01-17,0,5,1,1,0,0,0,서울,서초구,0,4,2,0,0,0,0,126.9988,37.4797,서울서초구,0,0,0,1,0,214,0,0
15265,2015-01-17,0,5,1,1,0,0,0,경북,문경시,0,2,0,0,0,0,0,128.1174,36.7175,경북문경시,0,0,0,1,0,74,1,1
15266,2015-01-17,0,5,1,1,0,0,0,경남,양산시,0,0,0,0,0,0,0,129.1445,35.3652,경남양산시,0,0,0,1,0,49,1,1
15268,2015-01-17,0,5,1,1,0,0,0,대구,북구,0,0,0,0,3,0,0,128.5476,35.9271,대구북구,0,0,0,1,0,112,1,1
15269,2015-01-17,0,5,1,1,0,0,0,경기,의정부시,0,1,0,0,3,1,0,127.0749,37.7354,경기의정부시,0,1,0,1,0,64,1,1
15270,2015-01-17,1,5,1,1,0,0,0,경기,수원시,0,0,0,1,1,0,0,126.9692,37.2741,경기수원시,0,0,0,1,0,99,1,1
15271,2015-01-17,1,5,1,1,0,0,0,대전,서구,0,1,0,1,2,0,0,127.3599,36.3589,대전서구,0,0,0,1,0,4,1,1
15272,2015-01-17,1,5,1,1,0,0,0,경북,안동시,0,1,0,0,0,1,0,128.703,36.6863,경북안동시,0,1,0,1,0,66,1,1
15273,2015-01-17,1,5,1,1,0,0,0,서울,구로구,0,2,0,0,0,2,0,126.8624,37.4965,서울구로구,0,2,0,1,0,79,1,1
15274,2015-01-17,1,5,1,1,0,0,0,서울,동대문구,0,1,1,1,1,1,0,127.0647,37.5945,서울동대문구,0,1,0,1,0,201,1,0
15275,2015-01-17,1,5,1,1,0,0,0,서울,금천구,0,0,0,0,0,1,0,126.8871,37.4565,서울금천구,0,1,0,1,0,109,1,1
15280,2015-01-18,0,6,1,1,0,0,0,전남,화순군,0,0,0,0,0,0,0,126.9571,34.9978,전남화순군,0,0,0,1,0,88,1,1
15281,2015-01-18,0,6,1,1,0,0,0,광주,서구,0,0,0,0,0,0,0,126.8484,35.1558,광주서구,0,0,0,1,0,222,1,1
15282,2015-01-18,0,6,1,1,0,0,0,제주,서귀포시,0,1,0,1,2,0,0,126.8446,33.3418,제주서귀포시,0,0,0,1,0,62,1,1
15284,2015-01-18,0,6,1,1,0,0,0,부산,동구,0,1,0,0,0,0,0,129.0558,35.1342,부산동구,0,0,0,1,0,209,1,1
15287,2015-01-18,0,6,1,1,0,0,0,경북,경주시,0,0,0,0,0,0,0,129.3342,35.6775,경북경주시,0,0,0,1,0,100,1,1
15288,2015-01-19,0,0,1,1,0,0,0,대구,서구,0,1,0,0,3,0,0,128.5554,35.8682,대구서구,0,0,0,0,0,107,1,1
15290,2015-01-19,1,0,1,1,0,0,0,전남,무안군,0,3,5,0,0,0,0,126.4432,34.9486,전남무안군,0,0,0,0,0,101,0,0
15291,2015-01-19,1,0,1,1,0,0,0,경남,사천시,0,4,3,0,0,0,0,128.1401,35.0538,경남사천시,0,0,0,0,0,57,0,0
15292,2015-01-19,1,0,1,1,0,0,0,인천,중구,0,0,3,1,2,0,0,126.629,37.4724,인천중구,0,0,0,0,0,72,1,1
15293,2015-01-19,1,0,1,1,0,0,0,서울,은평구,0,0,3,0,3,5,0,126.9205,37.6015,서울은평구,0,5,0,0,0,139,1,1
15295,2015-01-19,1,0,1,1,0,0,0,경기,안산시,0,2,0,0,0,1,0,126.8878,37.3005,경기안산시,0,1,0,0,0,2,1,1
15297,2015-01-19,0,0,1,1,0,0,0,충남,논산시,0,0,5,1,2,0,0,127.0958,36.2291,충남논산시,0,0,0,0,0,61,1,1
15299,2015-01-19,0,0,1,1,0,0,0,전남,무안군,0,3,0,0,0,0,0,126.3243,34.9624,전남무안군,0,0,0,0,0,101,0,0
15300,2015-01-19,0,0,1,1,0,0,0,경기,남양주시,0,4,4,0,0,0,0,127.2333,37.7536,경기남양주시,0,0,0,0,0,70,0,0
15301,2015-01-19,0,0,1,1,0,0,0,경기,남양주시,0,1,0,0,0,2,0,127.1572,37.6806,경기남양주시,0,2,0,0,0,70,1,1
15302,2015-01-19,0,0,1,1,0,0,0,서울,강북구,0,0,0,1,2,0,0,127.021,37.6195,서울강북구,0,0,0,0,0,200,1,1
15304,2015-01-20,0,1,1,1,0,0,0,서울,강동구,0,0,0,0,0,0,0,127.1427,37.5341,서울강동구,0,0,0,0,0,91,1,1
15306,2015-01-20,1,1,1,1,0,0,0,서울,금천구,0,0,0,0,3,1,0,126.9053,37.4582,서울금천구,0,1,0,0,0,109,1,1
15307,2015-01-20,1,1,1,1,0,0,0,광주,광산구,0,3,0,0,0,1,0,126.8153,35.1336,광주광산구,0,1,0,0,0,135,0,0
15309,2015-01-20,1,1,1,1,0,0,0,전남,강진군,0,3,0,0,0,6,0,126.8176,34.4496,전남강진군,0,6,0,0,0,121,0,0
15310,2015-01-20,1,1,1,1,0,0,0,전북,전주시,0,0,5,0,3,0,0,127.0971,35.8121,전북전주시,0,0,0,0,0,11,1,1
15315,2015-01-20,0,1,1,1,0,0,0,충남,아산시,0,0,1,0,3,0,0,127.0741,36.7527,충남아산시,0,0,0,0,0,53,1,0
15321,2015-01-21,1,2,1,1,0,0,0,경기,연천군,0,1,0,0,0,0,0,126.9197,37.9903,경기연천군,0,0,0,0,0,106,1,1
15322,2015-01-21,1,2,1,1,0,0,0,경남,창원시(통합),0,1,0,1,1,2,0,128.703,35.2058,경남창원시(통합),0,2,0,0,0,86,1,1
15323,2015-01-21,1,2,1,1,0,0,0,울산,울주군,0,0,0,0,0,0,0,129.1691,35.6566,울산울주군,0,0,0,0,0,17,1,1
15329,2015-01-21,0,2,1,1,0,0,0,충남,홍성군,0,0,0,0,0,1,0,126.5493,36.5249,충남홍성군,0,1,0,0,0,38,1,1
15332,2015-01-22,1,3,1,1,0,0,0,서울,강남구,0,0,0,0,0,0,0,127.1024,37.4868,서울강남구,0,0,0,0,0,89,1,1
15333,2015-01-22,1,3,1,1,0,0,0,경기,용인시,0,0,3,1,1,0,0,127.2445,37.324,경기용인시,0,0,0,0,0,51,1,1
15334,2015-01-22,1,3,1,1,0,0,0,전남,완도군,0,2,2,0,0,1,0,126.6899,34.3256,전남완도군,0,1,0,0,0,141,1,1
15338,2015-01-22,0,3,1,1,0,0,0,경기,평택시,0,0,0,0,0,0,0,127.0404,36.9727,경기평택시,0,0,0,0,0,14,1,1
15339,2015-01-22,0,3,1,1,0,0,0,대전,중구,0,0,0,0,0,0,0,127.4037,36.3251,대전중구,0,0,0,0,0,39,1,1
15340,2015-01-22,0,3,1,1,0,0,0,경기,동두천시,0,0,0,0,0,0,0,127.0511,37.9028,경기동두천시,0,0,0,0,0,94,1,1
15342,2015-01-22,0,3,1,1,0,0,0,강원,원주시,0,0,0,1,2,0,0,127.9538,37.3188,강원원주시,0,0,0,0,0,36,1,1
15343,2015-01-22,0,3,2,2,0,0,0,경기,광명시,0,0,0,0,0,4,0,126.8555,37.4817,경기광명시,0,4,0,0,0,81,1,1
15344,2015-01-22,0,3,1,1,0,0,0,경남,창원시(통합),0,0,0,0,0,0,0,128.5752,35.2005,경남창원시(통합),0,0,0,0,0,86,1,1
15346,2015-01-23,0,4,1,1,0,0,0,대전,중구,0,2,0,1,1,0,0,127.3985,36.3228,대전중구,0,0,0,0,0,39,1,1
15348,2015-01-23,1,4,1,1,0,0,0,대구,수성구,0,0,0,0,0,0,0,128.6578,35.8761,대구수성구,0,0,0,0,0,37,1,1
15352,2015-01-23,1,4,1,1,0,0,0,경기,의왕시,0,3,0,0,0,1,0,126.9521,37.3188,경기의왕시,0,1,0,0,0,199,0,0
15357,2015-01-24,0,5,1,1,0,0,0,경기,파주시,0,0,0,1,2,0,0,126.7108,37.7255,경기파주시,0,0,0,1,0,175,1,1
15359,2015-01-24,0,5,1,1,0,0,0,대전,서구,0,0,0,0,0,0,0,127.3945,36.3374,대전서구,0,0,0,1,0,4,1,1
15361,2015-01-24,1,5,1,1,0,0,0,대구,서구,0,0,1,1,2,1,0,128.548,35.8546,대구서구,0,1,0,1,0,107,1,0
15362,2015-01-24,1,5,1,1,0,0,0,대구,북구,0,1,0,1,2,0,0,128.6,35.8967,대구북구,0,0,0,1,0,112,1,1
15363,2015-01-24,0,5,1,1,0,0,0,경북,경산시,0,1,3,1,1,5,0,128.8043,35.876,경북경산시,0,5,0,1,0,52,1,1
15365,2015-01-25,0,6,1,1,0,0,0,경북,경주시,0,1,0,0,0,0,0,129.3312,35.688,경북경주시,0,0,0,1,0,100,1,1
15366,2015-01-25,0,6,1,2,1,0,0,부산,남구,0,0,2,0,3,4,0,129.0957,35.1357,부산남구,0,4,0,1,0,180,1,1
15368,2015-01-25,0,6,1,1,0,0,0,울산,북구,0,0,0,0,0,0,0,129.3592,35.5855,울산북구,0,0,0,1,0,158,1,1
15370,2015-01-25,1,6,1,1,0,0,0,전남,해남군,0,0,0,1,1,2,0,126.5991,34.5648,전남해남군,0,2,0,1,0,119,1,1