index,발생년월일,주야,요일,사망자수,사상자수,중상자수,경상자수,부상신고자수,발생지시도,발생지시군구,사고유형_대분류,사고유형_중분류,법규위반,도로형태_대분류,도로형태,당사자종별_1당_대분류,당사자종별_2당_대분류,경도,위도,발생지,사고피해정도,사고차량타입,도시여부,주말/공휴일,인구수,발생지번호,보행자의위치,무단횡단여부
15372,2015-01-25,0,6,1,3,2,0,0,경기,수원시,0,0,0,0,0,0,0,127.0105,37.2871,경기수원시,1,0,0,1,0,99,1,1
15373,2015-01-25,0,6,1,1,0,0,0,강원,영월군,0,3,0,0,0,0,0,128.4185,37.212,강원영월군,0,0,0,1,0,114,0,0
15374,2015-01-25,0,6,1,1,0,0,0,전남,영암군,0,1,0,0,0,0,0,126.4608,34.75,전남영암군,0,0,0,1,0,16,1,1
15377,2015-01-25,0,6,1,1,0,0,0,충남,부여군,0,2,0,0,0,0,0,126.8874,36.254,충남부여군,0,0,0,1,0,129,1,1
15378,2015-01-26,0,0,1,1,0,0,0,경남,창원시(통합),0,3,0,0,0,0,0,128.4867,35.2376,경남창원시(통합),0,0,0,0,0,86,0,0
15379,2015-01-26,1,0,1,1,0,0,0,경북,포항시,0,1,0,1,1,1,0,129.3477,36.1103,경북포항시,0,1,0,0,0,160,1,1
15380,2015-01-26,1,0,1,1,0,0,0,충북,충주시,0,0,2,0,0,0,0,127.8892,36.9612,충북충주시,0,0,0,0,0,6,1,1
15383,2015-01-26,0,0,1,1,0,0,0,경북,경산시,0,0,0,1,2,0,0,128.8256,35.8148,경북경산시,0,0,0,0,0,52,1,1
15384,2015-01-26,0,0,1,1,0,0,0,경남,창원시(통합),0,4,1,0,3,2,0,128.8065,35.104,경남창원시(통합),0,2,0,0,0,86,0,0
15385,2015-01-26,0,0,1,1,0,0,0,대구,달서구,0,1,0,0,0,0,0,128.5049,35.8523,대구달서구,0,0,0,0,0,20,1,1
15387,2015-01-26,0,0,1,1,0,0,0,경북,포항시,0,0,0,1,1,0,0,129.4098,35.976,경북포항시,0,0,0,0,0,160,1,1
15390,2015-01-27,1,1,1,1,0,0,0,전북,전주시,0,0,0,0,0,0,0,127.0734,35.8714,전북전주시,0,0,0,0,0,11,1,1
15392,2015-01-27,0,1,1,1,0,0,0,전남,순천시,0,1,0,1,1,0,0,127.4823,34.974,전남순천시,0,0,0,0,0,27,1,1
15393,2015-01-27,0,1,1,1,0,0,0,경남,진주시,0,3,0,0,0,0,0,128.2529,35.1894,경남진주시,0,0,0,0,0,42,0,0
15395,2015-01-27,0,1,1,1,0,0,0,충남,천안시,0,1,0,0,0,2,0,127.1952,36.867,충남천안시,0,2,0,0,0,63,1,1
15396,2015-01-27,0,1,1,1,0,0,0,경남,진주시,0,0,0,1,2,0,0,128.0621,35.1713,경남진주시,0,0,0,0,0,42,1,1
15397,2015-01-28,0,2,1,1,0,0,0,충남,보령시,0,0,0,1,2,0,0,126.6015,36.3461,충남보령시,0,0,0,0,0,136,1,1
15398,2015-01-28,1,2,1,1,0,0,0,울산,울주군,0,0,0,1,2,0,0,129.1916,35.7013,울산울주군,0,0,0,0,0,17,1,1
15399,2015-01-28,1,2,1,1,0,0,0,서울,성북구,0,2,0,0,0,0,0,127.0579,37.6157,서울성북구,0,0,0,0,0,167,1,1
15400,2015-01-28,1,2,1,1,0,0,0,서울,성북구,0,0,0,0,0,2,0,127.0569,37.6165,서울성북구,0,2,0,0,0,167,1,1
15404,2015-01-28,0,2,1,1,0,0,0,경기,화성시,0,2,0,0,0,2,0,126.8306,37.079,경기화성시,0,2,0,0,0,50,1,1
15411,2015-01-29,1,3,1,2,0,0,1,전남,함평군,0,2,5,0,0,1,0,126.6051,35.1345,전남함평군,0,1,0,0,0,157,1,1
15414,2015-01-29,0,3,1,1,0,0,0,제주,제주시,0,1,1,0,3,0,0,126.5267,33.5165,제주제주시,0,0,0,0,0,90,1,0
15417,2015-01-29,0,3,1,1,0,0,0,경기,부천시,0,0,1,1,1,2,0,126.7633,37.5151,경기부천시,0,2,0,0,0,65,1,0
15418,2015-01-29,0,3,1,1,0,0,0,경기,수원시,0,0,0,1,1,2,0,127.0577,37.2488,경기수원시,0,2,0,0,0,99,1,1
15420,2015-01-30,0,4,1,1,0,0,0,대전,유성구,0,0,2,1,1,0,0,127.3419,36.3552,대전유성구,0,0,0,0,0,148,1,1
15421,2015-01-30,0,4,1,1,0,0,0,부산,중구,0,0,0,0,3,0,0,129.0316,35.1028,부산중구,0,0,0,0,0,228,1,1
15422,2015-01-30,0,4,1,2,1,0,0,경기,광명시,0,1,0,0,0,0,0,126.8619,37.4358,경기광명시,0,0,0,0,0,81,1,1
15423,2015-01-30,1,4,1,1,0,0,0,경남,창원시(통합),0,0,0,0,0,0,0,128.6646,35.2091,경남창원시(통합),0,0,0,0,0,86,1,1
15424,2015-01-30,1,4,1,1,0,0,0,경기,남양주시,0,1,0,1,2,0,0,127.2041,37.7454,경기남양주시,0,0,0,0,0,70,1,1
15428,2015-01-30,0,4,1,1,0,0,0,대전,동구,0,0,1,0,3,2,0,127.4285,36.3345,대전동구,0,2,0,0,0,80,1,0
15432,2015-01-31,1,5,1,1,0,0,0,부산,사하구,0,1,0,0,0,2,0,128.9752,35.0485,부산사하구,0,2,0,1,0,25,1,1
15436,2015-01-31,0,5,1,1,0,0,0,대구,달성군,0,0,0,0,0,0,0,128.4273,35.7317,대구달성군,0,0,0,1,0,30,1,1
15438,2015-01-31,0,5,1,1,0,0,0,서울,금천구,0,0,0,0,0,0,0,126.9034,37.4747,서울금천구,0,0,0,1,0,109,1,1
15441,2015-02-01,0,6,1,1,0,0,0,전북,익산시,0,0,0,0,0,0,0,126.9668,35.9459,전북익산시,0,0,0,1,0,125,1,1
15442,2015-02-01,1,6,1,1,0,0,0,서울,노원구,0,0,0,1,1,0,0,127.0712,37.6376,서울노원구,0,0,0,1,0,18,1,1
15443,2015-02-01,1,6,1,1,0,0,0,서울,동대문구,0,1,0,0,0,0,0,127.0407,37.5813,서울동대문구,0,0,0,1,0,201,1,1
15445,2015-02-01,0,6,1,1,0,0,0,충남,보령시,0,0,0,1,2,0,0,126.6072,36.3567,충남보령시,0,0,0,1,0,136,1,1
15446,2015-02-01,0,6,1,2,0,1,0,인천,남동구,0,0,0,0,0,1,0,126.7256,37.4488,인천남동구,0,1,0,1,0,29,1,1
15447,2015-02-01,0,6,1,1,0,0,0,충남,천안시,0,0,0,0,0,0,0,127.1326,36.8063,충남천안시,0,0,0,1,0,63,1,1
15448,2015-02-02,0,0,1,1,0,0,0,울산,울주군,0,3,0,0,0,2,0,129.2858,35.4495,울산울주군,0,2,0,0,0,17,0,0
15449,2015-02-02,1,0,1,1,0,0,0,충남,보령시,0,0,0,1,1,0,0,126.5181,36.375,충남보령시,0,0,0,0,0,136,1,1
15451,2015-02-02,0,0,1,1,0,0,0,충남,서천군,0,1,1,0,3,0,0,126.7063,36.0078,충남서천군,0,0,0,0,0,10,1,0
15452,2015-02-02,0,0,1,1,0,0,0,전북,전주시,0,0,0,1,1,0,0,127.1382,35.8329,전북전주시,0,0,0,0,0,11,1,1
15462,2015-02-03,1,1,1,2,0,1,0,강원,강릉시,0,1,0,1,1,0,0,128.8917,37.7553,강원강릉시,0,0,0,0,0,194,1,1
15464,2015-02-03,0,1,1,1,0,0,0,경기,안산시,0,4,4,1,2,7,0,126.8123,37.342,경기안산시,0,7,0,0,0,2,0,0
15466,2015-02-04,1,2,1,1,0,0,0,전남,목포시,0,1,0,0,0,0,0,126.3831,34.8165,전남목포시,0,0,0,0,0,153,1,1
15467,2015-02-04,1,2,1,1,0,0,0,경북,포항시,0,1,0,0,3,2,0,129.3589,36.0506,경북포항시,0,2,0,0,0,160,1,1
15468,2015-02-04,1,2,1,1,0,0,0,충남,서산시,0,0,1,1,1,5,0,126.44,36.8777,충남서산시,0,5,0,0,0,69,1,0
15471,2015-02-04,1,2,1,1,0,0,0,경기,부천시,0,3,0,0,0,7,0,126.761,37.5338,경기부천시,0,7,0,0,0,65,0,0
15472,2015-02-04,1,2,1,1,0,0,0,인천,남구,0,0,3,0,0,2,0,126.6552,37.4554,인천남동구,0,2,0,0,0,29,1,1
15473,2015-02-04,1,2,1,1,0,0,0,서울,관악구,0,0,0,0,0,0,0,126.9303,37.4883,서울관악구,0,0,0,0,0,188,1,1
15476,2015-02-04,0,2,1,1,0,0,0,대전,동구,0,0,0,0,0,0,0,127.4627,36.2918,대전동구,0,0,0,0,0,80,1,1
15477,2015-02-04,0,2,1,1,0,0,0,경기,안성시,0,1,0,1,1,1,0,127.2983,37.0613,경기안성시,0,1,0,0,0,23,1,1
15479,2015-02-05,1,3,1,1,0,0,0,서울,송파구,0,1,1,1,1,0,0,127.1145,37.5299,서울송파구,0,0,0,0,0,156,1,0
15480,2015-02-05,1,3,1,1,0,0,0,경기,용인시,0,2,0,1,1,3,0,127.1374,37.2659,경기용인시,0,3,0,0,0,51,1,1
15483,2015-02-05,0,3,1,1,0,0,0,서울,강남구,0,0,0,0,3,0,0,127.0185,37.52,서울강남구,0,0,0,0,0,89,1,1
15484,2015-02-05,0,3,1,1,0,0,0,경기,고양시,0,1,0,0,0,0,0,126.9113,37.7323,경기고양시,0,0,0,0,0,40,1,1
15486,2015-02-06,1,4,1,1,0,0,0,경북,경산시,0,3,0,0,0,0,0,128.753,35.8232,경북경산시,0,0,0,0,0,52,0,0
15487,2015-02-06,1,4,1,1,0,0,0,경기,하남시,0,0,0,0,0,1,0,127.2062,37.5404,경기하남시,0,1,0,0,0,67,1,1
15494,2015-02-06,0,4,2,2,0,0,0,울산,중구,0,2,0,0,0,4,0,129.3257,35.5563,울산중구,0,4,0,0,0,205,1,1
15495,2015-02-06,0,4,1,1,0,0,0,경북,경산시,0,1,0,0,0,2,0,128.7581,35.8399,경북경산시,0,2,0,0,0,52,1,1
15499,2015-02-07,1,5,1,1,0,0,0,충남,천안시,0,0,0,1,2,0,0,127.1667,36.7663,충남천안시,0,0,0,1,0,63,1,1
15503,2015-02-07,1,5,1,1,0,0,0,대전,서구,0,0,0,0,0,1,0,127.3971,36.3412,대전서구,0,1,0,1,0,4,1,1
15504,2015-02-07,1,5,1,1,0,0,0,서울,종로구,0,3,0,0,0,0,0,126.9984,37.586,서울종로구,0,0,0,1,0,116,0,0
15506,2015-02-07,0,5,1,1,0,0,0,경남,창녕군,0,2,0,0,0,1,0,128.4632,35.5554,경남창녕군,0,1,0,1,0,211,1,1
15507,2015-02-07,0,5,1,1,0,0,0,강원,양양군,0,3,0,0,0,0,0,128.634,38.1095,강원양양군,0,0,0,1,0,164,0,0
15509,2015-02-07,0,5,1,2,1,0,0,부산,동구,0,1,2,0,0,0,0,129.0472,35.1207,부산동구,0,0,0,1,0,209,1,1
15516,2015-02-08,1,6,1,1,0,0,0,울산,동구,0,4,0,0,0,2,0,129.4246,35.5096,울산동구,0,2,0,1,0,225,0,0
15523,2015-02-09,1,0,1,1,0,0,0,서울,은평구,0,0,0,1,1,0,0,126.9124,37.5867,서울은평구,0,0,0,0,0,139,1,1
15526,2015-02-09,1,0,1,1,0,0,0,충남,서천군,0,1,1,0,3,0,0,126.5715,36.155,충남서천군,0,0,0,0,0,10,1,0
15527,2015-02-09,1,0,1,1,0,0,0,부산,연제구,0,0,0,1,2,0,0,129.0836,35.1815,부산연제구,0,0,0,0,0,221,1,1
15532,2015-02-09,0,0,1,2,1,0,0,제주,서귀포시,0,0,1,0,3,1,0,126.5818,33.2563,제주서귀포시,0,1,0,0,0,62,1,0
15535,2015-02-10,0,1,1,1,0,0,0,서울,구로구,0,0,0,0,0,1,0,126.8563,37.4869,서울구로구,0,1,0,0,0,79,1,1
15537,2015-02-10,1,1,1,1,0,0,0,경기,부천시,0,0,0,1,2,0,0,126.7823,37.5267,경기부천시,0,0,0,0,0,65,1,1
15538,2015-02-10,1,1,1,1,0,0,0,충남,천안시,0,0,3,0,0,1,0,127.116,36.8152,충남천안시,0,1,0,0,0,63,1,1
15539,2015-02-10,1,1,1,1,0,0,0,전북,부안군,0,0,0,1,2,1,0,126.7347,35.7231,전북부안군,0,1,0,0,0,185,1,1
15545,2015-02-10,0,1,1,1,0,0,0,경북,구미시,0,1,1,0,0,0,0,128.3003,36.1446,경북구미시,0,0,0,0,0,144,1,0
15546,2015-02-10,0,1,1,1,0,0,0,제주,제주시,0,1,0,0,0,0,0,126.4067,33.484,제주제주시,0,0,0,0,0,90,1,1
15548,2015-02-11,0,2,1,1,0,0,0,경기,수원시,0,1,0,0,0,0,0,127.004,37.28,경기수원시,0,0,0,0,0,99,1,1
15550,2015-02-11,0,2,1,1,0,0,0,인천,연수구,0,1,0,0,0,2,0,126.6685,37.4231,인천연수구,0,2,0,0,0,35,1,1
15551,2015-02-11,0,2,1,1,0,0,0,경북,경주시,0,1,0,0,0,1,0,129.2466,35.9623,경북경주시,0,1,0,0,0,100,1,1
15557,2015-02-11,1,2,1,1,0,0,0,부산,영도구,0,1,0,0,0,0,0,129.0703,35.0794,부산영도구,0,0,0,0,0,173,1,1
15559,2015-02-11,0,2,1,1,0,0,0,서울,강북구,0,2,0,0,0,0,0,127.025,37.6294,서울강북구,0,0,0,0,0,200,1,1
15560,2015-02-11,0,2,1,1,0,0,0,강원,춘천시,0,0,0,1,2,0,0,127.7027,37.8212,강원춘천시,0,0,0,0,0,111,1,1
15561,2015-02-11,0,2,1,2,0,1,0,대구,동구,0,1,0,0,0,0,0,128.6365,35.8804,대구동구,0,0,0,0,0,26,1,1
15562,2015-02-12,0,3,1,1,0,0,0,경기,고양시,0,1,0,0,3,0,0,126.7516,37.6745,경기고양시,0,0,0,0,0,40,1,1
15563,2015-02-12,0,3,1,1,0,0,0,전남,목포시,0,1,0,0,0,0,0,126.3883,34.8095,전남목포시,0,0,0,0,0,153,1,1
15565,2015-02-12,0,3,1,1,0,0,0,대전,대덕구,0,0,3,0,3,1,0,127.4195,36.4486,대전대덕구,0,1,0,0,0,77,1,1
15567,2015-02-12,1,3,1,1,0,0,0,경기,성남시,0,0,3,1,2,1,0,127.1332,37.4377,경기성남시,0,1,0,0,0,95,1,1
15570,2015-02-12,0,3,1,1,0,0,0,전남,강진군,0,1,0,0,0,0,0,126.7429,34.6142,전남강진군,0,0,0,0,0,121,1,1
15572,2015-02-13,0,4,1,1,0,0,0,부산,해운대구,0,0,0,1,2,0,0,129.2011,35.184,부산해운대구,0,0,0,0,0,1,1,1
15574,2015-02-13,0,4,1,1,0,0,0,전남,광양시,0,2,0,0,0,0,0,127.6652,34.9591,전남광양시,0,0,0,0,0,130,1,1
15584,2015-02-13,0,4,1,2,0,1,0,서울,동대문구,0,0,0,1,1,4,0,127.0533,37.5744,서울동대문구,0,4,0,0,0,201,1,1
15585,2015-02-13,0,4,1,1,0,0,0,광주,북구,0,0,0,0,0,0,0,126.9093,35.1823,광주북구,0,0,0,0,0,137,1,1
15586,2015-02-14,0,5,1,1,0,0,0,대전,유성구,0,0,0,0,0,0,0,127.3068,36.4029,대전유성구,0,0,0,1,0,148,1,1
15587,2015-02-14,0,5,1,1,0,0,0,경남,함양군,0,2,0,0,0,1,0,127.7932,35.4719,경남함양군,0,1,0,1,0,108,1,1
15593,2015-02-15,0,6,1,2,1,0,0,서울,도봉구,0,0,0,0,3,4,0,127.0346,37.6484,서울도봉구,0,4,0,1,0,98,1,1
15595,2015-02-15,1,6,1,1,0,0,0,전남,구례군,0,0,0,0,0,0,0,127.5056,35.203,전남구례군,0,0,0,1,0,161,1,1
15602,2015-02-15,0,6,1,1,0,0,0,경기,부천시,0,0,0,1,2,1,0,126.7534,37.5057,경기부천시,0,1,0,1,0,65,1,1
15606,2015-02-16,0,0,1,1,0,0,0,부산,남구,0,0,3,0,0,0,0,129.092,35.1338,부산남구,0,0,0,0,0,180,1,1
15608,2015-02-16,0,0,1,1,0,0,0,경기,하남시,0,0,0,0,3,0,0,127.1945,37.5468,경기하남시,0,0,0,0,0,67,1,1
15610,2015-02-16,0,0,1,1,0,0,0,충남,보령시,0,1,0,0,0,0,0,126.5851,36.259,충남보령시,0,0,0,0,0,136,1,1
15612,2015-02-17,0,1,1,2,1,0,0,강원,속초시,0,1,0,0,0,0,0,128.5706,38.2001,강원속초시,0,0,0,0,0,104,1,1
15615,2015-02-17,1,1,1,1,0,0,0,경북,안동시,0,0,1,1,1,0,0,128.7299,36.5645,경북안동시,0,0,0,0,0,66,1,0
15616,2015-02-17,1,1,1,1,0,0,0,경북,포항시,0,1,3,0,3,2,0,129.3647,36.0313,경북포항시,0,2,0,0,0,160,1,1
15621,2015-02-17,0,1,1,1,0,0,0,경북,구미시,0,1,0,0,3,0,0,128.3536,36.1626,경북구미시,0,0,0,0,0,144,1,1
15622,2015-02-17,0,1,1,1,0,0,0,경기,부천시,0,1,4,0,0,2,0,126.7857,37.4972,경기부천시,0,2,0,0,0,65,1,1
15625,2015-02-18,1,2,1,1,0,0,0,서울,영등포구,0,0,1,1,1,1,0,126.8854,37.5217,서울영등포구,0,1,0,1,0,150,1,0
15629,2015-02-18,0,2,1,1,0,0,0,인천,부평구,0,0,0,1,2,2,0,126.7224,37.4981,인천부평구,0,2,0,1,0,44,1,1
15630,2015-02-18,0,2,1,1,0,0,0,서울,영등포구,0,0,0,0,0,0,0,126.9094,37.5059,서울영등포구,0,0,0,1,0,150,1,1
15631,2015-02-18,0,2,1,1,0,0,0,충남,태안군,0,3,0,0,0,0,0,126.2874,36.7263,충남태안군,0,0,0,1,0,169,0,0
15632,2015-02-18,0,2,1,1,0,0,0,충남,부여군,0,0,0,0,0,2,0,126.841,36.2599,충남부여군,0,2,0,1,0,129,1,1
15642,2015-02-19,0,3,1,1,0,0,0,전남,무안군,0,1,0,1,1,1,0,126.4288,34.9129,전남무안군,0,1,0,1,0,101,1,1
15646,2015-02-20,0,4,1,1,0,0,0,강원,강릉시,0,2,0,0,0,0,0,128.8118,37.9142,강원강릉시,0,0,0,1,0,194,1,1
15647,2015-02-20,1,4,1,1,0,0,0,전북,군산시,0,1,0,0,0,1,0,126.6828,35.9713,전북군산시,0,1,0,1,0,166,1,1
15648,2015-02-20,1,4,1,1,0,0,0,인천,서구,0,4,0,0,0,0,0,126.6825,37.5113,인천서구,0,0,0,1,0,97,0,0
15649,2015-02-20,0,4,1,1,0,0,0,제주,서귀포시,0,0,0,1,1,0,0,126.701,33.2813,제주서귀포시,0,0,0,1,0,62,1,1
15653,2015-02-21,1,5,1,1,0,0,0,서울,서대문구,0,0,0,0,0,2,0,126.9656,37.5669,서울서대문구,0,2,0,1,0,195,1,1
15657,2015-02-21,0,5,1,1,0,0,0,경북,군위군,0,0,3,1,1,0,0,128.7096,36.1725,경북군위군,0,0,0,1,0,170,1,1
15658,2015-02-21,0,5,1,1,0,0,0,제주,제주시,0,0,0,0,0,0,0,126.5456,33.4717,제주제주시,0,0,0,1,0,90,1,1
15660,2015-02-21,0,5,1,1,0,0,0,부산,해운대구,0,0,2,1,1,0,0,129.1301,35.1765,부산해운대구,0,0,0,1,0,1,1,1
15661,2015-02-21,0,5,1,1,0,0,0,전남,나주시,0,2,0,0,0,0,0,126.8545,35.0664,전남나주시,0,0,0,1,0,33,1,1
15663,2015-02-22,1,6,1,1,0,0,0,경기,김포시,0,0,1,1,2,2,0,126.706,37.6288,경기김포시,0,2,0,1,0,47,1,0
15664,2015-02-22,1,6,1,1,0,0,0,전북,전주시,0,0,1,1,2,0,0,127.1168,35.8057,전북전주시,0,0,0,1,0,11,1,0
15671,2015-02-23,1,0,1,1,0,0,0,경기,안양시,0,0,0,1,1,0,0,126.9676,37.3753,경기안양시,0,0,0,0,0,151,1,1
15672,2015-02-23,1,0,1,1,0,0,0,대구,달서구,0,1,0,1,1,1,0,128.4999,35.8573,대구달서구,0,1,0,0,0,20,1,1
15673,2015-02-23,1,0,1,1,0,0,0,부산,수영구,0,0,0,1,1,1,0,129.1196,35.1608,부산수영구,0,1,0,0,0,45,1,1
15674,2015-02-23,0,0,1,1,0,0,0,서울,은평구,0,0,0,0,0,0,0,126.9129,37.5882,서울은평구,0,0,0,0,0,139,1,1
15676,2015-02-23,0,0,1,1,0,0,0,인천,남구,0,0,0,1,2,0,0,126.6731,37.4517,인천남동구,0,0,0,0,0,29,1,1
15677,2015-02-24,0,1,1,2,1,0,0,제주,제주시,0,0,2,0,3,0,0,126.494,33.496,제주제주시,0,0,0,0,0,90,1,1
15679,2015-02-24,1,1,1,1,0,0,0,경기,평택시,0,1,0,2,4,0,0,127.0414,36.9635,경기평택시,0,0,0,0,0,14,1,1
15680,2015-02-24,1,1,1,1,0,0,0,강원,춘천시,0,3,3,0,3,1,0,127.7407,37.8788,강원춘천시,0,1,0,0,0,111,0,0
15681,2015-02-24,1,1,1,1,0,0,0,대구,동구,0,0,0,0,0,0,0,128.6314,35.8856,대구동구,0,0,0,0,0,26,1,1
15682,2015-02-24,0,1,1,1,0,0,0,서울,성북구,0,2,0,0,0,0,0,127.0499,37.6165,서울성북구,0,0,0,0,0,167,1,1
15683,2015-02-24,0,1,1,1,0,0,0,경남,함안군,0,0,0,0,0,0,0,128.5096,35.3206,경남함안군,0,0,0,0,0,117,1,1
15690,2015-02-25,0,2,1,1,0,0,0,경기,용인시,0,0,1,1,2,0,0,127.1982,37.1419,경기용인시,0,0,0,0,0,51,1,0
15691,2015-02-25,0,2,1,1,0,0,0,강원,강릉시,0,0,0,1,2,0,0,128.8554,37.814,강원강릉시,0,0,0,0,0,194,1,1
15692,2015-02-25,0,2,1,2,1,0,0,충남,아산시,0,0,0,1,1,0,0,126.9891,36.7035,충남아산시,0,0,0,0,0,53,1,1
15698,2015-02-26,1,3,1,1,0,0,0,경남,김해시,0,2,0,1,2,0,0,128.8158,35.1987,경남김해시,0,0,0,0,0,13,1,1
15700,2015-02-26,1,3,1,1,0,0,0,경남,김해시,0,3,0,1,2,1,0,128.8731,35.2245,경남김해시,0,1,0,0,0,13,0,0
15705,2015-02-26,0,3,1,1,0,0,0,서울,구로구,0,1,0,1,1,4,0,126.8924,37.4814,서울구로구,0,4,0,0,0,79,1,1
15706,2015-02-26,0,3,1,1,0,0,0,경남,사천시,0,3,0,0,0,0,0,128.1019,35.0751,경남사천시,0,0,0,0,0,57,0,0
15714,2015-02-27,0,4,1,1,0,0,0,전남,여수시,0,2,0,1,1,1,0,127.7027,34.7551,전남여수시,0,1,0,0,0,102,1,1
15715,2015-02-27,0,4,1,1,0,0,0,전남,장흥군,0,2,0,0,0,0,0,126.9269,34.4506,전남장흥군,0,0,0,0,0,56,1,1
15717,2015-02-27,0,4,1,1,0,0,0,경남,양산시,0,1,0,0,0,0,0,129.1513,35.3718,경남양산시,0,0,0,0,0,49,1,1
15719,2015-02-28,1,5,1,1,0,0,0,서울,강북구,0,0,3,1,2,0,0,127.0124,37.625,서울강북구,0,0,0,1,0,200,1,1
15721,2015-02-28,0,5,1,1,0,0,0,경남,김해시,0,0,0,1,1,0,0,128.866,35.2447,경남김해시,0,0,0,1,0,13,1,1
15723,2015-03-01,0,6,1,1,0,0,0,경남,창녕군,0,2,0,0,0,1,0,128.4891,35.5313,경남창녕군,0,1,0,1,0,211,1,1
15725,2015-03-01,0,6,1,1,0,0,0,경북,경주시,0,1,0,0,0,0,0,129.2325,35.9611,경북경주시,0,0,0,1,0,100,1,1
15726,2015-03-01,1,6,1,1,0,0,0,충남,아산시,0,0,0,0,0,0,0,127.012,36.7864,충남아산시,0,0,0,1,0,53,1,1
15729,2015-03-01,0,6,1,1,0,0,0,대전,동구,0,0,0,1,1,0,0,127.4602,36.3174,대전동구,0,0,0,1,0,80,1,1
15731,2015-03-02,0,0,1,1,0,0,0,서울,용산구,0,0,2,0,3,0,0,126.9698,37.5491,서울용산구,0,0,0,0,0,134,1,1
15733,2015-03-02,0,0,1,1,0,0,0,충남,천안시,0,0,3,1,1,3,0,127.1272,36.8247,충남천안시,0,3,0,0,0,63,1,1
15734,2015-03-02,0,0,1,1,0,0,0,전북,군산시,0,2,0,1,1,0,0,126.6941,35.9604,전북군산시,0,0,0,0,0,166,1,1
15736,2015-03-02,1,0,1,1,0,0,0,충남,청양군,0,3,0,0,0,0,0,126.7279,36.4358,충남청양군,0,0,0,0,0,174,0,0
15738,2015-03-02,1,0,1,1,0,0,0,서울,송파구,0,0,1,1,1,0,0,127.1262,37.4993,서울송파구,0,0,0,0,0,156,1,0
15740,2015-03-02,1,0,1,1,0,0,0,경기,부천시,0,0,3,1,1,2,0,126.7651,37.4883,경기부천시,0,2,0,0,0,65,1,1
15743,2015-03-02,0,0,1,1,0,0,0,강원,양구군,0,1,0,0,0,1,0,127.9877,38.1075,강원양구군,0,1,0,0,0,115,1,1
15744,2015-03-02,0,0,1,1,0,0,0,전북,김제시,0,2,0,0,0,1,0,127.0446,35.7943,전북김제시,0,1,0,0,0,34,1,1
15745,2015-03-03,1,1,1,1,0,0,0,부산,부산진구,0,1,0,0,0,0,0,129.0759,35.1748,부산부산진구,0,0,0,0,0,163,1,1
15746,2015-03-03,1,1,1,1,0,0,0,경기,김포시,0,0,0,0,3,1,0,126.6148,37.6751,경기김포시,0,1,0,0,0,47,1,1
15748,2015-03-03,1,1,1,1,0,0,0,충남,공주시,0,0,0,0,0,1,0,127.1115,36.4767,충남공주시,0,1,0,0,0,19,1,1
15751,2015-03-03,1,1,1,2,1,0,0,경기,고양시,0,2,0,0,0,1,0,126.8058,37.6438,경기고양시,0,1,0,0,0,40,1,1
15752,2015-03-03,1,1,1,1,0,0,0,경기,안성시,0,2,0,1,2,2,0,127.2613,37.0834,경기안성시,0,2,0,0,0,23,1,1
15753,2015-03-03,0,1,1,2,1,0,0,전북,익산시,0,3,0,0,0,0,0,126.9546,35.9735,전북익산시,0,0,0,0,0,125,0,0
15754,2015-03-03,0,1,1,1,0,0,0,경남,진주시,0,3,0,0,0,0,0,128.1252,35.2224,경남진주시,0,0,0,0,0,42,0,0
15755,2015-03-03,0,1,1,1,0,0,0,충북,청주시,0,0,3,1,1,0,0,127.4545,36.5755,충북청주시,0,0,0,0,0,83,1,1
15756,2015-03-03,0,1,1,1,0,0,0,전북,군산시,0,1,0,1,1,2,0,126.7253,35.9814,전북군산시,0,2,0,0,0,166,1,1
15757,2015-03-03,0,1,1,1,0,0,0,강원,강릉시,0,0,0,1,1,0,0,128.9155,37.7547,강원강릉시,0,0,0,0,0,194,1,1
15759,2015-03-04,0,2,1,1,0,0,0,경남,창녕군,0,1,0,0,0,1,0,128.3999,35.5107,경남창녕군,0,1,0,0,0,211,1,1
15760,2015-03-04,0,2,1,1,0,0,0,제주,제주시,0,0,1,0,3,0,0,126.5386,33.5121,제주제주시,0,0,0,0,0,90,1,0
15762,2015-03-04,0,2,1,1,0,0,0,광주,북구,0,0,0,0,3,1,0,126.9336,35.1813,광주북구,0,1,0,0,0,137,1,1
15764,2015-03-04,1,2,1,1,0,0,0,경기,하남시,0,0,0,0,0,2,0,127.2042,37.5381,경기하남시,0,2,0,0,0,67,1,1
15767,2015-03-04,0,2,1,1,0,0,0,전북,전주시,0,3,0,0,0,0,0,127.1191,35.8339,전북전주시,0,0,0,0,0,11,0,0
15772,2015-03-05,1,3,1,1,0,0,0,경기,용인시,0,0,0,0,0,1,0,127.2409,37.3379,경기용인시,0,1,0,0,0,51,1,1
15775,2015-03-05,0,3,1,1,0,0,0,경기,안양시,0,0,0,0,0,0,0,126.931,37.3873,경기안양시,0,0,0,0,0,151,1,1
15776,2015-03-06,0,4,1,1,0,0,0,경기,의왕시,0,0,0,0,3,0,0,126.9781,37.3416,경기의왕시,0,0,0,0,0,199,1,1