index,발생년월일,주야,요일,사망자수,사상자수,중상자수,경상자수,부상신고자수,발생지시도,발생지시군구,사고유형_대분류,사고유형_중분류,법규위반,도로형태_대분류,도로형태,당사자종별_1당_대분류,당사자종별_2당_대분류,경도,위도,발생지,사고피해정도,사고차량타입,도시여부,주말/공휴일,인구수,발생지번호,보행자의위치,무단횡단여부
17290,2015-07-10,0,4,1,1,0,0,0,부산,강서구,0,1,2,1,1,0,0,128.903,35.119,부산강서구,0,0,0,0,0,206,1,1
17292,2015-07-10,0,4,1,1,0,0,0,전남,목포시,0,0,1,0,3,4,0,126.3855,34.7838,전남목포시,0,4,0,0,0,153,1,0
17297,2015-07-11,1,5,2,2,0,0,0,경북,울진군,0,1,0,0,0,3,0,129.4549,36.7517,경북울진군,0,3,0,1,0,208,1,1
17299,2015-07-11,0,5,1,1,0,0,0,충남,당진시,0,0,0,0,0,0,0,126.7823,36.9621,충남당진시,0,0,0,1,0,46,1,1
17300,2015-07-12,0,6,1,1,0,0,0,광주,서구,0,0,0,0,0,0,0,126.8808,35.1527,광주서구,0,0,0,1,0,222,1,1
17301,2015-07-12,0,6,1,1,0,0,0,경남,창원시(통합),0,0,0,0,0,0,0,128.5757,35.2294,경남창원시(통합),0,0,0,1,0,86,1,1
17303,2015-07-12,0,6,1,1,0,0,0,서울,성동구,0,0,0,0,0,0,0,127.0309,37.5637,서울성동구,0,0,0,1,0,84,1,1
17304,2015-07-12,0,6,1,1,0,0,0,경기,이천시,0,0,0,0,0,0,0,127.4468,37.237,경기이천시,0,0,0,1,0,41,1,1
17306,2015-07-13,1,0,1,1,0,0,0,경기,고양시,0,0,3,0,0,0,0,126.8357,37.6594,경기고양시,0,0,0,0,0,40,1,1
17308,2015-07-13,1,0,1,1,0,0,0,충남,보령시,0,0,2,0,3,0,0,126.5998,36.4611,충남보령시,0,0,0,0,0,136,1,1
17312,2015-07-13,1,0,1,1,0,0,0,경남,창원시(통합),0,0,1,0,3,1,0,128.5832,35.2097,경남창원시(통합),0,1,0,0,0,86,1,0
17315,2015-07-13,0,0,1,1,0,0,0,경북,경주시,0,1,0,0,0,0,0,129.0307,35.7581,경북경주시,0,0,0,0,0,100,1,1
17317,2015-07-13,0,0,1,1,0,0,0,서울,강동구,0,1,0,0,0,1,0,127.1734,37.548,서울강동구,0,1,0,0,0,91,1,1
17318,2015-07-13,0,0,1,1,0,0,0,대구,남구,0,0,0,0,0,0,0,128.5739,35.841,대구남구,0,0,0,0,0,145,1,1
17320,2015-07-14,0,1,1,1,0,0,0,경북,포항시,0,2,0,1,2,1,0,129.3491,36.1453,경북포항시,0,1,0,0,0,160,1,1
17322,2015-07-14,1,1,1,1,0,0,0,대구,북구,0,0,1,1,1,0,0,128.5427,35.9137,대구북구,0,0,0,0,0,112,1,0
17324,2015-07-14,0,1,1,1,0,0,0,경남,고성군,0,0,0,0,0,0,0,128.3446,34.9456,경남고성군,0,0,0,0,0,87,1,1
17328,2015-07-15,0,2,1,1,0,0,0,충북,청주시,0,0,0,1,2,0,0,127.4646,36.6352,충북청주시,0,0,0,0,0,83,1,1
17332,2015-07-15,1,2,1,1,0,0,0,충북,옥천군,0,1,0,1,1,1,0,127.5965,36.2821,충북옥천군,0,1,0,0,0,142,1,1
17333,2015-07-15,1,2,1,1,0,0,0,경남,진주시,0,0,1,0,3,0,0,128.1208,35.169,경남진주시,0,0,0,0,0,42,1,0
17339,2015-07-16,0,3,1,1,0,0,0,경기,파주시,0,1,0,1,2,0,0,126.737,37.7181,경기파주시,0,0,0,0,0,175,1,1
17340,2015-07-16,0,3,1,1,0,0,0,전남,목포시,0,0,0,0,0,2,0,126.4242,34.8056,전남목포시,0,2,0,0,0,153,1,1
17344,2015-07-16,1,3,1,1,0,0,0,경기,안양시,0,0,0,0,0,1,0,126.9151,37.3959,경기안양시,0,1,0,0,0,151,1,1
17348,2015-07-16,0,3,1,1,0,0,0,충북,청주시,0,0,0,0,3,0,0,127.4446,36.6338,충북청주시,0,0,0,0,0,83,1,1
17353,2015-07-17,1,4,1,1,0,0,0,전남,나주시,0,1,0,1,2,1,0,126.7374,34.977,전남나주시,0,1,0,0,0,33,1,1
17356,2015-07-17,1,4,1,1,0,0,0,경기,이천시,0,1,0,0,0,1,0,127.5468,37.0955,경기이천시,0,1,0,0,0,41,1,1
17359,2015-07-17,0,4,2,2,0,0,0,울산,남구,0,1,2,0,0,0,0,129.3209,35.5281,울산남구,0,0,0,0,0,213,1,1
17362,2015-07-18,1,5,1,1,0,0,0,충남,계룡시,0,2,0,1,1,1,0,127.2785,36.2523,충남계룡시,0,1,0,1,0,223,1,1
17363,2015-07-18,1,5,1,1,0,0,0,경기,김포시,0,3,0,0,0,0,0,126.6285,37.7314,경기김포시,0,0,0,1,0,47,0,0
17366,2015-07-18,0,5,1,1,0,0,0,제주,제주시,0,1,1,1,1,0,0,126.4028,33.4829,제주제주시,0,0,0,1,0,90,1,0
17371,2015-07-19,0,6,1,1,0,0,0,경남,창원시(통합),0,1,0,0,0,0,0,128.5881,35.2344,경남창원시(통합),0,0,0,1,0,86,1,1
17373,2015-07-19,1,6,1,1,0,0,0,강원,강릉시,0,0,0,1,2,0,0,128.9298,37.7751,강원강릉시,0,0,0,1,0,194,1,1
17375,2015-07-19,0,6,1,1,0,0,0,경북,안동시,0,0,0,0,0,0,0,128.7361,36.5602,경북안동시,0,0,0,1,0,66,1,1
17378,2015-07-20,0,0,1,1,0,0,0,경북,칠곡군,0,1,0,0,0,0,0,128.3986,35.9824,경북칠곡군,0,0,0,0,0,21,1,1
17380,2015-07-20,1,0,1,1,0,0,0,전북,전주시,0,4,0,0,0,0,0,127.08,35.8656,전북전주시,0,0,0,0,0,11,0,0
17382,2015-07-20,1,0,1,1,0,0,0,충남,부여군,0,3,0,0,0,1,0,126.8869,36.2709,충남부여군,0,1,0,0,0,129,0,0
17385,2015-07-20,1,0,1,1,0,0,0,경기,성남시,0,1,0,0,0,1,0,127.1118,37.3689,경기성남시,0,1,0,0,0,95,1,1
17387,2015-07-20,0,0,1,1,0,0,0,서울,종로구,0,0,0,0,3,4,0,126.9894,37.5702,서울종로구,0,4,0,0,0,116,1,1
17388,2015-07-20,0,0,1,1,0,0,0,경기,고양시,0,1,1,0,3,2,0,126.7705,37.6843,경기고양시,0,2,0,0,0,40,1,0
17389,2015-07-20,0,0,1,1,0,0,0,전남,여수시,0,0,0,0,3,0,0,127.7243,34.7385,전남여수시,0,0,0,0,0,102,1,1
17392,2015-07-21,0,1,1,1,0,0,0,서울,영등포구,0,0,3,0,0,0,0,126.8966,37.5344,서울영등포구,0,0,0,0,0,150,1,1
17394,2015-07-21,1,1,1,1,0,0,0,전북,정읍시,0,2,0,0,0,3,0,126.838,35.5502,전북정읍시,0,3,0,0,0,12,1,1
17399,2015-07-21,0,1,1,1,0,0,0,경북,영천시,0,0,0,0,0,1,0,128.8028,36.0291,경북영천시,0,1,0,0,0,5,1,1
17403,2015-07-22,0,2,1,3,2,0,0,경기,시흥시,0,0,0,1,1,0,0,126.7486,37.3395,경기시흥시,1,0,0,0,0,73,1,1
17404,2015-07-22,0,2,1,1,0,0,0,대구,달서구,0,1,0,0,0,0,0,128.4921,35.8592,대구달서구,0,0,0,0,0,20,1,1
17414,2015-07-22,0,2,1,1,0,0,0,경기,안양시,0,0,0,1,1,2,0,126.951,37.3909,경기안양시,0,2,0,0,0,151,1,1
17415,2015-07-23,0,3,1,1,0,0,0,인천,서구,0,2,0,0,0,1,0,126.6789,37.5521,인천서구,0,1,0,0,0,97,1,1
17418,2015-07-23,1,3,1,1,0,0,0,강원,태백시,0,0,0,0,0,0,0,128.9677,37.1825,강원태백시,0,0,0,0,0,215,1,1
17422,2015-07-23,1,3,1,1,0,0,0,경북,문경시,0,1,0,0,0,0,0,128.1546,36.7509,경북문경시,0,0,0,0,0,74,1,1
17425,2015-07-23,0,3,1,1,0,0,0,경기,오산시,0,0,0,1,2,0,0,127.0712,37.1295,경기오산시,0,0,0,0,0,143,1,1
17426,2015-07-24,0,4,1,1,0,0,0,서울,용산구,0,1,0,0,0,0,0,127.0069,37.5319,서울용산구,0,0,0,0,0,134,1,1
17427,2015-07-24,0,4,1,1,0,0,0,충남,서산시,0,2,0,0,0,0,0,126.4224,36.9548,충남서산시,0,0,0,0,0,69,1,1
17428,2015-07-24,0,4,1,1,0,0,0,서울,중랑구,0,0,0,0,3,0,0,127.0775,37.6122,서울중랑구,0,0,0,0,0,196,1,1
17436,2015-07-24,0,4,1,1,0,0,0,부산,강서구,0,1,0,0,3,1,0,128.9503,35.1433,부산강서구,0,1,0,0,0,206,1,1
17437,2015-07-24,0,4,1,1,0,0,0,경북,영천시,0,4,0,0,3,0,0,128.9336,35.9419,경북영천시,0,0,0,0,0,5,0,0
17441,2015-07-25,0,5,1,1,0,0,0,대구,북구,0,0,3,0,3,0,0,128.6052,35.8903,대구북구,0,0,0,1,0,112,1,1
17443,2015-07-25,0,5,1,1,0,0,0,부산,부산진구,0,0,2,0,0,0,0,129.0618,35.1611,부산부산진구,0,0,0,1,0,163,1,1
17445,2015-07-25,0,5,1,1,0,0,0,서울,광진구,0,0,0,0,3,0,0,127.0828,37.5646,서울광진구,0,0,0,1,0,183,1,1
17453,2015-07-25,0,5,1,1,0,0,0,강원,철원군,0,1,0,0,0,0,0,127.4066,38.148,강원철원군,0,0,0,1,0,184,1,1
17457,2015-07-26,0,6,1,1,0,0,0,인천,부평구,0,1,0,0,0,2,0,126.7213,37.5048,인천부평구,0,2,0,1,0,44,1,1
17458,2015-07-26,1,6,1,1,0,0,0,충남,논산시,0,2,5,1,2,0,0,127.01,36.1537,충남논산시,0,0,0,1,0,61,1,1
17463,2015-07-26,0,6,1,1,0,0,0,강원,춘천시,0,0,0,1,1,1,0,127.756,37.9271,강원춘천시,0,1,0,1,0,111,1,1
17464,2015-07-26,0,6,1,1,0,0,0,강원,인제군,0,2,0,1,2,0,0,128.1698,38.0649,강원인제군,0,0,0,1,0,124,1,1
17472,2015-07-27,0,0,1,1,0,0,0,인천,서구,0,0,0,1,1,0,0,126.622,37.5262,인천서구,0,0,0,0,0,97,1,1
17473,2015-07-27,0,0,1,1,0,0,0,경기,남양주시,0,0,3,0,3,0,0,127.208,37.588,경기남양주시,0,0,0,0,0,70,1,1
17475,2015-07-28,0,1,1,1,0,0,0,경북,청도군,0,1,0,0,0,0,0,128.745,35.6776,경북청도군,0,0,0,0,0,3,1,1
17476,2015-07-28,1,1,1,1,0,0,0,경기,파주시,0,0,0,0,0,0,0,126.782,37.8098,경기파주시,0,0,0,0,0,175,1,1
17479,2015-07-28,1,1,1,1,0,0,0,대구,달서구,0,1,0,1,1,0,0,128.5435,35.8153,대구달서구,0,0,0,0,0,20,1,1
17481,2015-07-28,1,1,1,1,0,0,0,경기,부천시,0,1,0,1,1,3,0,126.7642,37.515,경기부천시,0,3,0,0,0,65,1,1
17482,2015-07-28,1,1,1,1,0,0,0,인천,계양구,0,1,0,0,0,7,0,126.7401,37.5474,인천계양구,0,7,0,0,0,7,1,1
17487,2015-07-28,0,1,1,1,0,0,0,경북,구미시,0,1,0,0,0,1,0,128.3075,36.2549,경북구미시,0,1,0,0,0,144,1,1
17490,2015-07-29,0,2,1,3,2,0,0,충북,청주시,0,0,0,0,0,0,0,127.4504,36.6343,충북청주시,1,0,0,0,0,83,1,1
17493,2015-07-29,1,2,1,1,0,0,0,서울,강북구,0,1,0,0,0,1,0,127.0338,37.6141,서울강북구,0,1,0,0,0,200,1,1
17496,2015-07-29,0,2,1,1,0,0,0,전남,나주시,0,0,0,0,0,0,0,126.6389,35.0767,전남나주시,0,0,0,0,0,33,1,1
17498,2015-07-29,0,2,1,1,0,0,0,전남,목포시,0,1,0,1,2,2,0,126.4314,34.8006,전남목포시,0,2,0,0,0,153,1,1
17501,2015-07-30,0,3,1,1,0,0,0,경북,경주시,0,1,0,0,0,2,0,129.2254,35.8477,경북경주시,0,2,0,0,0,100,1,1
17503,2015-07-30,1,3,1,1,0,0,0,인천,동구,0,1,0,1,2,1,0,126.6333,37.4769,인천동구,0,1,0,0,0,207,1,1
17504,2015-07-30,0,3,1,1,0,0,0,경기,파주시,0,1,0,0,0,0,0,126.8604,37.8011,경기파주시,0,0,0,0,0,175,1,1
17507,2015-07-31,0,4,1,2,0,1,0,충남,서산시,0,3,0,0,0,0,0,126.4375,36.8516,충남서산시,0,0,0,0,0,69,0,0
17509,2015-07-31,1,4,1,3,2,0,0,제주,서귀포시,0,0,1,1,2,0,0,126.5713,33.2495,제주서귀포시,1,0,0,0,0,62,1,0
17513,2015-07-31,1,4,1,1,0,0,0,경남,합천군,0,3,0,0,0,1,0,128.2883,35.5599,경남합천군,0,1,0,0,0,133,0,0
17515,2015-07-31,0,4,1,1,0,0,0,충남,아산시,0,3,0,2,4,1,0,126.8836,36.8617,충남아산시,0,1,0,0,0,53,0,0
17516,2015-07-31,0,4,1,2,1,0,0,제주,제주시,0,0,1,0,3,0,0,126.5283,33.5019,제주제주시,0,0,0,0,0,90,1,0
17517,2015-07-31,0,4,1,1,0,0,0,인천,남구,0,0,0,0,0,0,0,126.648,37.4604,인천남동구,0,0,0,0,0,29,1,1
17521,2015-08-01,0,5,1,1,0,0,0,광주,북구,0,0,0,0,3,1,0,126.9343,35.1811,광주북구,0,1,0,1,0,137,1,1
17533,2015-08-02,0,6,1,1,0,0,0,전남,목포시,0,1,0,0,0,0,0,126.4303,34.8085,전남목포시,0,0,0,1,0,153,1,1
17541,2015-08-03,0,0,1,1,0,0,0,강원,원주시,0,1,0,0,0,1,0,127.9585,37.4092,강원원주시,0,1,0,0,0,36,1,1
17542,2015-08-03,0,0,1,1,0,0,0,경남,창원시(통합),0,0,0,0,0,0,0,128.5787,35.2332,경남창원시(통합),0,0,0,0,0,86,1,1
17544,2015-08-03,1,0,1,1,0,0,0,인천,중구,0,2,0,1,1,0,0,126.374,37.446,인천중구,0,0,0,0,0,72,1,1
17545,2015-08-03,1,0,1,1,0,0,0,인천,옹진군,0,0,0,1,1,0,0,124.6596,37.9239,인천옹진군,0,0,0,0,0,186,1,1
17554,2015-08-03,0,0,1,1,0,0,0,경기,남양주시,0,0,0,0,0,0,0,127.1253,37.6981,경기남양주시,0,0,0,0,0,70,1,1
17561,2015-08-04,1,1,1,1,0,0,0,전북,전주시,0,0,0,0,0,1,0,127.1617,35.8479,전북전주시,0,1,0,0,0,11,1,1
17563,2015-08-04,0,1,1,1,0,0,0,부산,금정구,0,4,1,1,2,2,0,129.0905,35.2533,부산금정구,0,2,0,0,0,96,0,0
17564,2015-08-04,0,1,1,1,0,0,0,서울,용산구,0,1,0,0,3,0,0,126.9716,37.5494,서울용산구,0,0,0,0,0,134,1,1
17565,2015-08-04,0,1,1,1,0,0,0,경북,포항시,0,1,5,0,0,0,0,129.3517,36.0104,경북포항시,0,0,0,0,0,160,1,1
17567,2015-08-04,0,1,1,1,0,0,0,경기,남양주시,0,0,0,1,2,1,0,127.1913,37.6274,경기남양주시,0,1,0,0,0,70,1,1
17568,2015-08-04,0,1,1,1,0,0,0,강원,태백시,0,4,1,0,0,1,0,128.9613,37.1982,강원태백시,0,1,0,0,0,215,0,0
17569,2015-08-05,0,2,1,1,0,0,0,경기,수원시,0,0,0,1,2,0,0,126.9734,37.2751,경기수원시,0,0,0,0,0,99,1,1
17570,2015-08-05,0,2,1,1,0,0,0,인천,남구,0,0,0,0,0,0,0,126.6789,37.4585,인천남동구,0,0,0,0,0,29,1,1
17573,2015-08-05,1,2,1,1,0,0,0,경남,양산시,0,1,0,2,4,0,0,129.04,35.3444,경남양산시,0,0,0,0,0,49,1,1
17586,2015-08-06,0,3,1,1,0,0,0,경남,밀양시,0,0,1,1,1,1,0,128.7618,35.4686,경남밀양시,0,1,0,0,0,177,1,0
17587,2015-08-06,0,3,1,1,0,0,0,충남,아산시,0,0,1,0,3,0,0,127.0072,36.7907,충남아산시,0,0,0,0,0,53,1,0
17592,2015-08-06,1,3,1,2,0,1,0,충북,청주시,0,0,0,0,0,2,0,127.4271,36.6254,충북청주시,0,2,0,0,0,83,1,1
17595,2015-08-06,1,3,1,3,1,1,0,서울,금천구,0,1,4,2,4,0,0,126.8854,37.4596,서울금천구,0,0,0,0,0,109,1,1
17596,2015-08-06,1,3,1,3,1,1,0,경기,광명시,0,1,4,0,0,0,0,126.8854,37.4594,경기광명시,0,0,0,0,0,81,1,1
17598,2015-08-06,1,3,1,1,0,0,0,경기,시흥시,0,3,0,1,2,1,0,126.8155,37.4114,경기시흥시,0,1,0,0,0,73,0,0
17608,2015-08-07,1,4,1,1,0,0,0,경북,경주시,0,1,1,1,2,1,0,129.2101,35.8501,경북경주시,0,1,0,0,0,100,1,0
17611,2015-08-07,1,4,1,1,0,0,0,전남,여수시,0,0,0,1,2,1,0,127.6381,34.773,전남여수시,0,1,0,0,0,102,1,1
17613,2015-08-07,1,4,1,1,0,0,0,대전,대덕구,0,1,0,0,3,1,0,127.4287,36.4521,대전대덕구,0,1,0,0,0,77,1,1
17616,2015-08-07,0,4,1,1,0,0,0,경북,포항시,0,0,0,0,3,0,0,129.3561,36.0104,경북포항시,0,0,0,0,0,160,1,1
17617,2015-08-07,0,4,1,2,0,1,0,광주,남구,0,2,0,0,3,0,0,126.902,35.1401,광주남구,0,0,0,0,0,190,1,1
17618,2015-08-08,0,5,1,1,0,0,0,전남,목포시,0,0,0,2,4,0,0,126.3973,34.7934,전남목포시,0,0,0,1,0,153,1,1
17625,2015-08-08,0,5,1,1,0,0,0,경기,안양시,0,1,0,1,2,0,0,126.9336,37.4187,경기안양시,0,0,0,1,0,151,1,1
17626,2015-08-08,0,5,1,1,0,0,0,경북,경주시,0,1,1,1,1,0,0,129.3127,35.772,경북경주시,0,0,0,1,0,100,1,0
17627,2015-08-08,0,5,1,1,0,0,0,충북,청주시,0,0,0,0,3,1,0,127.6163,36.5991,충북청주시,0,1,0,1,0,83,1,1
17630,2015-08-09,0,6,1,1,0,0,0,전북,군산시,0,4,0,1,2,0,0,126.7201,35.9801,전북군산시,0,0,0,1,0,166,0,0
17637,2015-08-09,0,6,1,1,0,0,0,강원,원주시,0,2,0,0,0,0,0,127.977,37.4355,강원원주시,0,0,0,1,0,36,1,1
17638,2015-08-09,0,6,1,1,0,0,0,경기,고양시,0,0,0,0,0,0,0,126.7734,37.6837,경기고양시,0,0,0,1,0,40,1,1
17650,2015-08-10,1,0,1,1,0,0,0,제주,제주시,0,0,0,0,0,1,0,126.502,33.5045,제주제주시,0,1,0,0,0,90,1,1
17653,2015-08-10,0,0,1,1,0,0,0,경기,광명시,0,0,3,1,2,2,0,126.867,37.4712,경기광명시,0,2,0,0,0,81,1,1
17654,2015-08-10,0,0,1,1,0,0,0,전북,정읍시,0,1,0,1,2,0,0,126.8963,35.6855,전북정읍시,0,0,0,0,0,12,1,1
17659,2015-08-11,1,1,1,1,0,0,0,강원,삼척시,0,0,0,1,1,3,0,129.1796,37.4306,강원삼척시,0,3,0,0,0,78,1,1
17660,2015-08-11,1,1,1,1,0,0,0,경기,파주시,0,0,1,1,1,3,0,126.7978,37.7379,경기파주시,0,3,0,0,0,175,1,0
17661,2015-08-11,0,1,1,1,0,0,0,경북,성주군,0,1,0,1,1,0,0,128.29,35.9194,경북성주군,0,0,0,0,0,168,1,1
17662,2015-08-11,0,1,1,1,0,0,0,경남,창원시(통합),0,0,0,0,0,2,0,128.7118,35.3292,경남창원시(통합),0,2,0,0,0,86,1,1
17663,2015-08-12,0,2,1,1,0,0,0,경남,창원시(통합),0,3,1,1,1,1,0,128.5045,35.2346,경남창원시(통합),0,1,0,0,0,86,0,0
17666,2015-08-12,1,2,1,1,0,0,0,경기,군포시,0,0,0,1,1,1,0,126.9447,37.3507,경기군포시,0,1,0,0,0,126,1,1
17667,2015-08-12,1,2,1,1,0,0,0,경남,고성군,0,3,0,0,0,0,0,128.4598,35.0445,경남고성군,0,0,0,0,0,87,0,0
17680,2015-08-13,0,3,1,1,0,0,0,경남,김해시,0,1,0,0,0,0,0,128.7307,35.3053,경남김해시,0,0,0,0,0,13,1,1
17681,2015-08-13,0,3,1,3,0,2,0,강원,원주시,0,0,1,1,1,0,0,127.9432,37.3337,강원원주시,0,0,0,0,0,36,1,0
17682,2015-08-14,0,4,1,1,0,0,0,경기,군포시,0,0,0,0,0,0,0,126.9258,37.3499,경기군포시,0,0,0,0,0,126,1,1
17684,2015-08-14,1,4,1,1,0,0,0,경기,하남시,0,0,0,0,3,0,0,127.1945,37.547,경기하남시,0,0,0,0,0,67,1,1
17690,2015-08-14,1,4,1,1,0,0,0,부산,연제구,0,3,0,0,0,0,0,129.0858,35.1839,부산연제구,0,0,0,0,0,221,0,0
17691,2015-08-14,0,4,1,1,0,0,0,부산,북구,0,1,0,0,0,0,0,129.0137,35.2332,부산북구,0,0,0,0,0,118,1,1
17694,2015-08-15,1,5,1,1,0,0,0,경기,동두천시,0,0,1,1,1,0,0,127.0604,37.9059,경기동두천시,0,0,0,1,0,94,1,0
17706,2015-08-16,0,6,1,1,0,0,0,경북,상주시,0,4,5,0,0,1,0,128.185,36.5708,경북상주시,0,1,0,1,0,58,0,0
17707,2015-08-16,0,6,1,1,0,0,0,경기,부천시,0,0,0,1,1,0,0,126.8128,37.5196,경기부천시,0,0,0,1,0,65,1,1
17708,2015-08-16,0,6,1,1,0,0,0,전북,군산시,0,1,0,2,4,1,0,126.7077,35.9899,전북군산시,0,1,0,1,0,166,1,1
17709,2015-08-16,0,6,1,1,0,0,0,서울,강동구,0,0,0,0,0,0,0,127.1285,37.553,서울강동구,0,0,0,1,0,91,1,1
17712,2015-08-17,0,0,1,1,0,0,0,서울,관악구,0,0,2,0,0,0,0,126.9468,37.4818,서울관악구,0,0,0,0,0,188,1,1
17717,2015-08-17,1,0,1,1,0,0,0,제주,서귀포시,0,0,0,0,0,0,0,126.6529,33.2762,제주서귀포시,0,0,0,0,0,62,1,1
17718,2015-08-17,1,0,1,1,0,0,0,경북,영천시,0,4,4,0,0,1,0,128.9337,35.9622,경북영천시,0,1,0,0,0,5,0,0
17721,2015-08-17,0,0,1,1,0,0,0,충남,서산시,0,0,0,1,1,0,0,126.47,36.7715,충남서산시,0,0,0,0,0,69,1,1
17723,2015-08-18,0,1,1,1,0,0,0,전북,전주시,0,2,0,1,1,0,0,127.1158,35.834,전북전주시,0,0,0,0,0,11,1,1
17725,2015-08-18,1,1,1,3,2,0,0,부산,서구,0,3,0,0,0,0,0,129.0206,35.114,부산서구,1,0,0,0,0,226,0,0
17735,2015-08-19,1,2,1,1,0,0,0,서울,성동구,0,0,0,1,2,1,0,127.0246,37.5575,서울성동구,0,1,0,0,0,84,1,1
17738,2015-08-19,1,2,1,1,0,0,0,경기,고양시,0,0,3,0,3,1,0,126.8021,37.667,경기고양시,0,1,0,0,0,40,1,1
17741,2015-08-19,0,2,1,1,0,0,0,전북,익산시,0,0,0,2,4,0,0,126.9436,35.9408,전북익산시,0,0,0,0,0,125,1,1
17743,2015-08-19,0,2,1,1,0,0,0,경기,시흥시,0,0,0,0,0,0,0,126.7749,37.4405,경기시흥시,0,0,0,0,0,73,1,1
17749,2015-08-20,0,3,1,1,0,0,0,충북,영동군,0,0,0,1,1,0,0,127.7809,36.1866,충북영동군,0,0,0,0,0,75,1,1
17751,2015-08-21,0,4,2,2,0,0,0,경기,성남시,0,1,0,0,0,0,0,127.1407,37.4435,경기성남시,0,0,0,0,0,95,1,1
17758,2015-08-21,1,4,1,1,0,0,0,전북,고창군,0,0,1,1,2,1,0,126.6735,35.3992,전북고창군,0,1,0,0,0,219,1,0
17760,2015-08-21,1,4,1,1,0,0,0,충남,홍성군,0,1,0,0,0,2,0,126.6466,36.5563,충남홍성군,0,2,0,0,0,38,1,1
17767,2015-08-21,0,4,1,1,0,0,0,부산,강서구,0,1,0,0,0,0,0,128.8966,35.1347,부산강서구,0,0,0,0,0,206,1,1
17768,2015-08-21,0,4,1,1,0,0,0,경기,평택시,0,1,0,0,0,1,0,126.8533,36.9772,경기평택시,0,1,0,0,0,14,1,1
17771,2015-08-21,0,4,1,1,0,0,0,부산,사하구,0,0,0,0,0,0,0,128.9709,35.0516,부산사하구,0,0,0,0,0,25,1,1
17772,2015-08-22,0,5,1,2,0,1,0,서울,종로구,0,1,0,0,0,0,0,126.9894,37.5704,서울종로구,0,0,0,1,0,116,1,1
17776,2015-08-22,0,5,1,2,0,1,0,부산,서구,0,0,0,0,0,0,0,129.0249,35.0839,부산서구,0,0,0,1,0,226,1,1
17777,2015-08-22,0,5,1,1,0,0,0,경남,함안군,0,1,0,1,1,0,0,128.4046,35.2773,경남함안군,0,0,0,1,0,117,1,1
17778,2015-08-22,0,5,1,1,0,0,0,경기,고양시,0,1,0,0,0,0,0,126.8108,37.599,경기고양시,0,0,0,1,0,40,1,1
17779,2015-08-22,0,5,1,1,0,0,0,서울,강서구,0,1,3,0,0,0,0,126.827,37.5537,서울강서구,0,0,0,1,0,43,1,1
17780,2015-08-22,1,5,1,1,0,0,0,서울,은평구,0,0,0,0,0,0,0,126.916,37.5865,서울은평구,0,0,0,1,0,139,1,1
17784,2015-08-22,1,5,1,1,0,0,0,경기,김포시,0,0,0,1,1,1,0,126.6028,37.6874,경기김포시,0,1,0,1,0,47,1,1
17785,2015-08-22,1,5,1,1,0,0,0,경남,함안군,0,0,1,1,1,3,0,128.4082,35.2779,경남함안군,0,3,0,1,0,117,1,0
17791,2015-08-22,0,5,1,1,0,0,0,서울,영등포구,0,0,0,0,0,0,0,126.9163,37.518,서울영등포구,0,0,0,1,0,150,1,1
17792,2015-08-22,0,5,1,1,0,0,0,전북,익산시,0,0,1,0,3,0,0,126.9448,35.9379,전북익산시,0,0,0,1,0,125,1,0
17794,2015-08-22,0,5,1,1,0,0,0,전남,순천시,0,2,0,0,0,0,0,127.5058,34.9997,전남순천시,0,0,0,1,0,27,1,1
17795,2015-08-23,0,6,1,1,0,0,0,경기,안산시,0,0,2,1,2,0,0,126.8294,37.3097,경기안산시,0,0,0,1,0,2,1,1
17798,2015-08-23,0,6,1,1,0,0,0,서울,송파구,0,0,0,0,0,0,0,127.1031,37.4998,서울송파구,0,0,0,1,0,156,1,1
17807,2015-08-23,1,6,1,1,0,0,0,충남,논산시,0,1,0,0,0,1,0,127.2279,36.1928,충남논산시,0,1,0,1,0,61,1,1
17814,2015-08-23,0,6,1,1,0,0,0,강원,양양군,0,2,0,1,1,0,0,128.706,38.0314,강원양양군,0,0,0,1,0,164,1,1
17817,2015-08-23,0,6,1,1,0,0,0,대구,북구,0,0,2,1,1,0,0,128.5599,35.8899,대구북구,0,0,0,1,0,112,1,1
17818,2015-08-24,1,0,1,1,0,0,0,경북,경주시,0,1,0,1,1,1,0,129.2117,35.8456,경북경주시,0,1,0,0,0,100,1,1
17820,2015-08-24,1,0,1,1,0,0,0,서울,중구,0,1,0,1,2,2,0,126.9979,37.5686,서울중구,0,2,0,0,0,8,1,1
17821,2015-08-24,1,0,1,1,0,0,0,경남,진주시,0,3,0,0,0,1,0,128.3289,35.1752,경남진주시,0,1,0,0,0,42,0,0
17822,2015-08-24,0,0,1,1,0,0,0,경기,의정부시,0,0,3,1,2,4,0,127.0427,37.7384,경기의정부시,0,4,0,0,0,64,1,1
17823,2015-08-24,0,0,1,2,0,1,0,전남,나주시,0,3,0,0,0,6,0,126.8428,35.0398,전남나주시,0,6,0,0,0,33,0,0
17826,2015-08-25,0,1,1,1,0,0,0,충남,당진시,0,0,0,0,0,0,0,126.6815,36.9029,충남당진시,0,0,0,0,0,46,1,1