index,발생년월일,주야,요일,사망자수,사상자수,중상자수,경상자수,부상신고자수,발생지시도,발생지시군구,사고유형_대분류,사고유형_중분류,법규위반,도로형태_대분류,도로형태,당사자종별_1당_대분류,당사자종별_2당_대분류,경도,위도,발생지,사고피해정도,사고차량타입,도시여부,주말/공휴일,인구수,발생지번호,보행자의위치,무단횡단여부
17827,2015-08-25,0,1,1,1,0,0,0,부산,수영구,0,1,0,0,0,1,0,129.1083,35.1426,부산수영구,0,1,0,0,0,45,1,1
17828,2015-08-25,0,1,1,2,0,1,0,서울,광진구,0,1,2,0,0,0,0,127.0798,37.5702,서울광진구,0,0,0,0,0,183,1,1
17832,2015-08-25,0,1,1,1,0,0,0,경남,진주시,0,1,0,1,2,2,0,128.1478,35.2138,경남진주시,0,2,0,0,0,42,1,1
17833,2015-08-25,0,1,1,1,0,0,0,대구,달서구,0,1,0,1,2,0,0,128.5357,35.8072,대구달서구,0,0,0,0,0,20,1,1
17834,2015-08-25,0,1,1,1,0,0,0,대전,중구,0,0,3,1,1,0,0,127.3926,36.3111,대전중구,0,0,0,0,0,39,1,1
17835,2015-08-26,0,2,1,1,0,0,0,강원,속초시,0,0,3,1,1,0,0,128.5734,38.1898,강원속초시,0,0,0,0,0,104,1,1
17836,2015-08-26,0,2,1,1,0,0,0,울산,중구,0,1,0,1,2,0,0,129.2763,35.5559,울산중구,0,0,0,0,0,205,1,1
17842,2015-08-26,1,2,1,1,0,0,0,경북,구미시,0,1,0,2,4,1,0,128.3428,36.2205,경북구미시,0,1,0,0,0,144,1,1
17848,2015-08-26,0,2,1,1,0,0,0,충남,청양군,0,0,0,0,0,0,0,126.9715,36.4029,충남청양군,0,0,0,0,0,174,1,1
17849,2015-08-26,0,2,1,1,0,0,0,전북,진안군,0,3,0,0,0,2,0,127.5485,35.8673,전북진안군,0,2,0,0,0,192,0,0
17850,2015-08-26,0,2,1,1,0,0,0,경기,가평군,0,0,1,0,0,0,0,127.5083,37.8372,경기가평군,0,0,0,0,0,176,1,0
17851,2015-08-26,0,2,1,1,0,0,0,충북,충주시,0,0,0,1,2,2,0,127.9128,36.9814,충북충주시,0,2,0,0,0,6,1,1
17853,2015-08-27,0,3,1,1,0,0,0,충남,천안시,0,0,0,0,0,1,0,127.1349,36.9198,충남천안시,0,1,0,0,0,63,1,1
17855,2015-08-27,1,3,1,1,0,0,0,제주,서귀포시,0,1,0,1,2,3,0,126.9127,33.4468,제주서귀포시,0,3,0,0,0,62,1,1
17858,2015-08-27,0,3,1,1,0,0,0,경북,칠곡군,0,3,0,0,0,1,0,128.5527,35.9992,경북칠곡군,0,1,0,0,0,21,0,0
17860,2015-08-27,0,3,1,1,0,0,0,경북,경주시,0,1,0,1,1,0,0,129.3142,35.7575,경북경주시,0,0,0,0,0,100,1,1
17861,2015-08-27,0,3,2,2,0,0,0,강원,원주시,0,0,1,0,0,1,0,127.96,37.3431,강원원주시,0,1,0,0,0,36,1,0
17863,2015-08-28,0,4,1,1,0,0,0,경기,안양시,0,0,0,0,0,6,0,126.912,37.4026,경기안양시,0,6,0,0,0,151,1,1
17868,2015-08-28,1,4,1,1,0,0,0,경기,안성시,0,2,0,1,1,0,0,127.1975,37.0083,경기안성시,0,0,0,0,0,23,1,1
17870,2015-08-28,1,4,1,1,0,0,0,전북,전주시,0,1,0,0,0,1,0,127.0847,35.804,전북전주시,0,1,0,0,0,11,1,1
17871,2015-08-28,1,4,1,1,0,0,0,경기,평택시,0,0,0,0,3,0,0,127.0573,37.0575,경기평택시,0,0,0,0,0,14,1,1
17875,2015-08-28,0,4,1,1,0,0,0,광주,북구,0,0,0,0,0,1,0,126.9257,35.2492,광주북구,0,1,0,0,0,137,1,1
17883,2015-08-30,0,6,1,1,0,0,0,전남,나주시,0,1,0,0,0,0,0,126.8432,35.0421,전남나주시,0,0,0,1,0,33,1,1
17884,2015-08-30,0,6,1,1,0,0,0,대구,달성군,0,1,0,0,0,0,0,128.4621,35.7337,대구달성군,0,0,0,1,0,30,1,1
17893,2015-08-30,0,6,1,1,0,0,0,충남,예산군,0,0,0,1,1,0,0,126.8545,36.6747,충남예산군,0,0,0,1,0,187,1,1
17894,2015-08-30,0,6,1,1,0,0,0,경남,창원시(통합),0,2,0,0,0,0,0,128.51,35.1455,경남창원시(통합),0,0,0,1,0,86,1,1
17899,2015-08-31,0,0,1,1,0,0,0,부산,남구,0,0,0,0,0,0,0,129.063,35.1461,부산남구,0,0,0,0,0,180,1,1
17905,2015-08-31,1,0,1,1,0,0,0,부산,사상구,0,0,1,0,3,3,0,128.9791,35.1728,부산사상구,0,3,0,0,0,120,1,0
17906,2015-08-31,1,0,1,1,0,0,0,전북,익산시,0,1,0,0,0,1,0,126.9423,35.9452,전북익산시,0,1,0,0,0,125,1,1
17908,2015-08-31,1,0,1,1,0,0,0,경기,화성시,0,0,0,1,1,3,0,127.0755,37.2216,경기화성시,0,3,0,0,0,50,1,1
17911,2015-09-01,0,1,1,1,0,0,0,인천,연수구,0,1,0,0,0,1,0,126.658,37.3988,인천연수구,0,1,0,0,0,35,1,1
17912,2015-09-01,0,1,1,1,0,0,0,서울,강북구,0,0,3,1,1,6,0,127.0181,37.6294,서울강북구,0,6,0,0,0,200,1,1
17917,2015-09-01,1,1,1,1,0,0,0,제주,제주시,0,0,0,1,1,0,0,126.8372,33.5312,제주제주시,0,0,0,0,0,90,1,1
17921,2015-09-01,1,1,1,1,0,0,0,경남,사천시,0,0,5,0,0,2,0,128.0882,35.0827,경남사천시,0,2,0,0,0,57,1,1
17923,2015-09-01,0,1,1,1,0,0,0,전남,여수시,0,0,0,0,3,0,0,127.7284,34.7445,전남여수시,0,0,0,0,0,102,1,1
17924,2015-09-01,0,1,1,1,0,0,0,경북,영천시,0,0,0,0,0,1,0,129.0129,35.9987,경북영천시,0,1,0,0,0,5,1,1
17925,2015-09-01,0,1,1,1,0,0,0,경남,진주시,0,0,0,0,0,0,0,128.0951,35.171,경남진주시,0,0,0,0,0,42,1,1
17926,2015-09-01,0,1,1,1,0,0,0,전북,고창군,0,0,0,0,0,0,0,126.7099,35.4349,전북고창군,0,0,0,0,0,219,1,1
17927,2015-09-01,0,1,1,1,0,0,0,서울,용산구,0,0,0,0,3,0,0,126.9706,37.532,서울용산구,0,0,0,0,0,134,1,1
17931,2015-09-02,0,2,1,1,0,0,0,경남,창원시(통합),0,0,0,2,4,2,0,128.6958,35.152,경남창원시(통합),0,2,0,0,0,86,1,1
17938,2015-09-02,0,2,1,1,0,0,0,충남,천안시,0,0,0,0,0,0,0,127.1532,36.843,충남천안시,0,0,0,0,0,63,1,1
17939,2015-09-02,0,2,1,2,0,1,0,경북,청도군,0,0,0,0,0,0,0,128.7355,35.6479,경북청도군,0,0,0,0,0,3,1,1
17940,2015-09-03,0,3,1,1,0,0,0,서울,용산구,0,1,0,0,0,1,0,126.9667,37.5341,서울용산구,0,1,0,0,0,134,1,1
17942,2015-09-03,0,3,1,1,0,0,0,경남,창원시(통합),0,1,0,0,0,0,0,128.6036,35.2582,경남창원시(통합),0,0,0,0,0,86,1,1
17943,2015-09-03,0,3,1,1,0,0,0,부산,동래구,0,0,0,0,0,0,0,129.0832,35.2168,부산동래구,0,0,0,0,0,216,1,1
17946,2015-09-03,1,3,1,1,0,0,0,충북,청주시,0,1,3,1,1,2,0,127.4304,36.6255,충북청주시,0,2,0,0,0,83,1,1
17952,2015-09-04,0,4,1,1,0,0,0,부산,연제구,0,0,3,0,0,0,0,129.078,35.1814,부산연제구,0,0,0,0,0,221,1,1
17953,2015-09-04,0,4,1,1,0,0,0,전남,순천시,0,1,1,0,3,0,0,127.4898,34.9467,전남순천시,0,0,0,0,0,27,1,0
17958,2015-09-04,0,4,1,1,0,0,0,경기,부천시,0,1,0,1,1,1,0,126.7988,37.5107,경기부천시,0,1,0,0,0,65,1,1
17961,2015-09-04,0,4,1,1,0,0,0,강원,홍천군,0,0,0,0,0,0,0,127.832,37.6597,강원홍천군,0,0,0,0,0,82,1,1
17962,2015-09-04,0,4,1,1,0,0,0,경기,포천시,0,0,0,1,1,0,0,127.2264,37.7674,경기포천시,0,0,0,0,0,171,1,1
17965,2015-09-05,0,5,1,1,0,0,0,서울,중구,0,0,0,1,2,0,0,126.9861,37.5661,서울중구,0,0,0,1,0,8,1,1
17973,2015-09-05,0,5,1,1,0,0,0,대구,달서구,0,0,0,1,2,0,0,128.5667,35.847,대구달서구,0,0,0,1,0,20,1,1
17975,2015-09-06,0,6,1,3,1,1,0,서울,마포구,0,0,0,0,0,6,0,126.9623,37.5515,서울마포구,0,6,0,1,0,159,1,1
17985,2015-09-07,0,0,1,1,0,0,0,강원,강릉시,0,4,0,0,0,1,0,128.9062,37.7584,강원강릉시,0,1,0,0,0,194,0,0
17986,2015-09-07,0,0,1,1,0,0,0,전북,전주시,0,0,2,0,0,0,0,127.1572,35.8559,전북전주시,0,0,0,0,0,11,1,1
17987,2015-09-07,0,0,1,1,0,0,0,경북,경산시,0,2,0,0,0,1,0,128.7297,35.7887,경북경산시,0,1,0,0,0,52,1,1
17992,2015-09-07,1,0,1,1,0,0,0,강원,영월군,0,0,1,0,3,0,0,128.4669,37.1836,강원영월군,0,0,0,0,0,114,1,0
17993,2015-09-07,1,0,1,1,0,0,0,대구,달서구,0,0,0,1,1,1,0,128.5501,35.8065,대구달서구,0,1,0,0,0,20,1,1
17995,2015-09-07,0,0,1,1,0,0,0,제주,제주시,0,0,0,0,0,2,0,126.5703,33.5191,제주제주시,0,2,0,0,0,90,1,1
17996,2015-09-08,0,1,1,1,0,0,0,전북,완주군,0,2,0,0,0,0,0,127.0032,35.8197,전북완주군,0,0,0,0,0,28,1,1
17999,2015-09-08,1,1,2,3,0,1,0,경기,부천시,0,2,0,1,2,0,0,126.7566,37.4884,경기부천시,1,0,0,0,0,65,1,1
18012,2015-09-09,1,2,1,3,2,0,0,충북,단양군,0,3,0,0,0,1,0,128.2651,37.0892,충북단양군,1,1,0,0,0,204,0,0
18018,2015-09-09,0,2,1,1,0,0,0,경기,용인시,0,0,3,1,1,0,0,127.1504,37.2938,경기용인시,0,0,0,0,0,51,1,1
18020,2015-09-09,0,2,1,1,0,0,0,경기,김포시,0,0,0,0,0,0,0,126.5922,37.6533,경기김포시,0,0,0,0,0,47,1,1
18023,2015-09-10,1,3,1,1,0,0,0,경북,군위군,0,3,0,0,0,0,0,128.4957,36.275,경북군위군,0,0,0,0,0,170,0,0
18027,2015-09-10,1,3,1,3,2,0,0,전남,여수시,0,4,0,0,0,0,0,127.7409,34.7437,전남여수시,1,0,0,0,0,102,0,0
18030,2015-09-10,1,3,1,1,0,0,0,경북,상주시,0,0,0,0,0,5,0,127.9913,36.4464,경북상주시,0,5,0,0,0,58,1,1
18036,2015-09-11,1,4,1,1,0,0,0,경남,산청군,0,3,0,0,0,1,0,127.8432,35.3529,경남산청군,0,1,0,0,0,224,0,0
18038,2015-09-11,1,4,1,1,0,0,0,전북,남원시,0,0,0,0,0,0,0,127.3905,35.4193,전북남원시,0,0,0,0,0,193,1,1
18045,2015-09-11,0,4,1,1,0,0,0,인천,부평구,0,1,0,0,3,0,0,126.7226,37.5119,인천부평구,0,0,0,0,0,44,1,1
18047,2015-09-11,0,4,1,2,0,1,0,서울,도봉구,0,0,0,0,3,6,0,127.0441,37.6729,서울도봉구,0,6,0,0,0,98,1,1
18050,2015-09-12,0,5,1,1,0,0,0,대구,수성구,0,0,0,0,3,0,0,128.6103,35.841,대구수성구,0,0,0,1,0,37,1,1
18051,2015-09-12,1,5,1,1,0,0,0,경남,사천시,0,0,0,0,0,0,0,128.0676,34.9297,경남사천시,0,0,0,1,0,57,1,1
18057,2015-09-12,1,5,1,1,0,0,0,경남,창원시(통합),0,0,0,1,1,2,0,128.661,35.1461,경남창원시(통합),0,2,0,1,0,86,1,1
18059,2015-09-12,0,5,1,1,0,0,0,경남,고성군,0,1,0,0,0,0,0,128.366,35.0505,경남고성군,0,0,0,1,0,87,1,1
18060,2015-09-12,0,5,1,1,0,0,0,서울,강동구,0,1,2,0,0,0,0,127.1187,37.5409,서울강동구,0,0,0,1,0,91,1,1
18062,2015-09-12,0,5,1,1,0,0,0,경기,동두천시,0,0,0,1,2,0,0,127.058,37.9148,경기동두천시,0,0,0,1,0,94,1,1
18064,2015-09-12,0,5,1,2,0,0,1,충남,서산시,0,0,2,0,0,0,0,126.4522,36.7706,충남서산시,0,0,0,1,0,69,1,1
18065,2015-09-12,0,5,1,1,0,0,0,전북,군산시,0,0,0,1,2,0,0,126.6574,35.9596,전북군산시,0,0,0,1,0,166,1,1
18070,2015-09-13,0,6,1,1,0,0,0,경남,통영시,0,0,1,1,2,0,0,128.4316,34.85,경남통영시,0,0,0,1,0,212,1,0
18073,2015-09-13,1,6,1,1,0,0,0,경기,평택시,0,2,0,0,0,1,0,127.0497,37.0729,경기평택시,0,1,0,1,0,14,1,1
18075,2015-09-13,1,6,2,2,0,0,0,경남,합천군,0,3,0,0,0,0,0,128.1654,35.6111,경남합천군,0,0,0,1,0,133,0,0
18078,2015-09-13,1,6,1,1,0,0,0,경기,평택시,0,1,0,0,0,1,0,126.9225,36.9222,경기평택시,0,1,0,1,0,14,1,1
18079,2015-09-13,0,6,1,1,0,0,0,경기,화성시,0,0,0,0,0,4,0,126.9119,37.1311,경기화성시,0,4,0,1,0,50,1,1
18081,2015-09-13,0,6,1,1,0,0,0,광주,남구,0,0,4,0,0,0,0,126.8983,35.1296,광주남구,0,0,0,1,0,190,1,1
18087,2015-09-14,1,0,1,1,0,0,0,경기,평택시,0,1,0,1,2,0,0,127.0535,37.0834,경기평택시,0,0,0,0,0,14,1,1
18088,2015-09-14,1,0,1,1,0,0,0,충북,증평군,0,0,0,1,1,0,0,127.5902,36.7857,충북증평군,0,0,0,0,0,138,1,1
18090,2015-09-14,0,0,1,1,0,0,0,경남,양산시,0,0,1,0,0,2,0,129.0153,35.3225,경남양산시,0,2,0,0,0,49,1,0
18095,2015-09-15,1,1,1,1,0,0,0,광주,광산구,0,0,1,1,1,2,0,126.8156,35.1949,광주광산구,0,2,0,0,0,135,1,0
18098,2015-09-15,1,1,1,1,0,0,0,충북,괴산군,0,1,0,0,0,1,0,127.9499,36.8553,충북괴산군,0,1,0,0,0,179,1,1
18101,2015-09-15,0,1,1,1,0,0,0,강원,철원군,0,0,0,0,0,0,0,127.2149,38.2088,강원철원군,0,0,0,0,0,184,1,1
18113,2015-09-17,1,3,1,1,0,0,0,전북,전주시,0,4,1,1,2,1,0,127.1169,35.8128,전북전주시,0,1,0,0,0,11,0,0
18114,2015-09-17,1,3,1,1,0,0,0,전북,군산시,0,2,0,1,2,5,0,126.7241,35.9816,전북군산시,0,5,0,0,0,166,1,1
18115,2015-09-17,0,3,1,1,0,0,0,부산,중구,0,0,0,0,0,1,0,129.0317,35.1061,부산중구,0,1,0,0,0,228,1,1
18116,2015-09-17,0,3,1,1,0,0,0,광주,북구,0,0,0,0,0,0,0,126.8903,35.1692,광주북구,0,0,0,0,0,137,1,1
18117,2015-09-17,0,3,1,1,0,0,0,경북,경주시,0,1,0,0,0,5,0,129.2142,35.8754,경북경주시,0,5,0,0,0,100,1,1
18118,2015-09-18,0,4,1,1,0,0,0,울산,북구,0,0,0,1,1,0,0,129.3394,35.6621,울산북구,0,0,0,0,0,158,1,1
18125,2015-09-18,1,4,1,1,0,0,0,전남,영광군,0,1,0,0,0,0,0,126.5563,35.297,전남영광군,0,0,0,0,0,127,1,1
18127,2015-09-18,0,4,1,1,0,0,0,경기,고양시,0,0,4,0,3,2,0,126.8664,37.6061,경기고양시,0,2,0,0,0,40,1,1
18128,2015-09-18,0,4,1,1,0,0,0,광주,광산구,0,0,0,1,1,1,0,126.794,35.1306,광주광산구,0,1,0,0,0,135,1,1
18135,2015-09-19,1,5,1,1,0,0,0,서울,강서구,0,0,3,0,3,1,0,126.8602,37.532,서울강서구,0,1,0,1,0,43,1,1
18136,2015-09-19,1,5,1,1,0,0,0,경북,문경시,0,0,0,0,0,1,0,128.1909,36.5877,경북문경시,0,1,0,1,0,74,1,1
18139,2015-09-19,1,5,1,1,0,0,0,경기,가평군,0,1,0,0,0,3,0,127.5247,37.6039,경기가평군,0,3,0,1,0,176,1,1
18140,2015-09-19,1,5,1,2,1,0,0,경기,양평군,0,1,0,0,0,1,0,127.6319,37.4678,경기양평군,0,1,0,1,0,48,1,1
18143,2015-09-19,0,5,1,1,0,0,0,경기,평택시,0,0,0,0,0,0,0,127.0481,37.0147,경기평택시,0,0,0,1,0,14,1,1
18144,2015-09-19,0,5,1,1,0,0,0,경북,포항시,0,1,0,0,0,0,0,129.3555,36.0289,경북포항시,0,0,0,1,0,160,1,1
18145,2015-09-19,0,5,1,1,0,0,0,전북,군산시,0,1,0,0,0,0,0,126.8198,35.963,전북군산시,0,0,0,1,0,166,1,1
18147,2015-09-20,0,6,1,1,0,0,0,강원,평창군,0,2,0,0,0,0,0,128.5995,37.6697,강원평창군,0,0,0,1,0,24,1,1
18149,2015-09-20,1,6,1,1,0,0,0,경기,이천시,0,1,0,0,0,0,0,127.6182,37.1147,경기이천시,0,0,0,1,0,41,1,1
18150,2015-09-20,1,6,1,1,0,0,0,서울,영등포구,0,2,0,0,0,5,0,126.9071,37.5094,서울영등포구,0,5,0,1,0,150,1,1
18154,2015-09-20,0,6,1,1,0,0,0,제주,제주시,0,0,1,0,3,0,0,126.6006,33.5211,제주제주시,0,0,0,1,0,90,1,0
18155,2015-09-20,0,6,1,1,0,0,0,대구,달서구,0,0,0,0,3,0,0,128.503,35.8591,대구달서구,0,0,0,1,0,20,1,1
18161,2015-09-21,0,0,1,1,0,0,0,전북,정읍시,0,1,0,1,2,0,0,126.84,35.5713,전북정읍시,0,0,0,0,0,12,1,1
18162,2015-09-21,0,0,1,1,0,0,0,대전,유성구,0,0,0,1,1,0,0,127.3203,36.3848,대전유성구,0,0,0,0,0,148,1,1
18163,2015-09-21,1,0,1,1,0,0,0,대구,서구,0,3,2,0,0,0,0,128.5383,35.8708,대구서구,0,0,0,0,0,107,0,0
18169,2015-09-21,1,0,1,1,0,0,0,서울,강서구,0,2,0,0,0,2,0,126.8491,37.5335,서울강서구,0,2,0,0,0,43,1,1
18170,2015-09-21,1,0,1,1,0,0,0,경남,산청군,0,2,0,0,0,9,0,127.9385,35.291,경남산청군,0,9,0,0,0,224,1,1
18172,2015-09-21,0,0,1,1,0,0,0,전북,임실군,0,2,0,0,0,1,0,127.2927,35.6186,전북임실군,0,1,0,0,0,152,1,1
18173,2015-09-21,0,0,1,1,0,0,0,경남,김해시,0,0,0,0,0,0,0,128.8189,35.2254,경남김해시,0,0,0,0,0,13,1,1
18174,2015-09-21,0,0,1,1,0,0,0,대구,남구,0,2,0,0,0,0,0,128.5941,35.8566,대구남구,0,0,0,0,0,145,1,1
18175,2015-09-21,0,0,1,1,0,0,0,인천,남동구,0,2,0,0,0,0,0,126.7309,37.4333,인천남동구,0,0,0,0,0,29,1,1
18179,2015-09-22,0,1,1,1,0,0,0,전남,여수시,0,0,0,1,1,0,0,127.7281,34.7429,전남여수시,0,0,0,0,0,102,1,1
18180,2015-09-22,1,1,1,1,0,0,0,서울,광진구,0,0,0,0,0,0,0,127.0645,37.5429,서울광진구,0,0,0,0,0,183,1,1
18189,2015-09-22,0,1,1,2,1,0,0,경남,하동군,0,2,0,0,0,6,0,127.7506,35.0763,경남하동군,0,6,0,0,0,172,1,1
18193,2015-09-23,1,2,2,2,0,0,0,충남,서산시,0,0,3,0,3,1,0,126.4385,36.9333,충남서산시,0,1,0,0,0,69,1,1
18203,2015-09-24,0,3,1,1,0,0,0,서울,종로구,0,2,0,0,0,0,0,126.9847,37.5703,서울종로구,0,0,0,0,0,116,1,1
18207,2015-09-24,1,3,1,1,0,0,0,전남,광양시,0,1,0,0,0,3,0,127.709,34.9913,전남광양시,0,3,0,0,0,130,1,1
18208,2015-09-24,1,3,1,1,0,0,0,전남,나주시,0,0,1,1,1,3,0,126.7782,35.0196,전남나주시,0,3,0,0,0,33,1,0
18209,2015-09-24,1,3,1,3,1,1,0,서울,서초구,0,1,4,0,0,0,0,127.0167,37.4843,서울서초구,0,0,0,0,0,214,1,1
18214,2015-09-25,0,4,1,1,0,0,0,대전,유성구,0,0,2,0,0,0,0,127.3324,36.3486,대전유성구,0,0,0,0,0,148,1,1
18215,2015-09-25,0,4,1,1,0,0,0,울산,남구,0,1,3,1,2,2,0,129.27,35.5527,울산남구,0,2,0,0,0,213,1,1
18217,2015-09-25,1,4,1,1,0,0,0,경기,안산시,0,1,0,1,1,0,0,126.8664,37.2918,경기안산시,0,0,0,0,0,2,1,1
18218,2015-09-25,1,4,1,1,0,0,0,경남,거창군,0,3,0,0,0,0,0,127.9226,35.6833,경남거창군,0,0,0,0,0,154,0,0
18222,2015-09-25,0,4,1,1,0,0,0,부산,북구,0,2,0,0,0,1,0,129.0045,35.207,부산북구,0,1,0,0,0,118,1,1
18223,2015-09-25,0,4,1,1,0,0,0,충북,청주시,0,0,0,0,3,1,0,127.4945,36.6236,충북청주시,0,1,0,0,0,83,1,1
18224,2015-09-25,0,4,1,1,0,0,0,전북,익산시,0,3,0,0,0,0,0,126.9839,36.019,전북익산시,0,0,0,0,0,125,0,0
18225,2015-09-25,0,4,1,1,0,0,0,강원,홍천군,0,3,0,0,0,1,0,127.8601,37.6796,강원홍천군,0,1,0,0,0,82,0,0
18226,2015-09-25,0,4,1,2,1,0,0,제주,서귀포시,0,0,0,1,1,2,0,126.8454,33.3409,제주서귀포시,0,2,0,0,0,62,1,1
18227,2015-09-25,0,4,1,1,0,0,0,광주,북구,0,0,0,0,0,0,0,126.8856,35.1728,광주북구,0,0,0,0,0,137,1,1
18228,2015-09-26,0,5,1,1,0,0,0,강원,춘천시,0,0,0,0,0,0,0,127.7755,37.8545,강원춘천시,0,0,0,1,0,111,1,1
18231,2015-09-26,1,5,1,1,0,0,0,경남,김해시,0,0,0,0,0,1,0,128.8527,35.2332,경남김해시,0,1,0,1,0,13,1,1
18237,2015-09-27,0,6,1,1,0,0,0,전북,군산시,0,0,0,1,2,0,0,126.4908,35.7961,전북군산시,0,0,0,1,0,166,1,1
18240,2015-09-27,0,6,1,1,0,0,0,경기,수원시,0,0,0,0,0,2,0,127.0002,37.2677,경기수원시,0,2,0,1,0,99,1,1
18243,2015-09-27,1,6,1,1,0,0,0,전남,무안군,0,0,0,0,0,1,0,126.5062,34.8384,전남무안군,0,1,0,1,0,101,1,1
18246,2015-09-27,1,6,1,1,0,0,0,전남,순천시,0,1,2,0,0,0,0,127.334,34.9028,전남순천시,0,0,0,1,0,27,1,1
18247,2015-09-27,0,6,1,1,0,0,0,강원,횡성군,0,0,0,0,0,0,0,128.2135,37.5171,강원횡성군,0,0,0,1,0,31,1,1
18248,2015-09-27,0,6,1,1,0,0,0,울산,중구,0,0,0,0,0,4,0,129.3136,35.5589,울산중구,0,4,0,1,0,205,1,1
18253,2015-09-28,1,0,1,1,0,0,0,서울,강남구,0,0,1,1,1,2,0,127.1057,37.4887,서울강남구,0,2,0,1,0,89,1,0
18254,2015-09-28,0,0,1,1,0,0,0,충남,서산시,0,2,0,0,0,0,0,126.5692,36.8096,충남서산시,0,0,0,1,0,69,1,1
18255,2015-09-28,0,0,1,1,0,0,0,경기,용인시,0,1,0,1,2,0,0,127.1054,37.2792,경기용인시,0,0,0,1,0,51,1,1
18256,2015-09-29,0,1,1,1,0,0,0,서울,중랑구,0,0,0,0,0,2,0,127.0903,37.5975,서울중랑구,0,2,0,0,0,196,1,1
18268,2015-09-30,1,2,1,1,0,0,0,서울,중랑구,0,3,1,1,1,1,0,127.0999,37.613,서울중랑구,0,1,0,0,0,196,0,0
18270,2015-09-30,1,2,1,1,0,0,0,경기,의정부시,0,1,0,2,4,0,0,127.0561,37.7256,경기의정부시,0,0,0,0,0,64,1,1
18272,2015-09-30,1,2,1,1,0,0,0,경남,사천시,0,3,0,0,0,0,0,128.0426,34.9437,경남사천시,0,0,0,0,0,57,0,0
18274,2015-09-30,0,2,1,1,0,0,0,강원,삼척시,0,0,2,0,0,2,0,129.0478,37.2417,강원삼척시,0,2,0,0,0,78,1,1
18277,2015-09-30,0,2,1,1,0,0,0,충북,청주시,0,1,0,0,0,0,0,127.4879,36.6217,충북청주시,0,0,0,0,0,83,1,1
18278,2015-10-01,0,3,1,1,0,0,0,충남,천안시,0,0,0,1,2,1,0,127.159,36.8013,충남천안시,0,1,0,0,0,63,1,1
18281,2015-10-01,0,3,1,1,0,0,0,전남,순천시,0,0,0,0,0,1,0,127.5352,34.943,전남순천시,0,1,0,0,0,27,1,1
18284,2015-10-01,0,3,1,1,0,0,0,충북,음성군,0,1,0,0,0,0,0,127.5203,36.9375,충북음성군,0,0,0,0,0,110,1,1
18285,2015-10-01,0,3,1,1,0,0,0,강원,원주시,0,0,0,2,4,0,0,127.931,37.3621,강원원주시,0,0,0,0,0,36,1,1
18286,2015-10-02,0,4,1,1,0,0,0,경기,양평군,0,1,0,0,0,1,0,127.4603,37.5049,경기양평군,0,1,0,0,0,48,1,1
18287,2015-10-02,0,4,1,1,0,0,0,대전,중구,0,1,0,0,3,1,0,127.4101,36.3245,대전중구,0,1,0,0,0,39,1,1
18288,2015-10-02,1,4,1,1,0,0,0,전남,여수시,0,0,0,1,2,0,0,127.6562,34.7669,전남여수시,0,0,0,0,0,102,1,1
18296,2015-10-02,1,4,1,1,0,0,0,경북,칠곡군,0,0,0,0,0,0,0,128.3991,35.9929,경북칠곡군,0,0,0,0,0,21,1,1
18300,2015-10-02,0,4,1,1,0,0,0,제주,제주시,0,1,0,2,4,0,0,126.6647,33.5384,제주제주시,0,0,0,0,0,90,1,1
18302,2015-10-03,0,5,1,1,0,0,0,전북,익산시,0,2,0,1,2,0,0,126.9603,35.9632,전북익산시,0,0,0,1,0,125,1,1
18313,2015-10-03,1,5,1,1,0,0,0,전북,김제시,0,1,0,1,2,0,0,126.8822,35.8072,전북김제시,0,0,0,1,0,34,1,1
18317,2015-10-03,0,5,1,1,0,0,0,경남,고성군,0,0,1,0,0,0,0,128.3265,34.9789,경남고성군,0,0,0,1,0,87,1,0
18318,2015-10-03,0,5,1,1,0,0,0,충남,논산시,0,0,2,0,0,1,0,127.0805,36.2084,충남논산시,0,1,0,1,0,61,1,1
18319,2015-10-03,0,5,1,1,0,0,0,경북,김천시,0,1,0,0,0,0,0,128.0253,36.1506,경북김천시,0,0,0,1,0,76,1,1
18320,2015-10-03,0,5,1,1,0,0,0,경남,진주시,0,1,0,0,0,0,0,128.0995,35.1987,경남진주시,0,0,0,1,0,42,1,1
18322,2015-10-04,0,6,1,1,0,0,0,경북,포항시,0,0,2,0,0,0,0,129.3789,36.0601,경북포항시,0,0,0,1,0,160,1,1
18323,2015-10-04,0,6,1,1,0,0,0,광주,광산구,0,0,0,1,1,0,0,126.846,35.2178,광주광산구,0,0,0,1,0,135,1,1
18329,2015-10-04,1,6,1,1,0,0,0,충북,청주시,0,3,5,0,0,0,0,127.7086,36.6765,충북청주시,0,0,0,1,0,83,0,0
18332,2015-10-04,0,6,1,1,0,0,0,전남,목포시,0,2,0,0,0,0,0,126.3832,34.7868,전남목포시,0,0,0,1,0,153,1,1
18333,2015-10-04,0,6,1,1,0,0,0,경기,포천시,0,2,0,0,0,0,0,127.2264,37.7803,경기포천시,0,0,0,1,0,171,1,1