index,발생년월일,주야,요일,사망자수,사상자수,중상자수,경상자수,부상신고자수,발생지시도,발생지시군구,사고유형_대분류,사고유형_중분류,법규위반,도로형태_대분류,도로형태,당사자종별_1당_대분류,당사자종별_2당_대분류,경도,위도,발생지,사고피해정도,사고차량타입,도시여부,주말/공휴일,인구수,발생지번호,보행자의위치,무단횡단여부
18334,2015-10-04,0,6,1,1,0,0,0,서울,용산구,0,0,0,0,0,0,0,126.9693,37.5517,서울용산구,0,0,0,1,0,134,1,1
18335,2015-10-04,0,6,1,1,0,0,0,경북,구미시,0,2,0,0,0,2,0,128.3458,36.126,경북구미시,0,2,0,1,0,144,1,1
18336,2015-10-04,0,6,1,1,0,0,0,전남,여수시,0,0,0,0,3,2,0,127.7295,34.7404,전남여수시,0,2,0,1,0,102,1,1
18339,2015-10-05,1,0,1,1,0,0,0,경기,고양시,0,0,3,2,4,0,0,126.8008,37.7085,경기고양시,0,0,0,0,0,40,1,1
18343,2015-10-05,1,0,1,1,0,0,0,인천,남동구,0,0,0,1,2,2,0,126.7361,37.4477,인천남동구,0,2,0,0,0,29,1,1
18346,2015-10-05,0,0,1,1,0,0,0,제주,서귀포시,0,0,1,0,3,0,0,126.2828,33.2498,제주서귀포시,0,0,0,0,0,62,1,0
18347,2015-10-05,0,0,1,1,0,0,0,전북,정읍시,0,3,0,2,4,0,0,127.0222,35.5708,전북정읍시,0,0,0,0,0,12,0,0
18349,2015-10-05,0,0,1,1,0,0,0,서울,양천구,0,0,3,0,0,0,0,126.8779,37.5203,서울양천구,0,0,0,0,0,140,1,1
18352,2015-10-06,0,1,1,1,0,0,0,부산,해운대구,0,0,0,1,1,0,0,129.1652,35.1621,부산해운대구,0,0,0,0,0,1,1,1
18355,2015-10-06,1,1,1,1,0,0,0,충북,청주시,0,0,0,0,0,0,0,127.4821,36.6542,충북청주시,0,0,0,0,0,83,1,1
18356,2015-10-06,1,1,1,1,0,0,0,경북,영덕군,0,2,0,0,0,1,0,129.3694,36.3883,경북영덕군,0,1,0,0,0,54,1,1
18364,2015-10-06,1,1,1,1,0,0,0,대구,달서구,0,0,0,0,0,4,0,128.5676,35.8557,대구달서구,0,4,0,0,0,20,1,1
18368,2015-10-06,0,1,1,1,0,0,0,충남,태안군,0,2,0,0,0,0,0,126.3064,36.7495,충남태안군,0,0,0,0,0,169,1,1
18370,2015-10-07,0,2,1,1,0,0,0,경남,창원시(통합),0,2,0,0,0,0,0,128.607,35.3115,경남창원시(통합),0,0,0,0,0,86,1,1
18372,2015-10-07,0,2,1,1,0,0,0,전북,전주시,0,4,1,1,1,1,0,127.1112,35.8299,전북전주시,0,1,0,0,0,11,0,0
18373,2015-10-07,0,2,1,1,0,0,0,부산,기장군,0,0,3,0,0,2,0,129.1795,35.3223,부산기장군,0,2,0,0,0,85,1,1
18378,2015-10-07,0,2,1,1,0,0,0,경남,사천시,0,1,0,0,0,0,0,127.9671,35.118,경남사천시,0,0,0,0,0,57,1,1
18379,2015-10-07,0,2,1,1,0,0,0,강원,강릉시,0,2,0,0,0,0,0,128.8859,37.7448,강원강릉시,0,0,0,0,0,194,1,1
18380,2015-10-07,0,2,1,1,0,0,0,충남,보령시,0,3,0,0,0,0,0,126.6456,36.3811,충남보령시,0,0,0,0,0,136,0,0
18381,2015-10-07,0,2,1,1,0,0,0,부산,중구,0,0,0,0,3,0,0,129.0376,35.1104,부산중구,0,0,0,0,0,228,1,1
18388,2015-10-08,1,3,1,1,0,0,0,강원,원주시,0,0,3,1,1,1,0,127.9334,37.344,강원원주시,0,1,0,0,0,36,1,1
18393,2015-10-08,0,3,1,1,0,0,0,대구,북구,0,0,0,0,0,0,0,128.6035,35.908,대구북구,0,0,0,0,0,112,1,1
18394,2015-10-08,0,3,1,1,0,0,0,전남,순천시,0,0,0,0,0,0,0,127.5114,34.9374,전남순천시,0,0,0,0,0,27,1,1
18396,2015-10-08,0,3,1,1,0,0,0,경남,통영시,0,2,0,1,2,0,0,128.4317,34.85,경남통영시,0,0,0,0,0,212,1,1
18401,2015-10-09,1,4,1,1,0,0,0,경기,고양시,0,3,0,2,4,0,0,126.7159,37.6607,경기고양시,0,0,0,1,0,40,0,0
18408,2015-10-09,1,4,1,1,0,0,0,경남,남해군,0,0,0,0,0,0,0,127.8644,34.7457,경남남해군,0,0,0,1,0,197,1,1
18409,2015-10-09,0,4,1,1,0,0,0,전남,광양시,0,0,3,1,2,0,0,127.726,34.9318,전남광양시,0,0,0,1,0,130,1,1
18411,2015-10-10,0,5,1,1,0,0,0,서울,서초구,0,2,2,0,0,0,0,127.0257,37.4844,서울서초구,0,0,0,1,0,214,1,1
18413,2015-10-10,1,5,1,1,0,0,0,대구,동구,0,1,0,0,0,0,0,128.641,35.9109,대구동구,0,0,0,1,0,26,1,1
18415,2015-10-10,1,5,1,1,0,0,0,경북,경산시,0,3,0,0,0,0,0,128.7446,35.8316,경북경산시,0,0,0,1,0,52,0,0
18422,2015-10-10,0,5,1,1,0,0,0,경기,고양시,0,0,0,1,2,1,0,126.8742,37.5989,경기고양시,0,1,0,1,0,40,1,1
18424,2015-10-11,1,6,1,1,0,0,0,경기,고양시,0,0,0,0,0,0,0,126.9051,37.7087,경기고양시,0,0,0,1,0,40,1,1
18427,2015-10-11,1,6,1,1,0,0,0,전남,나주시,0,0,1,0,3,0,0,126.6059,35.0302,전남나주시,0,0,0,1,0,33,1,0
18428,2015-10-11,1,6,1,1,0,0,0,서울,서대문구,0,3,0,0,0,2,0,126.9418,37.5918,서울서대문구,0,2,0,1,0,195,0,0
18432,2015-10-11,0,6,1,1,0,0,0,충북,괴산군,0,0,2,1,2,2,0,127.7928,36.806,충북괴산군,0,2,0,1,0,179,1,1
18433,2015-10-11,0,6,1,1,0,0,0,경기,포천시,0,0,0,0,0,0,0,127.1409,37.8232,경기포천시,0,0,0,1,0,171,1,1
18435,2015-10-12,0,0,1,1,0,0,0,경북,구미시,0,4,0,1,1,0,0,128.3496,36.0719,경북구미시,0,0,0,0,0,144,0,0
18438,2015-10-12,0,0,1,1,0,0,0,서울,강남구,0,0,0,0,3,0,0,127.0456,37.4968,서울강남구,0,0,0,0,0,89,1,1
18439,2015-10-12,1,0,1,1,0,0,0,서울,은평구,0,0,3,0,3,0,0,126.9463,37.6584,서울은평구,0,0,0,0,0,139,1,1
18440,2015-10-12,1,0,1,1,0,0,0,전북,정읍시,0,0,0,1,2,2,0,126.8527,35.5704,전북정읍시,0,2,0,0,0,12,1,1
18442,2015-10-12,1,0,1,1,0,0,0,경기,화성시,0,0,0,1,2,1,0,126.9497,37.2205,경기화성시,0,1,0,0,0,50,1,1
18445,2015-10-12,1,0,1,3,0,2,0,광주,서구,0,0,1,0,3,0,0,126.852,35.1481,광주서구,0,0,0,0,0,222,1,0
18458,2015-10-13,1,1,1,1,0,0,0,서울,관악구,0,0,3,1,2,0,0,126.9169,37.4891,서울관악구,0,0,0,0,0,188,1,1
18460,2015-10-13,0,1,1,1,0,0,0,전남,장흥군,0,0,0,0,0,1,0,126.933,34.678,전남장흥군,0,1,0,0,0,56,1,1
18461,2015-10-13,0,1,1,1,0,0,0,경남,사천시,0,2,0,0,0,0,0,128.1332,34.9764,경남사천시,0,0,0,0,0,57,1,1
18462,2015-10-14,0,2,1,1,0,0,0,경기,여주시,0,0,0,1,2,0,0,127.6344,37.2892,경기여주시,0,0,0,0,0,22,1,1
18465,2015-10-14,0,2,1,1,0,0,0,경기,수원시,0,0,0,1,1,1,0,127.0242,37.2652,경기수원시,0,1,0,0,0,99,1,1
18469,2015-10-14,1,2,1,1,0,0,0,대구,수성구,0,0,0,1,2,0,0,128.6234,35.8538,대구수성구,0,0,0,0,0,37,1,1
18476,2015-10-14,1,2,1,1,0,0,0,경기,포천시,0,0,1,0,3,1,0,127.2096,37.893,경기포천시,0,1,0,0,0,171,1,0
18478,2015-10-14,1,2,1,1,0,0,0,인천,연수구,0,1,0,0,0,1,0,126.662,37.4282,인천연수구,0,1,0,0,0,35,1,1
18479,2015-10-14,0,2,1,1,0,0,0,경기,양주시,0,1,0,1,1,1,0,126.9979,37.7986,경기양주시,0,1,0,0,0,59,1,1
18480,2015-10-14,0,2,1,4,0,3,0,경북,안동시,0,1,1,1,1,1,0,128.8867,36.546,경북안동시,1,1,0,0,0,66,1,0
18481,2015-10-14,0,2,1,1,0,0,0,대구,북구,0,0,0,1,1,0,0,128.6006,35.8863,대구북구,0,0,0,0,0,112,1,1
18486,2015-10-15,1,3,1,1,0,0,0,전남,완도군,0,3,0,0,0,0,0,126.7802,34.3731,전남완도군,0,0,0,0,0,141,0,0
18487,2015-10-15,1,3,1,1,0,0,0,충남,천안시,0,0,1,0,0,1,0,127.1854,36.9107,충남천안시,0,1,0,0,0,63,1,0
18492,2015-10-16,1,4,1,1,0,0,0,경기,김포시,0,0,0,0,0,5,0,126.6211,37.6187,경기김포시,0,5,0,0,0,47,1,1
18494,2015-10-16,1,4,1,1,0,0,0,대구,동구,0,0,1,0,3,0,0,128.7049,35.8727,대구동구,0,0,0,0,0,26,1,0
18497,2015-10-16,1,4,1,1,0,0,0,전북,익산시,0,2,0,1,1,3,0,126.9395,36.0486,전북익산시,0,3,0,0,0,125,1,1
18504,2015-10-16,0,4,1,3,2,0,0,경북,영천시,0,0,1,1,1,2,0,128.9359,35.9696,경북영천시,1,2,0,0,0,5,1,0
18505,2015-10-16,0,4,1,1,0,0,0,대구,서구,0,1,0,0,0,0,0,128.5595,35.8831,대구서구,0,0,0,0,0,107,1,1
18507,2015-10-16,0,4,1,1,0,0,0,강원,춘천시,0,0,1,0,3,0,0,127.7299,37.8781,강원춘천시,0,0,0,0,0,111,1,0
18509,2015-10-17,0,5,1,1,0,0,0,서울,노원구,0,0,0,1,2,2,0,127.0669,37.6293,서울노원구,0,2,0,1,0,18,1,1
18510,2015-10-17,0,5,1,1,0,0,0,충북,청주시,0,1,0,0,0,1,0,127.5657,36.7746,충북청주시,0,1,0,1,0,83,1,1
18511,2015-10-17,1,5,1,1,0,0,0,충남,서천군,0,3,0,0,0,1,0,126.6765,36.067,충남서천군,0,1,0,1,0,10,0,0
18513,2015-10-17,1,5,1,1,0,0,0,경기,화성시,0,1,0,0,0,0,0,126.9766,37.2244,경기화성시,0,0,0,1,0,50,1,1
18520,2015-10-17,0,5,1,1,0,0,0,전남,여수시,0,0,0,0,0,0,0,127.7278,34.7412,전남여수시,0,0,0,1,0,102,1,1
18524,2015-10-18,0,6,1,1,0,0,0,광주,북구,0,0,0,0,0,0,0,126.9024,35.1554,광주북구,0,0,0,1,0,137,1,1
18525,2015-10-18,0,6,1,1,0,0,0,전북,김제시,0,1,0,0,0,1,0,126.9563,35.9036,전북김제시,0,1,0,1,0,34,1,1
18526,2015-10-18,1,6,1,1,0,0,0,경북,경주시,0,2,0,0,0,1,0,129.4624,35.7058,경북경주시,0,1,0,1,0,100,1,1
18527,2015-10-18,1,6,1,1,0,0,0,경북,안동시,0,0,0,1,1,3,0,128.5615,36.5832,경북안동시,0,3,0,1,0,66,1,1
18530,2015-10-18,0,6,1,1,0,0,0,충남,논산시,0,0,0,0,0,0,0,127.1098,36.2109,충남논산시,0,0,0,1,0,61,1,1
18532,2015-10-18,0,6,1,1,0,0,0,광주,광산구,0,0,2,0,0,5,0,126.7883,35.1496,광주광산구,0,5,0,1,0,135,1,1
18534,2015-10-18,0,6,1,1,0,0,0,경남,김해시,0,1,0,2,4,2,0,128.7155,35.278,경남김해시,0,2,0,1,0,13,1,1
18535,2015-10-18,0,6,1,1,0,0,0,경기,양평군,0,3,0,1,1,1,0,127.401,37.5115,경기양평군,0,1,0,1,0,48,0,0
18540,2015-10-19,1,0,1,1,0,0,0,경기,용인시,0,0,3,1,1,2,0,127.2072,37.2355,경기용인시,0,2,0,0,0,51,1,1
18544,2015-10-19,1,0,1,1,0,0,0,대전,중구,0,1,4,1,2,0,0,127.4083,36.3357,대전중구,0,0,0,0,0,39,1,1
18545,2015-10-19,1,0,1,1,0,0,0,전남,강진군,0,0,0,0,0,3,0,126.7197,34.5627,전남강진군,0,3,0,0,0,121,1,1
18548,2015-10-19,0,0,1,1,0,0,0,충북,음성군,0,2,0,1,1,0,0,127.4986,37.0215,충북음성군,0,0,0,0,0,110,1,1
18549,2015-10-19,0,0,1,1,0,0,0,충남,논산시,0,0,0,0,0,0,0,127.1092,36.1265,충남논산시,0,0,0,0,0,61,1,1
18552,2015-10-19,0,0,1,1,0,0,0,경북,영천시,0,3,0,0,0,0,0,129.0002,36.0519,경북영천시,0,0,0,0,0,5,0,0
18553,2015-10-19,0,0,1,1,0,0,0,경기,안산시,0,1,0,0,0,0,0,126.8659,37.2861,경기안산시,0,0,0,0,0,2,1,1
18555,2015-10-19,0,0,1,1,0,0,0,경기,성남시,0,0,0,0,0,0,0,127.1416,37.4379,경기성남시,0,0,0,0,0,95,1,1
18557,2015-10-20,0,1,1,1,0,0,0,충북,청주시,0,1,0,0,0,1,0,127.4701,36.6172,충북청주시,0,1,0,0,0,83,1,1
18562,2015-10-20,1,1,1,1,0,0,0,경북,구미시,0,1,0,1,1,1,0,128.3597,36.1194,경북구미시,0,1,0,0,0,144,1,1
18567,2015-10-20,0,1,1,1,0,0,0,경북,구미시,0,1,0,0,0,1,0,128.1792,36.2646,경북구미시,0,1,0,0,0,144,1,1
18568,2015-10-20,0,1,1,1,0,0,0,경남,창원시(통합),0,1,0,0,0,1,0,128.5886,35.2365,경남창원시(통합),0,1,0,0,0,86,1,1
18571,2015-10-20,0,1,1,1,0,0,0,경북,포항시,0,1,0,0,0,2,0,129.3492,35.9907,경북포항시,0,2,0,0,0,160,1,1
18573,2015-10-21,0,2,1,1,0,0,0,전남,무안군,0,1,0,0,0,0,0,126.4684,34.9947,전남무안군,0,0,0,0,0,101,1,1
18575,2015-10-21,0,2,1,1,0,0,0,경북,영주시,0,3,0,0,0,0,0,128.5269,36.8668,경북영주시,0,0,0,0,0,113,0,0
18577,2015-10-21,1,2,1,1,0,0,0,충북,청주시,0,0,1,1,1,0,0,127.4899,36.6153,충북청주시,0,0,0,0,0,83,1,0
18578,2015-10-21,1,2,1,1,0,0,0,경남,하동군,0,0,0,1,2,0,0,127.8171,34.9562,경남하동군,0,0,0,0,0,172,1,1
18580,2015-10-21,1,2,1,5,2,2,0,경남,사천시,0,1,5,0,0,0,0,128.1146,34.9452,경남사천시,1,0,0,0,0,57,1,1
18582,2015-10-21,1,2,1,1,0,0,0,경기,고양시,0,1,0,0,0,0,0,126.8179,37.6072,경기고양시,0,0,0,0,0,40,1,1
18590,2015-10-21,0,2,1,1,0,0,0,경북,상주시,0,0,2,0,0,1,0,128.0977,36.5647,경북상주시,0,1,0,0,0,58,1,1
18592,2015-10-22,0,3,1,1,0,0,0,경남,창원시(통합),0,1,0,0,0,0,0,128.4713,35.1155,경남창원시(통합),0,0,0,0,0,86,1,1
18594,2015-10-22,1,3,1,1,0,0,0,서울,영등포구,0,0,0,0,0,0,0,126.9085,37.4962,서울영등포구,0,0,0,0,0,150,1,1
18597,2015-10-22,0,3,1,1,0,0,0,제주,제주시,0,0,0,1,2,1,0,126.187,33.3544,제주제주시,0,1,0,0,0,90,1,1
18599,2015-10-22,0,3,1,1,0,0,0,강원,영월군,0,3,0,0,0,0,0,128.2605,37.2615,강원영월군,0,0,0,0,0,114,0,0
18600,2015-10-22,0,3,1,1,0,0,0,충북,청주시,0,0,3,1,1,0,0,127.447,36.6173,충북청주시,0,0,0,0,0,83,1,1
18602,2015-10-22,0,3,1,1,0,0,0,경기,안성시,0,1,0,0,0,0,0,127.4804,37.0987,경기안성시,0,0,0,0,0,23,1,1
18606,2015-10-23,0,4,1,1,0,0,0,경기,하남시,0,3,0,1,1,1,0,127.1969,37.5188,경기하남시,0,1,0,0,0,67,0,0
18610,2015-10-23,0,4,1,1,0,0,0,울산,동구,0,0,0,1,1,4,0,129.4171,35.5,울산동구,0,4,0,0,0,225,1,1
18613,2015-10-23,1,4,1,1,0,0,0,서울,중구,0,1,0,2,4,2,0,126.978,37.5603,서울중구,0,2,0,0,0,8,1,1
18614,2015-10-23,1,4,1,1,0,0,0,충북,청주시,0,0,0,0,0,0,0,127.4987,36.6173,충북청주시,0,0,0,0,0,83,1,1
18616,2015-10-23,1,4,1,1,0,0,0,서울,마포구,0,1,1,0,3,1,0,126.9129,37.549,서울마포구,0,1,0,0,0,159,1,0
18617,2015-10-23,1,4,1,1,0,0,0,경남,고성군,0,0,2,1,1,0,0,128.3967,35.0154,경남고성군,0,0,0,0,0,87,1,1
18618,2015-10-23,0,4,1,1,0,0,0,전남,영암군,0,0,0,0,0,1,0,126.6793,34.803,전남영암군,0,1,0,0,0,16,1,1
18623,2015-10-23,0,4,1,1,0,0,0,서울,관악구,0,0,1,0,3,0,0,126.9567,37.4906,서울관악구,0,0,0,0,0,188,1,0
18625,2015-10-23,0,4,1,1,0,0,0,서울,중구,0,0,0,0,3,2,0,126.9688,37.568,서울중구,0,2,0,0,0,8,1,1
18626,2015-10-23,0,4,1,1,0,0,0,인천,계양구,0,0,0,1,2,1,0,126.7279,37.5306,인천계양구,0,1,0,0,0,7,1,1
18627,2015-10-24,0,5,1,1,0,0,0,경기,과천시,0,0,2,0,0,0,0,126.9887,37.4577,경기과천시,0,0,0,1,0,227,1,1
18628,2015-10-24,0,5,1,1,0,0,0,전남,여수시,0,3,0,0,0,0,0,127.5847,34.874,전남여수시,0,0,0,1,0,102,0,0
18629,2015-10-24,0,5,1,1,0,0,0,경북,울진군,0,1,0,0,0,0,0,129.4144,37.0533,경북울진군,0,0,0,1,0,208,1,1
18632,2015-10-24,1,5,1,1,0,0,0,경기,남양주시,0,2,0,0,0,0,0,127.3024,37.6711,경기남양주시,0,0,0,1,0,70,1,1
18633,2015-10-24,1,5,1,1,0,0,0,강원,춘천시,0,0,0,1,2,2,0,127.7281,37.8801,강원춘천시,0,2,0,1,0,111,1,1
18635,2015-10-24,1,5,1,1,0,0,0,충북,청주시,0,0,1,0,3,0,0,127.4723,36.6415,충북청주시,0,0,0,1,0,83,1,0
18641,2015-10-24,0,5,1,1,0,0,0,경기,부천시,0,1,0,0,0,2,0,126.813,37.4792,경기부천시,0,2,0,1,0,65,1,1
18642,2015-10-24,0,5,1,1,0,0,0,충남,논산시,0,0,0,0,0,0,0,127.0484,36.1711,충남논산시,0,0,0,1,0,61,1,1
18644,2015-10-25,0,6,1,2,0,1,0,경북,칠곡군,0,2,0,0,0,0,0,128.5552,35.9816,경북칠곡군,0,0,0,1,0,21,1,1
18646,2015-10-25,0,6,1,1,0,0,0,광주,광산구,0,0,0,0,0,1,0,126.8101,35.1613,광주광산구,0,1,0,1,0,135,1,1
18647,2015-10-25,0,6,1,1,0,0,0,경기,성남시,0,0,0,0,0,0,0,127.1728,37.457,경기성남시,0,0,0,1,0,95,1,1
18650,2015-10-25,0,6,1,1,0,0,0,경남,진주시,0,3,0,1,2,2,0,128.083,35.2856,경남진주시,0,2,0,1,0,42,0,0
18651,2015-10-25,1,6,1,4,2,1,0,강원,원주시,0,4,0,0,0,1,0,128.0506,37.4396,강원원주시,1,1,0,1,0,36,0,0
18655,2015-10-25,0,6,1,1,0,0,0,경기,화성시,0,1,0,1,1,0,0,126.913,37.138,경기화성시,0,0,0,1,0,50,1,1
18656,2015-10-25,0,6,1,1,0,0,0,충남,예산군,0,2,0,0,0,0,0,126.8505,36.6074,충남예산군,0,0,0,1,0,187,1,1
18657,2015-10-25,0,6,1,1,0,0,0,서울,강북구,0,0,0,0,0,0,0,127.0394,37.6322,서울강북구,0,0,0,1,0,200,1,1
18658,2015-10-25,0,6,1,1,0,0,0,경기,양평군,0,1,0,0,0,0,0,127.6569,37.5165,경기양평군,0,0,0,1,0,48,1,1
18664,2015-10-26,1,0,1,1,0,0,0,경북,안동시,0,1,0,0,0,1,0,128.6886,36.6133,경북안동시,0,1,0,0,0,66,1,1
18666,2015-10-26,1,0,1,1,0,0,0,전남,장성군,0,1,0,1,1,3,0,126.7768,35.4411,전남장성군,0,3,0,0,0,146,1,1
18669,2015-10-26,0,0,1,1,0,0,0,전남,보성군,0,1,0,1,1,1,0,127.1856,34.9049,전남보성군,0,1,0,0,0,122,1,1
18670,2015-10-26,0,0,1,1,0,0,0,경기,구리시,0,0,0,0,0,1,0,127.1429,37.6157,경기구리시,0,1,0,0,0,165,1,1
18672,2015-10-27,0,1,1,1,0,0,0,충남,천안시,0,1,0,0,0,1,0,127.1364,36.8219,충남천안시,0,1,0,0,0,63,1,1
18673,2015-10-27,0,1,1,1,0,0,0,서울,구로구,0,0,0,1,1,0,0,126.9029,37.4845,서울구로구,0,0,0,0,0,79,1,1
18674,2015-10-27,0,1,1,1,0,0,0,서울,관악구,0,0,0,1,2,0,0,126.9565,37.4907,서울관악구,0,0,0,0,0,188,1,1
18675,2015-10-27,0,1,1,1,0,0,0,경기,시흥시,0,1,0,0,0,1,0,126.8135,37.428,경기시흥시,0,1,0,0,0,73,1,1
18676,2015-10-27,0,1,1,1,0,0,0,대전,동구,0,1,0,0,0,0,0,127.4409,36.2783,대전동구,0,0,0,0,0,80,1,1
18678,2015-10-27,1,1,1,1,0,0,0,전남,고흥군,0,3,0,1,1,1,0,127.23,34.574,전남고흥군,0,1,0,0,0,191,0,0
18679,2015-10-27,1,1,1,1,0,0,0,인천,강화군,0,0,0,0,0,2,0,126.4883,37.74,인천강화군,0,2,0,0,0,92,1,1
18680,2015-10-27,1,1,1,1,0,0,0,충남,보령시,0,0,0,0,0,0,0,126.6004,36.3539,충남보령시,0,0,0,0,0,136,1,1
18681,2015-10-27,0,1,1,1,0,0,0,대구,달성군,0,0,0,1,2,0,0,128.627,35.796,대구달성군,0,0,0,0,0,30,1,1
18682,2015-10-27,0,1,1,1,0,0,0,전남,여수시,0,0,0,0,0,0,0,127.6769,34.7641,전남여수시,0,0,0,0,0,102,1,1
18683,2015-10-27,0,1,1,1,0,0,0,경북,포항시,0,0,0,0,0,0,0,129.3612,36.0175,경북포항시,0,0,0,0,0,160,1,1
18684,2015-10-28,0,2,1,1,0,0,0,인천,남동구,0,1,5,0,0,0,0,126.7183,37.4299,인천남동구,0,0,0,0,0,29,1,1
18687,2015-10-28,1,2,1,1,0,0,0,경남,김해시,0,0,0,0,0,1,0,128.8135,35.2004,경남김해시,0,1,0,0,0,13,1,1
18690,2015-10-28,1,2,1,1,0,0,0,전북,정읍시,0,1,0,1,2,1,0,126.8123,35.6611,전북정읍시,0,1,0,0,0,12,1,1
18692,2015-10-28,0,2,1,1,0,0,0,광주,동구,0,0,0,2,4,4,0,126.9299,35.13,광주동구,0,4,0,0,0,162,1,1
18693,2015-10-28,0,2,1,1,0,0,0,경기,성남시,0,1,0,0,0,1,0,127.1668,37.4601,경기성남시,0,1,0,0,0,95,1,1
18696,2015-10-29,1,3,1,1,0,0,0,전북,군산시,0,2,0,0,0,0,0,126.7281,35.9731,전북군산시,0,0,0,0,0,166,1,1
18697,2015-10-29,1,3,1,1,0,0,0,경기,부천시,0,0,1,1,2,2,0,126.8174,37.4892,경기부천시,0,2,0,0,0,65,1,0
18702,2015-10-29,1,3,1,1,0,0,0,인천,남동구,0,2,0,1,1,1,0,126.7082,37.4634,인천남동구,0,1,0,0,0,29,1,1
18705,2015-10-29,1,3,1,1,0,0,0,서울,노원구,0,0,0,0,0,2,0,127.0554,37.6817,서울노원구,0,2,0,0,0,18,1,1
18707,2015-10-29,0,3,1,1,0,0,0,충북,단양군,0,3,2,0,0,0,0,128.2943,37.0047,충북단양군,0,0,0,0,0,204,0,0
18708,2015-10-29,0,3,1,1,0,0,0,서울,강동구,0,1,0,1,2,0,0,127.1314,37.5383,서울강동구,0,0,0,0,0,91,1,1
18710,2015-10-29,0,3,1,1,0,0,0,충남,천안시,0,1,0,0,0,0,0,127.0887,36.9305,충남천안시,0,0,0,0,0,63,1,1
18711,2015-10-29,0,3,1,1,0,0,0,경북,경주시,0,1,0,0,0,0,0,129.2069,35.8521,경북경주시,0,0,0,0,0,100,1,1
18713,2015-10-30,0,4,1,1,0,0,0,경기,파주시,0,3,0,0,0,2,0,126.8084,37.8516,경기파주시,0,2,0,0,0,175,0,0
18715,2015-10-30,1,4,1,1,0,0,0,전남,진도군,0,1,0,0,0,1,0,126.2498,34.5857,전남진도군,0,1,0,0,0,71,1,1
18718,2015-10-30,1,4,1,1,0,0,0,부산,영도구,0,0,1,0,3,0,0,129.0439,35.0876,부산영도구,0,0,0,0,0,173,1,0
18719,2015-10-30,1,4,1,1,0,0,0,부산,강서구,0,1,3,0,0,0,0,128.9808,35.2137,부산강서구,0,0,0,0,0,206,1,1
18720,2015-10-30,1,4,1,1,0,0,0,서울,은평구,0,3,0,1,1,0,0,126.9199,37.5897,서울은평구,0,0,0,0,0,139,0,0
18723,2015-10-30,0,4,1,1,0,0,0,대구,달성군,0,0,0,1,1,0,0,128.4107,35.7443,대구달성군,0,0,0,0,0,30,1,1
18724,2015-10-30,0,4,1,1,0,0,0,강원,원주시,0,0,0,0,0,0,0,127.9464,37.3798,강원원주시,0,0,0,0,0,36,1,1
18728,2015-10-31,1,5,1,1,0,0,0,충북,단양군,0,0,0,0,0,0,0,128.3636,36.9211,충북단양군,0,0,0,1,0,204,1,1
18730,2015-10-31,1,5,1,1,0,0,0,전북,익산시,0,0,0,0,0,2,0,126.9443,36.0031,전북익산시,0,2,0,1,0,125,1,1
18731,2015-10-31,0,5,1,1,0,0,0,충북,진천군,0,0,3,1,1,0,0,127.5116,36.8692,충북진천군,0,0,0,1,0,60,1,1
18732,2015-10-31,0,5,1,1,0,0,0,경기,군포시,0,1,0,0,0,0,0,126.9478,37.3446,경기군포시,0,0,0,1,0,126,1,1
18733,2015-11-01,0,6,1,1,0,0,0,서울,구로구,0,0,1,0,3,0,0,126.8923,37.4991,서울구로구,0,0,0,1,0,79,1,0
18738,2015-11-01,1,6,1,1,0,0,0,충남,서산시,0,0,2,1,2,0,0,126.5794,36.6854,충남서산시,0,0,0,1,0,69,1,1
18739,2015-11-01,1,6,1,2,0,0,1,강원,원주시,0,0,1,1,2,4,0,127.9506,37.3825,강원원주시,0,4,0,1,0,36,1,0
18742,2015-11-01,1,6,1,1,0,0,0,전남,담양군,0,1,0,1,1,1,0,126.9866,35.3057,전남담양군,0,1,0,1,0,181,1,1
18743,2015-11-01,0,6,1,1,0,0,0,경북,예천군,0,0,0,0,0,0,0,128.4182,36.6199,경북예천군,0,0,0,1,0,55,1,1
18744,2015-11-01,0,6,1,1,0,0,0,경남,양산시,0,1,0,0,0,0,0,129.1471,35.3678,경남양산시,0,0,0,1,0,49,1,1
18747,2015-11-02,0,0,1,1,0,0,0,경기,광주시,0,1,0,1,1,2,0,127.2351,37.4325,경기광주시,0,2,0,0,0,9,1,1
18749,2015-11-02,0,0,1,1,0,0,0,경기,동두천시,0,4,1,0,3,1,0,127.0807,37.8944,경기동두천시,0,1,0,0,0,94,0,0
18754,2015-11-03,1,1,1,1,0,0,0,경남,합천군,0,2,0,2,4,1,0,128.0903,35.4554,경남합천군,0,1,0,0,0,133,1,1
18756,2015-11-03,1,1,1,1,0,0,0,서울,강동구,0,0,3,1,1,2,0,127.1542,37.5491,서울강동구,0,2,0,0,0,91,1,1
18758,2015-11-03,1,1,1,1,0,0,0,광주,서구,0,2,0,0,0,1,0,126.869,35.1619,광주서구,0,1,0,0,0,222,1,1
18760,2015-11-03,1,1,1,1,0,0,0,부산,강서구,0,0,0,0,3,1,0,128.8863,35.1145,부산강서구,0,1,0,0,0,206,1,1