index,발생년월일,주야,요일,사망자수,사상자수,중상자수,경상자수,부상신고자수,발생지시도,발생지시군구,사고유형_대분류,사고유형_중분류,법규위반,도로형태_대분류,도로형태,당사자종별_1당_대분류,당사자종별_2당_대분류,경도,위도,발생지,사고피해정도,사고차량타입,도시여부,주말/공휴일,인구수,발생지번호,보행자의위치,무단횡단여부
18762,2015-11-03,0,1,1,1,0,0,0,충남,서산시,0,3,0,0,0,0,0,126.5344,36.7995,충남서산시,0,0,0,0,0,69,0,0
18774,2015-11-04,1,2,1,1,0,0,0,서울,노원구,0,3,0,0,0,3,0,127.0669,37.6563,서울노원구,0,3,0,0,0,18,0,0
18777,2015-11-04,0,2,1,1,0,0,0,경기,평택시,0,0,0,1,2,2,0,126.825,37.0058,경기평택시,0,2,0,0,0,14,1,1
18778,2015-11-04,0,2,1,1,0,0,0,경북,청송군,0,0,0,0,0,1,0,129.0695,36.3984,경북청송군,0,1,0,0,0,203,1,1
18779,2015-11-04,0,2,1,1,0,0,0,경기,양주시,0,0,0,0,0,0,0,126.9791,37.719,경기양주시,0,0,0,0,0,59,1,1
18780,2015-11-05,0,3,1,1,0,0,0,경기,남양주시,0,0,0,0,3,0,0,127.2344,37.6467,경기남양주시,0,0,0,0,0,70,1,1
18781,2015-11-05,0,3,1,1,0,0,0,경기,안양시,0,1,0,0,0,0,0,126.9203,37.3962,경기안양시,0,0,0,0,0,151,1,1
18783,2015-11-05,1,3,1,1,0,0,0,서울,영등포구,0,1,0,0,0,0,0,126.8989,37.5376,서울영등포구,0,0,0,0,0,150,1,1
18784,2015-11-05,1,3,1,1,0,0,0,충북,영동군,0,3,0,0,0,0,0,127.718,36.2389,충북영동군,0,0,0,0,0,75,0,0
18786,2015-11-05,1,3,1,1,0,0,0,서울,양천구,0,1,0,0,0,0,0,126.8229,37.5351,서울양천구,0,0,0,0,0,140,1,1
18790,2015-11-05,0,3,1,1,0,0,0,전북,군산시,0,3,0,0,0,0,0,126.8025,35.9494,전북군산시,0,0,0,0,0,166,0,0
18793,2015-11-06,1,4,1,1,0,0,0,대구,북구,0,1,2,1,2,0,0,128.5636,35.8894,대구북구,0,0,0,0,0,112,1,1
18794,2015-11-06,1,4,1,1,0,0,0,인천,남구,0,0,0,1,2,0,0,126.6787,37.4427,인천남동구,0,0,0,0,0,29,1,1
18795,2015-11-06,1,4,1,1,0,0,0,서울,강동구,0,1,3,1,2,0,0,127.1703,37.562,서울강동구,0,0,0,0,0,91,1,1
18797,2015-11-06,1,4,1,1,0,0,0,서울,관악구,0,3,0,0,0,0,0,126.98,37.4763,서울관악구,0,0,0,0,0,188,0,0
18800,2015-11-06,0,4,1,1,0,0,0,충북,진천군,0,0,0,1,2,0,0,127.3766,36.8827,충북진천군,0,0,0,0,0,60,1,1
18803,2015-11-06,0,4,1,1,0,0,0,제주,제주시,0,0,0,0,0,0,0,126.2722,33.4076,제주제주시,0,0,0,0,0,90,1,1
18804,2015-11-06,0,4,1,1,0,0,0,경기,가평군,0,0,0,1,1,2,0,127.4223,37.7405,경기가평군,0,2,0,0,0,176,1,1
18806,2015-11-06,0,4,1,1,0,0,0,전북,전주시,0,0,2,0,0,2,0,127.1138,35.806,전북전주시,0,2,0,0,0,11,1,1
18808,2015-11-07,0,5,1,1,0,0,0,경남,함안군,0,1,0,0,0,0,0,128.37,35.2925,경남함안군,0,0,0,1,0,117,1,1
18809,2015-11-07,0,5,1,1,0,0,0,충남,천안시,0,0,0,0,0,0,0,127.1347,36.8149,충남천안시,0,0,0,1,0,63,1,1
18810,2015-11-07,0,5,1,1,0,0,0,대구,동구,0,1,0,1,2,1,0,128.6268,35.885,대구동구,0,1,0,1,0,26,1,1
18811,2015-11-07,0,5,1,1,0,0,0,서울,광진구,0,1,0,0,0,0,0,127.0934,37.5481,서울광진구,0,0,0,1,0,183,1,1
18812,2015-11-07,0,5,1,1,0,0,0,서울,구로구,0,1,0,1,1,0,0,126.8465,37.5014,서울구로구,0,0,0,1,0,79,1,1
18813,2015-11-07,0,5,1,1,0,0,0,대구,남구,0,1,0,0,3,0,0,128.6021,35.8446,대구남구,0,0,0,1,0,145,1,1
18814,2015-11-07,1,5,1,1,0,0,0,제주,제주시,0,1,1,1,1,1,0,126.4422,33.4933,제주제주시,0,1,0,1,0,90,1,0
18816,2015-11-07,1,5,1,1,0,0,0,경기,시흥시,0,0,0,0,3,0,0,126.8172,37.4184,경기시흥시,0,0,0,1,0,73,1,1
18819,2015-11-07,1,5,1,1,0,0,0,서울,양천구,0,0,0,1,1,6,0,126.8309,37.5394,서울양천구,0,6,0,1,0,140,1,1
18821,2015-11-07,0,5,1,1,0,0,0,서울,동대문구,0,0,0,0,0,0,0,127.0533,37.5911,서울동대문구,0,0,0,1,0,201,1,1
18822,2015-11-07,0,5,1,1,0,0,0,충남,부여군,0,0,0,0,0,0,0,126.9169,36.2756,충남부여군,0,0,0,1,0,129,1,1
18824,2015-11-07,0,5,1,1,0,0,0,경북,의성군,0,1,0,0,0,1,0,128.8016,36.4145,경북의성군,0,1,0,1,0,105,1,1
18826,2015-11-07,0,5,1,1,0,0,0,대전,동구,0,0,0,0,0,1,0,127.4736,36.327,대전동구,0,1,0,1,0,80,1,1
18827,2015-11-07,0,5,1,1,0,0,0,대전,대덕구,0,0,0,0,0,0,0,127.4293,36.4484,대전대덕구,0,0,0,1,0,77,1,1
18829,2015-11-07,0,5,1,1,0,0,0,강원,춘천시,0,2,0,0,0,0,0,127.7817,37.9298,강원춘천시,0,0,0,1,0,111,1,1
18830,2015-11-08,0,6,1,1,0,0,0,경기,용인시,0,0,0,1,1,0,0,127.1097,37.2961,경기용인시,0,0,0,1,0,51,1,1
18832,2015-11-08,0,6,1,1,0,0,0,경북,안동시,0,0,0,0,0,0,0,128.7474,36.5615,경북안동시,0,0,0,1,0,66,1,1
18833,2015-11-08,0,6,1,1,0,0,0,서울,마포구,0,1,0,0,0,0,0,126.9061,37.5605,서울마포구,0,0,0,1,0,159,1,1
18834,2015-11-08,0,6,1,1,0,0,0,서울,은평구,0,0,2,1,2,0,0,126.9247,37.6158,서울은평구,0,0,0,1,0,139,1,1
18835,2015-11-08,0,6,1,1,0,0,0,경기,양주시,0,0,2,0,0,0,0,127.0783,37.7956,경기양주시,0,0,0,1,0,59,1,1
18836,2015-11-08,0,6,1,1,0,0,0,대구,수성구,0,1,0,0,0,0,0,128.6165,35.8461,대구수성구,0,0,0,1,0,37,1,1
18837,2015-11-08,0,6,1,1,0,0,0,경기,성남시,0,1,0,0,0,0,0,127.1369,37.4354,경기성남시,0,0,0,1,0,95,1,1
18838,2015-11-08,1,6,1,1,0,0,0,경기,부천시,0,0,0,0,0,1,0,126.7673,37.5244,경기부천시,0,1,0,1,0,65,1,1
18839,2015-11-08,1,6,1,1,0,0,0,광주,북구,0,0,1,0,0,0,0,126.9067,35.1726,광주북구,0,0,0,1,0,137,1,0
18845,2015-11-08,1,6,1,1,0,0,0,부산,영도구,0,3,0,0,0,0,0,129.0485,35.0902,부산영도구,0,0,0,1,0,173,0,0
18846,2015-11-08,1,6,1,1,0,0,0,충남,홍성군,0,0,1,0,0,1,0,126.6687,36.6011,충남홍성군,0,1,0,1,0,38,1,0
18848,2015-11-08,0,6,1,1,0,0,0,전북,정읍시,0,0,0,0,0,0,0,126.85,35.5817,전북정읍시,0,0,0,1,0,12,1,1
18849,2015-11-08,0,6,1,1,0,0,0,경북,영천시,0,0,0,0,0,2,0,128.9083,35.9541,경북영천시,0,2,0,1,0,5,1,1
18850,2015-11-08,0,6,1,1,0,0,0,경북,김천시,0,2,0,0,0,2,0,128.0257,36.1453,경북김천시,0,2,0,1,0,76,1,1
18851,2015-11-08,0,6,1,1,0,0,0,대전,유성구,0,0,0,1,2,0,0,127.3312,36.3485,대전유성구,0,0,0,1,0,148,1,1
18852,2015-11-08,0,6,1,1,0,0,0,대구,서구,0,0,0,0,0,0,0,128.5739,35.8855,대구서구,0,0,0,1,0,107,1,1
18854,2015-11-08,0,6,1,1,0,0,0,경기,용인시,0,2,0,1,1,0,0,127.3359,37.1807,경기용인시,0,0,0,1,0,51,1,1
18859,2015-11-09,1,0,1,1,0,0,0,경기,안양시,0,0,0,1,2,4,0,126.9145,37.396,경기안양시,0,4,0,0,0,151,1,1
18861,2015-11-09,1,0,1,1,0,0,0,광주,광산구,0,0,1,1,1,0,0,126.7625,35.0777,광주광산구,0,0,0,0,0,135,1,0
18864,2015-11-09,1,0,1,1,0,0,0,경기,안양시,0,1,0,0,0,3,0,126.9191,37.4033,경기안양시,0,3,0,0,0,151,1,1
18865,2015-11-09,1,0,1,1,0,0,0,강원,속초시,0,1,0,1,1,1,0,128.5791,38.1921,강원속초시,0,1,0,0,0,104,1,1
18867,2015-11-09,0,0,1,1,0,0,0,충남,당진시,0,0,0,0,0,1,0,126.591,36.8402,충남당진시,0,1,0,0,0,46,1,1
18868,2015-11-09,0,0,1,1,0,0,0,충남,서천군,0,2,0,0,0,1,0,126.5292,36.1609,충남서천군,0,1,0,0,0,10,1,1
18869,2015-11-09,0,0,1,1,0,0,0,경북,경주시,0,2,0,0,0,1,0,129.1574,35.8264,경북경주시,0,1,0,0,0,100,1,1
18870,2015-11-10,0,1,1,1,0,0,0,충남,예산군,0,1,0,1,2,1,0,126.6347,36.6852,충남예산군,0,1,0,0,0,187,1,1
18871,2015-11-10,0,1,1,1,0,0,0,경북,경주시,0,0,0,0,0,1,0,129.3208,35.7292,경북경주시,0,1,0,0,0,100,1,1
18872,2015-11-10,0,1,1,1,0,0,0,경기,용인시,0,0,0,1,1,0,0,127.1113,37.2807,경기용인시,0,0,0,0,0,51,1,1
18876,2015-11-10,1,1,1,1,0,0,0,전북,정읍시,0,0,0,1,2,1,0,126.9555,35.6127,전북정읍시,0,1,0,0,0,12,1,1
18877,2015-11-10,1,1,1,1,0,0,0,전남,순천시,0,0,0,0,0,0,0,127.4882,34.9604,전남순천시,0,0,0,0,0,27,1,1
18883,2015-11-10,0,1,1,1,0,0,0,전북,군산시,0,3,0,0,0,1,0,126.6756,35.9204,전북군산시,0,1,0,0,0,166,0,0
18888,2015-11-11,1,2,1,1,0,0,0,대구,북구,0,0,0,0,0,1,0,128.5444,35.9304,대구북구,0,1,0,0,0,112,1,1
18889,2015-11-11,1,2,1,1,0,0,0,부산,강서구,0,0,1,0,0,1,0,128.9528,35.2168,부산강서구,0,1,0,0,0,206,1,0
18890,2015-11-11,0,2,1,1,0,0,0,전남,광양시,0,0,0,0,0,0,0,127.5522,34.9902,전남광양시,0,0,0,0,0,130,1,1
18896,2015-11-12,0,3,1,1,0,0,0,서울,구로구,0,0,0,1,1,0,0,126.8924,37.5068,서울구로구,0,0,0,0,0,79,1,1
18898,2015-11-12,1,3,1,1,0,0,0,경기,화성시,0,2,0,0,0,0,0,126.985,37.1028,경기화성시,0,0,0,0,0,50,1,1
18899,2015-11-12,1,3,1,1,0,0,0,서울,금천구,0,0,1,1,1,0,0,126.9003,37.451,서울금천구,0,0,0,0,0,109,1,0
18903,2015-11-12,0,3,1,1,0,0,0,경북,고령군,0,0,1,0,3,0,0,128.2862,35.7148,경북고령군,0,0,0,0,0,220,1,0
18904,2015-11-12,0,3,1,2,1,0,0,충북,청주시,0,0,1,0,0,4,0,127.4397,36.6286,충북청주시,0,4,0,0,0,83,1,0
18905,2015-11-12,0,3,1,1,0,0,0,전남,여수시,0,0,0,1,2,2,0,127.6252,34.7403,전남여수시,0,2,0,0,0,102,1,1
18907,2015-11-12,0,3,1,1,0,0,0,전남,목포시,0,0,0,0,0,0,0,126.3973,34.8049,전남목포시,0,0,0,0,0,153,1,1
18911,2015-11-13,0,4,1,1,0,0,0,전북,부안군,0,1,0,0,0,1,0,126.6997,35.7641,전북부안군,0,1,0,0,0,185,1,1
18912,2015-11-13,0,4,1,1,0,0,0,경기,수원시,0,0,0,0,0,0,0,127.0019,37.2648,경기수원시,0,0,0,0,0,99,1,1
18913,2015-11-13,1,4,1,1,0,0,0,전북,익산시,0,2,0,1,2,0,0,126.9799,35.9686,전북익산시,0,0,0,0,0,125,1,1
18914,2015-11-13,1,4,1,1,0,0,0,제주,서귀포시,0,1,0,0,0,2,0,126.5103,33.2586,제주서귀포시,0,2,0,0,0,62,1,1
18916,2015-11-13,0,4,1,1,0,0,0,충남,예산군,0,3,0,1,1,0,0,126.8264,36.7356,충남예산군,0,0,0,0,0,187,0,0
18917,2015-11-13,0,4,1,1,0,0,0,전남,완도군,0,1,0,0,0,1,0,126.623,34.2011,전남완도군,0,1,0,0,0,141,1,1
18918,2015-11-13,0,4,1,1,0,0,0,경남,사천시,0,0,0,1,1,0,0,128.0781,34.9512,경남사천시,0,0,0,0,0,57,1,1
18919,2015-11-13,0,4,1,1,0,0,0,충남,아산시,0,0,3,1,2,0,0,127.0749,36.8379,충남아산시,0,0,0,0,0,53,1,1
18920,2015-11-14,0,5,1,1,0,0,0,광주,광산구,0,0,2,0,0,0,0,126.8046,35.1772,광주광산구,0,0,0,1,0,135,1,1
18922,2015-11-14,0,5,1,1,0,0,0,서울,서초구,0,0,2,0,0,1,0,126.9816,37.4791,서울서초구,0,1,0,1,0,214,1,1
18923,2015-11-14,1,5,1,1,0,0,0,제주,제주시,0,0,1,0,3,0,0,126.5302,33.513,제주제주시,0,0,0,1,0,90,1,0
18928,2015-11-14,1,5,1,1,0,0,0,경북,안동시,0,1,0,0,0,0,0,128.7249,36.56,경북안동시,0,0,0,1,0,66,1,1
18930,2015-11-14,1,5,1,1,0,0,0,경북,구미시,0,0,0,0,0,0,0,128.3064,36.2525,경북구미시,0,0,0,1,0,144,1,1
18932,2015-11-15,0,6,1,1,0,0,0,광주,서구,0,2,3,1,1,0,0,126.858,35.1324,광주서구,0,0,0,1,0,222,1,1
18935,2015-11-15,1,6,1,1,0,0,0,대전,동구,0,2,0,0,0,0,0,127.5042,36.3516,대전동구,0,0,0,1,0,80,1,1
18939,2015-11-15,1,6,1,1,0,0,0,경남,사천시,0,0,0,0,3,0,0,128.101,34.9415,경남사천시,0,0,0,1,0,57,1,1
18940,2015-11-15,0,6,1,1,0,0,0,서울,구로구,0,1,0,0,0,0,0,126.8893,37.4946,서울구로구,0,0,0,1,0,79,1,1
18948,2015-11-16,1,0,1,1,0,0,0,인천,계양구,0,0,0,1,1,0,0,126.7166,37.5268,인천계양구,0,0,0,0,0,7,1,1
18952,2015-11-17,0,1,1,1,0,0,0,서울,서초구,0,0,0,0,0,2,0,126.9997,37.5005,서울서초구,0,2,0,0,0,214,1,1
18953,2015-11-17,0,1,1,1,0,0,0,대전,대덕구,0,1,0,0,0,1,0,127.4261,36.3591,대전대덕구,0,1,0,0,0,77,1,1
18957,2015-11-17,1,1,1,1,0,0,0,전남,여수시,0,0,0,0,0,0,0,127.6993,34.768,전남여수시,0,0,0,0,0,102,1,1
18960,2015-11-17,1,1,1,2,1,0,0,서울,동대문구,0,0,0,1,1,0,0,127.0728,37.5642,서울동대문구,0,0,0,0,0,201,1,1
18961,2015-11-17,1,1,1,1,0,0,0,충북,보은군,0,2,0,0,0,1,0,127.7392,36.4961,충북보은군,0,1,0,0,0,32,1,1
18962,2015-11-17,0,1,1,1,0,0,0,부산,금정구,0,4,1,0,0,0,0,129.0928,35.2464,부산금정구,0,0,0,0,0,96,0,0
18963,2015-11-17,0,1,1,1,0,0,0,경북,포항시,0,0,0,0,0,1,0,129.362,36.0171,경북포항시,0,1,0,0,0,160,1,1
18966,2015-11-17,0,1,1,1,0,0,0,경기,안산시,0,0,0,0,0,0,0,126.8402,37.3147,경기안산시,0,0,0,0,0,2,1,1
18970,2015-11-18,1,2,1,1,0,0,0,전북,전주시,0,0,0,1,2,0,0,127.1506,35.8362,전북전주시,0,0,0,0,0,11,1,1
18971,2015-11-18,1,2,1,1,0,0,0,경기,평택시,0,0,1,0,0,0,0,127.1019,37.007,경기평택시,0,0,0,0,0,14,1,0
18974,2015-11-18,1,2,1,1,0,0,0,전북,남원시,0,0,0,1,2,1,0,127.5975,35.4696,전북남원시,0,1,0,0,0,193,1,1
18976,2015-11-18,0,2,1,1,0,0,0,충남,보령시,0,3,0,0,0,0,0,126.6218,36.1877,충남보령시,0,0,0,0,0,136,0,0
18977,2015-11-18,0,2,1,1,0,0,0,광주,광산구,0,0,2,0,0,0,0,126.8489,35.2067,광주광산구,0,0,0,0,0,135,1,1
18978,2015-11-18,0,2,1,1,0,0,0,충북,청주시,0,0,0,1,2,0,0,127.3294,36.612,충북청주시,0,0,0,0,0,83,1,1
18980,2015-11-19,0,3,1,1,0,0,0,서울,종로구,0,1,0,0,0,0,0,126.9852,37.5765,서울종로구,0,0,0,0,0,116,1,1
18981,2015-11-19,0,3,1,1,0,0,0,부산,부산진구,0,0,0,0,0,0,0,129.0578,35.1568,부산부산진구,0,0,0,0,0,163,1,1
18983,2015-11-19,0,3,1,1,0,0,0,서울,노원구,0,0,0,0,0,0,0,127.0705,37.6309,서울노원구,0,0,0,0,0,18,1,1
18984,2015-11-19,0,3,1,1,0,0,0,서울,서초구,0,4,3,0,0,0,0,126.9987,37.4798,서울서초구,0,0,0,0,0,214,0,0
18986,2015-11-19,1,3,1,1,0,0,0,서울,성북구,0,3,0,1,1,1,0,127.0109,37.6025,서울성북구,0,1,0,0,0,167,0,0
18989,2015-11-19,1,3,1,1,0,0,0,대전,유성구,0,0,3,0,3,0,0,127.3469,36.3844,대전유성구,0,0,0,0,0,148,1,1
18990,2015-11-19,1,3,1,1,0,0,0,전남,장흥군,0,3,0,0,0,0,0,126.9401,34.7232,전남장흥군,0,0,0,0,0,56,0,0
18994,2015-11-20,0,4,1,1,0,0,0,경기,평택시,0,0,0,0,0,0,0,126.9158,37.0651,경기평택시,0,0,0,0,0,14,1,1
18998,2015-11-20,0,4,1,1,0,0,0,충북,청주시,0,0,3,1,2,0,0,127.4208,36.6961,충북청주시,0,0,0,0,0,83,1,1
19000,2015-11-20,1,4,1,1,0,0,0,서울,중랑구,0,0,0,1,2,0,0,127.0932,37.5806,서울중랑구,0,0,0,0,0,196,1,1
19001,2015-11-20,1,4,1,1,0,0,0,서울,강서구,0,4,4,0,0,0,0,126.8509,37.5674,서울강서구,0,0,0,0,0,43,0,0
19002,2015-11-20,1,4,1,1,0,0,0,강원,춘천시,0,0,0,0,0,0,0,127.599,37.8333,강원춘천시,0,0,0,0,0,111,1,1
19003,2015-11-20,0,4,1,1,0,0,0,경남,사천시,0,0,0,1,1,0,0,127.9673,35.029,경남사천시,0,0,0,0,0,57,1,1
19004,2015-11-20,0,4,1,1,0,0,0,부산,기장군,0,0,0,1,1,0,0,129.2569,35.2894,부산기장군,0,0,0,0,0,85,1,1
19006,2015-11-20,0,4,1,1,0,0,0,전남,무안군,0,3,0,0,0,0,0,126.4197,34.846,전남무안군,0,0,0,0,0,101,0,0
19008,2015-11-20,0,4,1,1,0,0,0,전북,김제시,0,0,0,0,0,0,0,126.9139,35.8505,전북김제시,0,0,0,0,0,34,1,1
19012,2015-11-21,1,5,1,1,0,0,0,경북,상주시,0,2,0,0,0,0,0,128.0345,36.3848,경북상주시,0,0,0,1,0,58,1,1
19013,2015-11-21,1,5,1,1,0,0,0,경북,영천시,0,0,0,0,0,0,0,129.0093,35.9963,경북영천시,0,0,0,1,0,5,1,1
19015,2015-11-21,0,5,1,1,0,0,0,강원,영월군,0,0,0,0,3,0,0,128.4776,37.174,강원영월군,0,0,0,1,0,114,1,1
19017,2015-11-21,0,5,1,1,0,0,0,인천,남동구,0,0,1,1,1,1,0,126.7187,37.4494,인천남동구,0,1,0,1,0,29,1,0
19018,2015-11-21,0,5,1,1,0,0,0,충남,보령시,0,1,0,0,0,0,0,126.5518,36.3474,충남보령시,0,0,0,1,0,136,1,1
19021,2015-11-22,1,6,1,1,0,0,0,강원,양양군,0,0,0,1,1,1,0,128.6341,38.1096,강원양양군,0,1,0,1,0,164,1,1
19022,2015-11-22,1,6,1,1,0,0,0,강원,양양군,0,0,3,0,3,0,0,128.6301,38.1152,강원양양군,0,0,0,1,0,164,1,1
19024,2015-11-22,1,6,1,1,0,0,0,대구,북구,0,0,0,0,0,0,0,128.6222,35.9043,대구북구,0,0,0,1,0,112,1,1
19026,2015-11-22,0,6,1,1,0,0,0,충남,서천군,0,3,0,0,0,1,0,126.8026,36.0858,충남서천군,0,1,0,1,0,10,0,0
19030,2015-11-22,0,6,1,1,0,0,0,경북,의성군,0,2,0,0,0,0,0,128.4348,36.3783,경북의성군,0,0,0,1,0,105,1,1
19037,2015-11-23,1,0,1,1,0,0,0,서울,양천구,0,0,0,1,1,0,0,126.8369,37.5227,서울양천구,0,0,0,0,0,140,1,1
19038,2015-11-23,1,0,1,1,0,0,0,제주,제주시,0,0,0,0,0,1,0,126.5717,33.4716,제주제주시,0,1,0,0,0,90,1,1
19040,2015-11-23,1,0,1,1,0,0,0,대구,수성구,0,0,0,1,1,0,0,128.6448,35.8181,대구수성구,0,0,0,0,0,37,1,1
19041,2015-11-23,1,0,1,1,0,0,0,부산,부산진구,0,0,0,0,3,2,0,129.0275,35.1582,부산부산진구,0,2,0,0,0,163,1,1
19042,2015-11-23,1,0,1,1,0,0,0,전남,완도군,0,1,0,0,0,1,0,126.9297,34.3913,전남완도군,0,1,0,0,0,141,1,1
19044,2015-11-23,0,0,1,1,0,0,0,충남,서천군,0,0,0,1,1,1,0,126.736,36.0211,충남서천군,0,1,0,0,0,10,1,1
19045,2015-11-23,0,0,1,1,0,0,0,경남,양산시,0,0,0,0,0,4,0,129.0372,35.3509,경남양산시,0,4,0,0,0,49,1,1
19046,2015-11-24,0,1,1,1,0,0,0,전북,전주시,0,0,0,0,0,0,0,127.1884,35.8517,전북전주시,0,0,0,0,0,11,1,1
19047,2015-11-24,0,1,1,1,0,0,0,경기,부천시,0,0,0,1,2,2,0,126.8047,37.524,경기부천시,0,2,0,0,0,65,1,1
19048,2015-11-24,1,1,1,1,0,0,0,강원,동해시,0,0,1,0,0,1,0,129.1018,37.5417,강원동해시,0,1,0,0,0,210,1,0
19049,2015-11-24,1,1,1,1,0,0,0,경북,김천시,0,0,0,0,0,0,0,128.1192,36.1479,경북김천시,0,0,0,0,0,76,1,1
19053,2015-11-24,0,1,1,1,0,0,0,경기,화성시,0,0,0,0,0,0,0,127.1122,37.2094,경기화성시,0,0,0,0,0,50,1,1
19055,2015-11-25,0,2,1,1,0,0,0,서울,영등포구,0,0,1,0,3,0,0,126.9314,37.519,서울영등포구,0,0,0,0,0,150,1,0
19057,2015-11-25,0,2,1,1,0,0,0,서울,은평구,0,0,0,1,2,0,0,126.9296,37.6108,서울은평구,0,0,0,0,0,139,1,1
19060,2015-11-25,1,2,1,1,0,0,0,경북,구미시,0,0,0,2,4,1,0,128.3443,36.1154,경북구미시,0,1,0,0,0,144,1,1
19062,2015-11-25,1,2,1,1,0,0,0,부산,금정구,0,1,1,1,2,0,0,129.0921,35.2308,부산금정구,0,0,0,0,0,96,1,0
19064,2015-11-25,0,2,1,1,0,0,0,경기,성남시,0,0,0,2,4,0,0,127.1323,37.4343,경기성남시,0,0,0,0,0,95,1,1
19066,2015-11-25,0,2,1,1,0,0,0,서울,영등포구,0,1,0,0,0,0,0,126.8993,37.531,서울영등포구,0,0,0,0,0,150,1,1
19072,2015-11-26,1,3,1,1,0,0,0,경남,통영시,0,0,5,0,0,0,0,128.4231,34.844,경남통영시,0,0,0,0,0,212,1,1
19074,2015-11-26,1,3,1,1,0,0,0,경기,김포시,0,0,0,0,0,2,0,126.5705,37.7016,경기김포시,0,2,0,0,0,47,1,1
19075,2015-11-26,1,3,1,1,0,0,0,경기,군포시,0,0,3,0,3,0,0,126.9424,37.3732,경기군포시,0,0,0,0,0,126,1,1
19076,2015-11-26,1,3,1,1,0,0,0,강원,동해시,0,3,1,0,3,1,0,129.1192,37.5116,강원동해시,0,1,0,0,0,210,0,0
19078,2015-11-26,1,3,1,1,0,0,0,경북,영천시,0,0,0,0,0,0,0,128.9747,36.0286,경북영천시,0,0,0,0,0,5,1,1
19080,2015-11-26,0,3,1,1,0,0,0,경북,안동시,0,1,0,0,0,0,0,128.765,36.6128,경북안동시,0,0,0,0,0,66,1,1
19081,2015-11-26,0,3,1,1,0,0,0,경북,구미시,0,1,0,1,1,1,0,128.3057,36.2471,경북구미시,0,1,0,0,0,144,1,1
19083,2015-11-26,0,3,1,1,0,0,0,충북,음성군,0,1,0,0,0,0,0,127.5938,36.9881,충북음성군,0,0,0,0,0,110,1,1
19085,2015-11-26,0,3,1,1,0,0,0,인천,연수구,0,0,2,0,3,0,0,126.6531,37.387,인천연수구,0,0,0,0,0,35,1,1
19086,2015-11-26,0,3,1,1,0,0,0,울산,남구,0,0,0,0,3,2,0,129.3123,35.5314,울산남구,0,2,0,0,0,213,1,1
19095,2015-11-27,1,4,1,2,1,0,0,대구,동구,0,0,0,0,3,0,0,128.6198,35.8707,대구동구,0,0,0,0,0,26,1,1
19101,2015-11-28,0,5,1,1,0,0,0,충남,아산시,0,2,0,0,0,0,0,126.9833,36.8075,충남아산시,0,0,0,1,0,53,1,1
19107,2015-11-28,1,5,1,1,0,0,0,전북,김제시,0,0,0,0,0,1,0,126.8908,35.817,전북김제시,0,1,0,1,0,34,1,1
19108,2015-11-28,0,5,1,1,0,0,0,경북,포항시,0,0,0,0,0,1,0,129.3873,36.112,경북포항시,0,1,0,1,0,160,1,1
19116,2015-11-29,0,6,1,1,0,0,0,강원,춘천시,0,0,0,0,0,2,0,127.7566,37.8705,강원춘천시,0,2,0,1,0,111,1,1
19117,2015-11-29,0,6,1,1,0,0,0,경기,안양시,0,0,3,1,2,5,0,126.9573,37.3981,경기안양시,0,5,0,1,0,151,1,1
19120,2015-11-29,0,6,1,3,0,2,0,울산,북구,0,1,0,0,0,0,0,129.3524,35.6159,울산북구,0,0,0,1,0,158,1,1
19126,2015-11-30,1,0,1,1,0,0,0,경북,상주시,0,0,0,1,1,0,0,128.1514,36.4124,경북상주시,0,0,0,0,0,58,1,1
19129,2015-11-30,1,0,1,1,0,0,0,서울,강동구,0,2,0,1,1,5,0,127.1744,37.5461,서울강동구,0,5,0,0,0,91,1,1
19131,2015-11-30,0,0,1,1,0,0,0,충남,보령시,0,0,0,1,2,1,0,126.572,36.3373,충남보령시,0,1,0,0,0,136,1,1
19133,2015-11-30,0,0,1,1,0,0,0,경남,김해시,0,3,0,1,1,1,0,128.8884,35.2797,경남김해시,0,1,0,0,0,13,0,0
19134,2015-12-01,0,1,1,1,0,0,0,서울,영등포구,0,0,0,0,0,0,0,126.9102,37.5038,서울영등포구,0,0,0,0,0,150,1,1
19135,2015-12-01,0,1,1,1,0,0,0,서울,강남구,0,1,0,0,0,0,0,127.0493,37.5054,서울강남구,0,0,0,0,0,89,1,1
19139,2015-12-01,1,1,1,1,0,0,0,경기,광명시,0,0,1,0,0,1,0,126.8794,37.4341,경기광명시,0,1,0,0,0,81,1,0
19145,2015-12-01,1,1,1,1,0,0,0,경북,안동시,0,1,0,0,0,0,0,128.5733,36.5745,경북안동시,0,0,0,0,0,66,1,1
19146,2015-12-01,1,1,2,2,0,0,0,울산,남구,0,0,1,0,3,0,0,129.3085,35.537,울산남구,0,0,0,0,0,213,1,0
19148,2015-12-01,0,1,1,1,0,0,0,전북,전주시,0,0,0,1,2,0,0,127.1462,35.8036,전북전주시,0,0,0,0,0,11,1,1
19157,2015-12-02,1,2,1,1,0,0,0,대전,서구,0,0,1,0,0,1,0,127.3558,36.2993,대전서구,0,1,0,0,0,4,1,0