index,발생년월일,주야,요일,사망자수,사상자수,중상자수,경상자수,부상신고자수,발생지시도,발생지시군구,사고유형_대분류,사고유형_중분류,법규위반,도로형태_대분류,도로형태,당사자종별_1당_대분류,당사자종별_2당_대분류,경도,위도,발생지,사고피해정도,사고차량타입,도시여부,주말/공휴일,인구수,발생지번호,보행자의위치,무단횡단여부
19541,2012-01-01,0,6,1,1,0,0,0,경기,화성시,0,2,0,0,3,0,0,126.8107,37.2066,경기화성시,0,0,0,1,0,50,1,1
19543,2012-01-01,0,6,1,1,0,0,0,광주,서구,0,0,0,2,4,0,0,126.8339,35.1533,광주서구,0,0,0,1,0,222,1,1
19545,2012-01-04,0,2,1,1,0,0,0,경기,안성시,0,1,0,0,0,0,0,127.2018,37.0688,경기안성시,0,0,0,0,0,23,1,1
19546,2012-01-09,1,0,1,1,0,0,0,강원,춘천시,0,1,0,1,1,3,0,127.6849,37.7884,강원춘천시,0,3,0,0,0,111,1,1
19547,2012-01-06,0,4,1,1,0,0,0,대전,유성구,0,0,0,0,0,0,0,127.3253,36.3,대전유성구,0,0,0,0,0,148,1,1
19549,2012-01-05,0,3,1,1,0,0,0,경기,포천시,0,0,2,0,0,1,0,127.2178,38.0143,경기포천시,0,1,0,0,0,171,1,1
19550,2012-01-13,0,4,1,1,0,0,0,인천,계양구,0,0,0,0,0,1,0,126.721,37.5435,인천계양구,0,1,0,0,0,7,1,1
19552,2012-01-12,0,3,1,1,0,0,0,전남,순천시,0,1,0,0,0,0,0,127.5214,34.9537,전남순천시,0,0,0,0,0,27,1,1
19564,2012-01-08,1,6,1,1,0,0,0,경남,진주시,0,0,0,0,0,0,0,128.0641,35.1921,경남진주시,0,0,0,1,0,42,1,1
19566,2012-01-05,1,3,1,1,0,0,0,충남,천안시,0,3,0,0,0,0,0,127.2967,36.7581,충남천안시,0,0,0,0,0,63,0,0
19568,2012-01-13,0,4,2,2,0,0,0,인천,남동구,0,0,0,0,0,0,0,126.7065,37.4656,인천남동구,0,0,0,0,0,29,1,1
19569,2012-01-12,0,3,1,1,0,0,0,인천,남동구,0,0,0,0,0,0,0,126.707,37.4496,인천남동구,0,0,0,0,0,29,1,1
19573,2012-01-26,1,3,1,1,0,0,0,경북,구미시,0,1,0,0,0,5,0,128.3207,36.1359,경북구미시,0,5,0,0,0,144,1,1
19579,2012-01-25,1,2,1,1,0,0,0,경남,진주시,0,2,0,0,0,0,0,128.1148,35.159,경남진주시,0,0,0,0,0,42,1,1
19587,2012-06-01,0,4,1,1,0,0,0,경기,성남시,0,2,0,0,0,0,0,127.1033,37.3955,경기성남시,0,0,0,0,0,95,1,1
19597,2012-06-01,0,4,1,1,0,0,0,경기,김포시,0,1,0,0,0,0,0,126.769,37.5936,경기김포시,0,0,0,0,0,47,1,1
19609,2012-01-14,0,5,1,1,0,0,0,경기,남양주시,0,1,0,0,3,1,0,127.1699,37.6118,경기남양주시,0,1,0,1,0,70,1,1
19617,2012-01-03,0,1,1,1,0,0,0,전북,전주시,0,0,0,0,0,0,0,127.1259,35.8373,전북전주시,0,0,0,0,0,11,1,1
19621,2012-01-05,0,3,1,1,0,0,0,경남,진주시,0,0,0,1,2,0,0,128.0977,35.1345,경남진주시,0,0,0,0,0,42,1,1
19625,2012-01-14,1,5,1,1,0,0,0,부산,해운대구,0,1,0,0,0,1,0,129.1293,35.2295,부산해운대구,0,1,0,1,0,1,1,1
19627,2012-01-10,1,1,1,1,0,0,0,울산,남구,0,1,0,0,0,1,0,129.3086,35.5412,울산남구,0,1,0,0,0,213,1,1
19639,2012-01-08,0,6,1,1,0,0,0,경기,수원시,0,0,0,1,1,0,0,127.0221,37.2604,경기수원시,0,0,0,1,0,99,1,1
19640,2012-01-05,0,3,1,1,0,0,0,전북,전주시,0,0,3,0,0,0,0,127.1349,35.8414,전북전주시,0,0,0,0,0,11,1,1
19655,2012-08-10,0,4,1,1,0,0,0,강원,원주시,0,1,0,0,0,1,0,127.8223,37.3078,강원원주시,0,1,0,0,0,36,1,1
19657,2012-10-06,0,5,1,1,0,0,0,경기,안성시,0,0,0,0,0,0,0,127.1326,37.0733,경기안성시,0,0,0,1,0,23,1,1
19673,2012-06-19,1,1,1,1,0,0,0,울산,울주군,0,0,0,0,0,0,0,129.1693,35.6583,울산울주군,0,0,0,0,0,17,1,1
19684,2012-01-12,1,3,1,1,0,0,0,충남,천안시,0,0,3,0,3,2,0,127.1187,36.8022,충남천안시,0,2,0,0,0,63,1,1
19686,2012-01-11,1,2,1,1,0,0,0,경남,진주시,0,0,0,0,0,1,0,128.1169,35.1871,경남진주시,0,1,0,0,0,42,1,1
19694,2012-01-02,1,0,1,1,0,0,0,경기,화성시,0,0,0,1,2,2,0,126.9394,37.1945,경기화성시,0,2,0,0,0,50,1,1
19695,2012-01-07,0,5,1,1,0,0,0,경북,안동시,0,0,0,0,0,0,0,128.7143,36.5641,경북안동시,0,0,0,1,0,66,1,1
19696,2012-01-09,1,0,1,1,0,0,0,울산,남구,0,0,0,0,0,0,0,129.3601,35.4707,울산남구,0,0,0,0,0,213,1,1
19697,2012-01-07,1,5,1,1,0,0,0,충남,서산시,0,0,0,2,4,0,0,126.4769,36.767,충남서산시,0,0,0,1,0,69,1,1
19698,2012-01-08,0,6,1,2,1,0,0,대구,수성구,0,0,0,0,0,0,0,128.6999,35.8421,대구수성구,0,0,0,1,0,37,1,1
19699,2012-01-05,0,3,1,1,0,0,0,충북,청주시,0,0,3,1,1,0,0,127.425,36.6334,충북청주시,0,0,0,0,0,83,1,1
19702,2012-01-12,1,3,1,1,0,0,0,경기,의왕시,0,4,3,0,3,1,0,126.9781,37.3419,경기의왕시,0,1,0,0,0,199,0,0
19707,2012-02-29,0,3,1,1,0,0,0,인천,남구,0,0,0,0,0,0,0,126.6626,37.4383,인천남동구,0,0,0,0,0,29,1,1
19717,2012-01-10,1,1,1,1,0,0,0,전남,강진군,0,0,2,0,3,0,0,126.7242,34.56,전남강진군,0,0,0,0,0,121,1,1
19739,2012-06-16,0,5,1,6,2,3,0,전남,함평군,0,1,0,2,4,0,0,126.4863,35.0975,전남함평군,1,0,0,1,0,157,1,1
19756,2012-12-28,1,4,1,1,0,0,0,충북,옥천군,0,3,0,0,0,1,0,127.6327,36.2931,충북옥천군,0,1,0,0,0,142,0,0
19757,2012-10-24,0,2,1,1,0,0,0,충남,당진시,0,1,0,0,0,2,0,126.704,36.891,충남당진시,0,2,0,0,0,46,1,1
19763,2012-09-19,1,2,1,1,0,0,0,충북,괴산군,0,1,0,0,0,1,0,127.921,36.8522,충북괴산군,0,1,0,0,0,179,1,1
19766,2012-01-01,0,6,1,1,0,0,0,서울,은평구,0,2,0,0,0,0,0,126.9319,37.6128,서울은평구,0,0,0,1,0,139,1,1
19767,2012-01-02,0,0,1,1,0,0,0,경기,수원시,0,0,0,0,0,0,0,127.0356,37.254,경기수원시,0,0,0,0,0,99,1,1
19769,2012-01-03,1,1,1,1,0,0,0,충북,충주시,0,0,0,0,0,0,0,127.9259,36.9741,충북충주시,0,0,0,0,0,6,1,1
19771,2012-01-09,1,0,1,1,0,0,0,전북,부안군,0,0,1,0,3,2,0,126.7324,35.7264,전북부안군,0,2,0,0,0,185,1,0
19772,2012-01-05,0,3,1,1,0,0,0,경기,시흥시,0,0,0,1,2,0,0,126.7679,37.3825,경기시흥시,0,0,0,0,0,73,1,1
19773,2012-01-13,1,4,1,1,0,0,0,경남,진주시,0,0,0,0,0,0,0,128.0888,35.1928,경남진주시,0,0,0,0,0,42,1,1
19782,2012-10-10,1,2,1,1,0,0,0,전북,정읍시,0,0,0,0,0,0,0,126.8932,35.6289,전북정읍시,0,0,0,0,0,12,1,1
19784,2012-10-17,1,2,2,14,11,0,1,경남,진주시,0,1,0,0,0,2,0,128.0469,35.1765,경남진주시,2,2,0,0,0,42,1,1
19795,2012-01-09,0,0,1,1,0,0,0,경기,용인시,0,0,0,0,0,1,0,127.3304,37.2511,경기용인시,0,1,0,0,0,51,1,1
19798,2012-01-01,0,6,1,1,0,0,0,울산,남구,0,0,0,1,1,0,0,129.3069,35.5407,울산남구,0,0,0,1,0,213,1,1
19800,2012-01-07,1,5,1,1,0,0,0,경기,시흥시,0,0,3,0,3,0,0,126.7284,37.3649,경기시흥시,0,0,0,1,0,73,1,1
19803,2012-01-07,0,5,1,1,0,0,0,울산,남구,0,0,0,0,3,0,0,129.3145,35.5338,울산남구,0,0,0,1,0,213,1,1
19804,2012-01-07,1,5,1,1,0,0,0,경기,시흥시,0,0,0,0,0,0,0,126.7376,37.3489,경기시흥시,0,0,0,1,0,73,1,1
19805,2012-01-06,0,4,1,1,0,0,0,제주,제주시,0,4,0,1,2,2,0,126.5005,33.5174,제주제주시,0,2,0,0,0,90,0,0
19808,2012-01-10,0,1,1,1,0,0,0,충북,진천군,0,0,0,0,0,0,0,127.4089,36.8251,충북진천군,0,0,0,0,0,60,1,1
19809,2012-01-11,1,2,1,1,0,0,0,경남,밀양시,0,0,0,0,3,1,0,128.7553,35.4631,경남밀양시,0,1,0,0,0,177,1,1
19813,2012-04-16,0,0,1,2,1,0,0,경북,의성군,0,1,0,0,0,0,0,128.5831,36.3337,경북의성군,0,0,0,0,0,105,1,1
19815,2012-08-30,1,3,1,11,3,7,0,전남,장성군,0,1,0,0,0,2,0,126.8068,35.4014,전남장성군,2,2,0,0,0,146,1,1
19818,2012-01-03,0,1,2,2,0,0,0,전남,나주시,0,1,0,0,0,0,0,126.8599,35.077,전남나주시,0,0,0,0,0,33,1,1
19820,2012-01-05,1,3,1,1,0,0,0,전남,순천시,0,1,0,0,0,0,0,127.4835,34.9069,전남순천시,0,0,0,0,0,27,1,1
19824,2012-01-11,0,2,1,1,0,0,0,서울,중랑구,0,0,3,1,2,0,0,127.0932,37.5982,서울중랑구,0,0,0,0,0,196,1,1
19846,2012-01-02,1,0,1,1,0,0,0,경기,고양시,0,0,0,0,3,2,0,126.7508,37.6748,경기고양시,0,2,0,0,0,40,1,1
19848,2012-01-05,1,3,1,1,0,0,0,울산,울주군,0,1,0,0,0,0,0,129.1786,35.4747,울산울주군,0,0,0,0,0,17,1,1
19850,2012-01-12,0,3,1,1,0,0,0,서울,관악구,0,0,2,0,3,0,0,126.9435,37.4822,서울관악구,0,0,0,0,0,188,1,1
19851,2012-01-11,1,2,1,1,0,0,0,경기,의정부시,0,1,0,0,0,1,0,127.049,37.7432,경기의정부시,0,1,0,0,0,64,1,1
19855,2012-04-06,0,4,1,1,0,0,0,경기,용인시,0,3,0,0,0,1,0,127.0716,37.2952,경기용인시,0,1,0,0,0,51,0,0
19865,2012-01-10,0,1,1,1,0,0,0,경북,경주시,0,0,0,0,0,0,0,129.0856,35.8647,경북경주시,0,0,0,0,0,100,1,1
19879,2012-01-12,0,3,1,1,0,0,0,경북,영천시,0,1,0,2,4,1,0,129.0099,36.0553,경북영천시,0,1,0,0,0,5,1,1
19881,2012-01-11,0,2,1,1,0,0,0,서울,송파구,0,0,0,0,3,2,0,127.1222,37.4866,서울송파구,0,2,0,0,0,156,1,1
19882,2012-01-10,0,1,1,1,0,0,0,경기,수원시,0,0,0,0,0,2,0,126.9993,37.268,경기수원시,0,2,0,0,0,99,1,1
19895,2012-01-05,0,3,1,1,0,0,0,경기,남양주시,0,0,0,1,1,1,0,127.153,37.6719,경기남양주시,0,1,0,0,0,70,1,1
19906,2012-01-02,0,0,1,1,0,0,0,전남,해남군,0,0,0,1,2,2,0,126.3027,34.7184,전남해남군,0,2,0,0,0,119,1,1
19907,2012-01-08,1,6,1,2,1,0,0,경기,안산시,0,3,0,0,0,0,0,126.7968,37.3493,경기안산시,0,0,0,1,0,2,0,0
19908,2012-01-10,1,1,1,1,0,0,0,전남,담양군,0,0,0,0,0,0,0,126.9896,35.3434,전남담양군,0,0,0,0,0,181,1,1
19922,2012-07-22,0,6,1,1,0,0,0,경기,의정부시,0,0,0,0,0,0,0,127.0527,37.6958,경기의정부시,0,0,0,1,0,64,1,1
19934,2012-05-10,0,3,1,1,0,0,0,대구,중구,0,0,0,0,0,0,0,128.6052,35.8627,대구중구,0,0,0,0,0,178,1,1
19942,2012-05-22,1,1,1,1,0,0,0,광주,광산구,0,0,4,1,2,1,0,126.7745,35.0993,광주광산구,0,1,0,0,0,135,1,1
19946,2012-05-25,1,4,1,1,0,0,0,충남,서산시,0,2,0,0,0,0,0,126.5228,36.7054,충남서산시,0,0,0,0,0,69,1,1
19948,2012-06-02,0,5,1,1,0,0,0,인천,계양구,0,0,0,0,0,0,0,126.7227,37.5371,인천계양구,0,0,0,1,0,7,1,1
19950,2012-06-07,0,3,1,1,0,0,0,경북,구미시,0,1,0,0,0,0,0,128.4258,36.0995,경북구미시,0,0,0,0,0,144,1,1
19961,2012-04-25,0,2,1,1,0,0,0,강원,횡성군,0,2,0,0,0,0,0,127.9807,37.4943,강원횡성군,0,0,0,0,0,31,1,1
19963,2012-04-30,1,0,1,1,0,0,0,인천,연수구,0,2,0,0,0,1,0,126.6459,37.4259,인천연수구,0,1,0,0,0,35,1,1
19970,2012-05-01,0,1,1,1,0,0,0,경기,부천시,0,0,0,1,2,2,0,126.7955,37.4752,경기부천시,0,2,0,1,0,65,1,1
19971,2012-05-01,0,1,1,1,0,0,0,경기,고양시,0,0,0,0,0,0,0,126.8067,37.6639,경기고양시,0,0,0,1,0,40,1,1
19976,2012-05-15,0,1,1,1,0,0,0,전남,여수시,0,1,0,0,0,0,0,127.5885,34.7716,전남여수시,0,0,0,0,0,102,1,1
19977,2012-05-23,0,2,1,1,0,0,0,전남,목포시,0,0,1,0,3,1,0,126.3772,34.803,전남목포시,0,1,0,0,0,153,1,0
19978,2012-05-23,0,2,1,1,0,0,0,충남,천안시,0,1,0,0,0,0,0,127.1395,36.7842,충남천안시,0,0,0,0,0,63,1,1
19979,2012-05-24,0,3,1,1,0,0,0,광주,북구,0,0,1,0,3,0,0,126.8993,35.1716,광주북구,0,0,0,0,0,137,1,0
19981,2012-05-27,0,6,2,2,0,0,0,부산,해운대구,0,0,0,0,3,2,0,129.1978,35.1821,부산해운대구,0,2,0,1,0,1,1,1
19984,2012-05-31,0,3,1,1,0,0,0,인천,남동구,0,1,0,0,0,2,0,126.7262,37.4639,인천남동구,0,2,0,0,0,29,1,1
19985,2012-05-31,0,3,1,2,0,0,1,인천,부평구,0,1,0,0,0,7,0,126.7111,37.4804,인천부평구,0,7,0,0,0,44,1,1
19991,2012-06-11,1,0,1,1,0,0,0,전북,완주군,0,0,1,1,2,3,0,126.9982,35.8189,전북완주군,0,3,0,0,0,28,1,0
19994,2012-06-08,0,4,1,1,0,0,0,제주,서귀포시,0,1,0,0,0,0,0,126.5714,33.2549,제주서귀포시,0,0,0,0,0,62,1,1
19999,2012-04-27,1,4,1,1,0,0,0,경남,산청군,0,0,0,0,3,1,0,128.0348,35.3423,경남산청군,0,1,0,0,0,224,1,1
20000,2012-04-26,0,3,1,1,0,0,0,부산,연제구,0,1,3,0,3,0,0,129.1072,35.1804,부산연제구,0,0,0,0,0,221,1,1
20002,2012-05-01,0,1,1,1,0,0,0,경기,성남시,0,1,0,0,0,0,0,127.1295,37.4365,경기성남시,0,0,0,1,0,95,1,1
20008,2012-05-05,1,5,1,1,0,0,0,부산,진구,0,1,0,0,0,1,0,129.0597,35.1585,부산진구,0,1,0,1,0,231,1,1
20009,2012-05-03,0,3,1,1,0,0,0,경남,창원시(통합),0,1,0,0,0,1,0,128.4977,35.2317,경남창원시(통합),0,1,0,0,0,86,1,1
20019,2012-05-15,0,1,1,2,1,0,0,대구,수성구,0,1,3,0,3,0,0,128.6239,35.8366,대구수성구,0,0,0,0,0,37,1,1
20020,2012-05-19,0,5,1,1,0,0,0,대구,북구,0,0,0,0,0,0,0,128.5492,35.8972,대구북구,0,0,0,1,0,112,1,1
20021,2012-05-20,0,6,1,1,0,0,0,경남,밀양시,0,2,0,0,0,1,0,128.767,35.5218,경남밀양시,0,1,0,1,0,177,1,1
20022,2012-05-20,1,6,1,1,0,0,0,경남,밀양시,0,0,0,1,2,0,0,128.7445,35.4919,경남밀양시,0,0,0,1,0,177,1,1
20027,2012-05-26,0,5,1,1,0,0,0,충남,당진시,0,0,0,1,2,1,0,126.5849,36.9373,충남당진시,0,1,0,1,0,46,1,1
20031,2012-05-25,0,4,1,1,0,0,0,경남,창원시(통합),0,2,0,0,0,0,0,128.6459,35.2449,경남창원시(통합),0,0,0,0,0,86,1,1
20039,2012-06-13,1,2,1,3,1,1,0,인천,부평구,0,1,0,0,3,0,0,126.7375,37.487,인천부평구,0,0,0,0,0,44,1,1
20043,2012-01-01,0,6,1,1,0,0,0,서울,서초구,0,0,0,1,2,0,0,127.0348,37.4837,서울서초구,0,0,0,1,0,214,1,1
20045,2012-01-03,0,1,1,1,0,0,0,전남,여수시,0,0,2,1,1,0,0,127.7176,34.7311,전남여수시,0,0,0,0,0,102,1,1
20048,2012-06-01,0,4,1,1,0,0,0,충남,금산군,0,0,0,0,0,0,0,127.5472,36.0634,충남금산군,0,0,0,0,0,68,1,1
20049,2012-06-05,1,1,1,1,0,0,0,경기,안산시,0,2,0,1,1,1,0,126.8017,37.3245,경기안산시,0,1,0,0,0,2,1,1
20052,2012-06-03,0,6,1,1,0,0,0,충남,천안시,0,0,0,1,1,0,0,127.1371,36.8138,충남천안시,0,0,0,1,0,63,1,1
20053,2012-06-10,0,6,1,1,0,0,0,대구,수성구,0,4,2,0,0,0,0,128.6167,35.8325,대구수성구,0,0,0,1,0,37,0,0
20054,2012-06-10,1,6,1,1,0,0,0,경남,남해군,0,0,0,1,1,1,0,127.8939,34.841,경남남해군,0,1,0,1,0,197,1,1
20060,2012-04-25,1,2,1,1,0,0,0,충북,청원군,0,0,1,0,3,1,0,127.5285,36.7189,충북청주시,0,1,0,0,0,83,1,0
20064,2012-04-29,1,6,1,1,0,0,0,충남,아산시,0,1,0,1,1,0,0,127.0149,36.7403,충남아산시,0,0,0,1,0,53,1,1
20065,2012-05-03,1,3,1,1,0,0,0,충남,천안시,0,0,3,0,3,0,0,127.135,36.8162,충남천안시,0,0,0,0,0,63,1,1
20067,2012-05-08,0,1,1,1,0,0,0,서울,성동구,0,0,0,0,3,0,0,127.0531,37.5394,서울성동구,0,0,0,0,0,84,1,1
20068,2012-05-09,0,2,1,1,0,0,0,경남,밀양시,0,0,1,1,1,0,0,128.7464,35.4819,경남밀양시,0,0,0,0,0,177,1,0
20072,2012-05-15,1,1,1,1,0,0,0,경기,양주시,0,0,0,1,2,2,0,127.1062,37.8025,경기양주시,0,2,0,0,0,59,1,1
20074,2012-05-21,1,0,1,1,0,0,0,강원,원주시,0,1,0,2,4,0,0,127.9423,37.3369,강원원주시,0,0,0,0,0,36,1,1
20076,2012-05-24,0,3,1,1,0,0,0,강원,홍천군,0,1,0,0,0,6,0,127.8758,37.6891,강원홍천군,0,6,0,0,0,82,1,1
20078,2012-06-02,0,5,1,1,0,0,0,인천,서구,0,0,0,0,0,0,0,126.6825,37.4952,인천서구,0,0,0,1,0,97,1,1
20085,2012-04-26,1,3,1,1,0,0,0,충북,진천군,0,1,0,2,4,0,0,127.4368,36.9947,충북진천군,0,0,0,0,0,60,1,1
20086,2012-04-26,0,3,1,1,0,0,0,충남,천안시,0,0,1,0,3,1,0,127.1481,36.7895,충남천안시,0,1,0,0,0,63,1,0
20088,2012-05-01,0,1,1,2,1,0,0,경북,고령군,0,0,0,0,0,0,0,128.2718,35.7312,경북고령군,0,0,0,1,0,220,1,1
20091,2012-05-04,0,4,1,1,0,0,0,서울,서대문구,0,1,0,0,0,0,0,126.9468,37.5863,서울서대문구,0,0,0,0,0,195,1,1
20092,2012-05-03,1,3,1,1,0,0,0,경기,남양주시,0,0,3,1,1,2,0,127.1811,37.7152,경기남양주시,0,2,0,0,0,70,1,1
20096,2012-06-15,0,4,1,1,0,0,0,인천,부평구,0,0,0,1,2,0,0,126.7033,37.5063,인천부평구,0,0,0,0,0,44,1,1
20100,2012-04-27,1,4,1,1,0,0,0,충남,부여군,0,1,1,0,0,1,0,126.9069,36.2799,충남부여군,0,1,0,0,0,129,1,0
20101,2012-04-24,0,1,1,1,0,0,0,전북,전주시,0,1,0,0,0,0,0,127.0948,35.8152,전북전주시,0,0,0,0,0,11,1,1
20102,2012-04-25,0,2,1,1,0,0,0,광주,남구,0,0,0,0,0,0,0,126.9014,35.1388,광주남구,0,0,0,0,0,190,1,1
20104,2012-04-30,0,0,1,1,0,0,0,대구,서구,0,1,0,0,0,2,0,128.5603,35.8887,대구서구,0,2,0,0,0,107,1,1
20109,2012-05-04,1,4,1,1,0,0,0,경북,김천시,0,1,0,0,0,1,0,128.0959,36.1238,경북김천시,0,1,0,0,0,76,1,1
20117,2012-05-12,0,5,1,1,0,0,0,전남,보성군,0,4,0,1,2,0,0,127.4066,34.8387,전남보성군,0,0,0,1,0,122,0,0
20119,2012-05-16,0,2,1,1,0,0,0,충남,서산시,0,1,0,0,0,1,0,126.3797,36.7405,충남서산시,0,1,0,0,0,69,1,1
20121,2012-05-19,1,5,1,1,0,0,0,충남,서천군,0,1,1,1,2,1,0,126.6961,36.0081,충남서천군,0,1,0,1,0,10,1,0
20124,2012-05-22,0,1,1,1,0,0,0,경기,연천군,0,0,1,0,3,0,0,127.1059,38.1812,경기연천군,0,0,0,0,0,106,1,0
20131,2012-06-15,0,4,1,1,0,0,0,인천,부평구,0,1,0,0,0,0,0,126.709,37.4821,인천부평구,0,0,0,0,0,44,1,1
20136,2012-05-03,0,3,1,1,0,0,0,부산,수영구,0,0,0,1,2,2,0,129.1174,35.153,부산수영구,0,2,0,0,0,45,1,1
20139,2012-05-12,0,5,1,1,0,0,0,울산,중구,0,1,0,1,1,2,0,129.3481,35.5806,울산중구,0,2,0,1,0,205,1,1
20140,2012-05-14,0,0,1,1,0,0,0,강원,춘천시,0,1,0,0,0,0,0,127.6227,37.8257,강원춘천시,0,0,0,0,0,111,1,1
20146,2012-05-29,1,1,1,1,0,0,0,경기,수원시,0,0,0,0,0,2,0,126.9473,37.2739,경기수원시,0,2,0,0,0,99,1,1
20148,2012-05-25,1,4,1,1,0,0,0,경북,울진군,0,2,0,0,0,1,0,129.4364,36.6785,경북울진군,0,1,0,0,0,208,1,1
20149,2012-05-30,0,2,1,1,0,0,0,경북,칠곡군,0,1,0,0,3,0,0,128.5532,35.9738,경북칠곡군,0,0,0,0,0,21,1,1
20150,2012-05-30,0,2,2,2,0,0,0,경북,김천시,0,2,0,0,0,0,0,128.118,36.1322,경북김천시,0,0,0,0,0,76,1,1
20151,2012-06-06,1,2,1,1,0,0,0,경기,화성시,0,0,2,0,3,0,0,127.0681,37.2064,경기화성시,0,0,0,1,0,50,1,1
20154,2012-06-04,0,0,1,1,0,0,0,서울,금천구,0,0,0,0,0,1,0,126.9011,37.4548,서울금천구,0,1,0,0,0,109,1,1
20158,2012-06-14,0,3,1,1,0,0,0,서울,구로구,0,0,0,0,0,2,0,126.8563,37.4975,서울구로구,0,2,0,0,0,79,1,1
20160,2012-06-15,0,4,1,2,1,0,0,경남,창원시(통합),0,0,3,1,2,0,0,128.5733,35.1991,경남창원시(통합),0,0,0,0,0,86,1,1
20161,2012-06-14,1,5,1,1,0,0,0,충북,제천시,0,1,0,0,0,1,0,128.2005,37.1311,충북제천시,0,1,0,0,0,103,1,1
20169,2012-04-28,1,5,1,1,0,0,0,강원,강릉시,0,0,0,0,0,0,0,128.8256,37.8883,강원강릉시,0,0,0,1,0,194,1,1
20172,2012-05-11,0,4,1,1,0,0,0,제주,제주시,0,0,1,0,3,0,0,126.4999,33.4898,제주제주시,0,0,0,0,0,90,1,0
20176,2012-05-13,0,6,1,1,0,0,0,대구,서구,0,0,0,0,3,0,0,128.5712,35.8647,대구서구,0,0,0,1,0,107,1,1
20178,2012-05-16,0,2,1,1,0,0,0,광주,북구,0,0,0,0,3,0,0,126.8944,35.1681,광주북구,0,0,0,0,0,137,1,1
20179,2012-05-16,0,2,1,1,0,0,0,경남,진주시,0,0,0,1,2,2,0,128.0633,35.1938,경남진주시,0,2,0,0,0,42,1,1
20181,2012-05-20,0,6,1,1,0,0,0,경기,용인시,0,1,4,0,0,0,0,127.1408,37.2562,경기용인시,0,0,0,1,0,51,1,1
20183,2012-05-22,1,1,1,1,0,0,0,서울,영등포구,0,0,0,0,0,2,0,126.8956,37.5217,서울영등포구,0,2,0,0,0,150,1,1
20184,2012-05-29,1,1,1,1,0,0,0,경기,군포시,0,0,0,0,3,0,0,126.9484,37.3435,경기군포시,0,0,0,0,0,126,1,1
20185,2012-06-01,0,4,1,1,0,0,0,대구,달성군,0,0,0,0,0,1,0,128.4462,35.6901,대구달성군,0,1,0,0,0,30,1,1
20186,2012-06-01,0,4,1,1,0,0,0,서울,금천구,0,0,0,0,0,0,0,126.9142,37.4501,서울금천구,0,0,0,0,0,109,1,1
20191,2012-06-08,1,4,1,1,0,0,0,서울,강남구,0,1,0,0,0,2,0,127.0331,37.4864,서울강남구,0,2,0,0,0,89,1,1
20194,2012-04-25,0,2,1,1,0,0,0,전남,보성군,0,1,0,0,0,0,0,127.0707,34.7585,전남보성군,0,0,0,0,0,122,1,1
20196,2012-04-24,1,1,1,1,0,0,0,인천,부평구,0,2,0,1,2,0,0,126.704,37.492,인천부평구,0,0,0,0,0,44,1,1
20198,2012-04-29,1,6,1,1,0,0,0,광주,남구,0,0,0,0,0,0,0,126.8894,35.147,광주남구,0,0,0,1,0,190,1,1
20199,2012-04-28,0,5,1,2,1,0,0,경남,밀양시,0,2,0,0,0,0,0,128.9401,35.5295,경남밀양시,0,0,0,1,0,177,1,1
20200,2012-04-29,1,6,1,1,0,0,0,충남,천안시,0,1,0,1,1,0,0,127.1592,36.8001,충남천안시,0,0,0,1,0,63,1,1
20201,2012-05-01,0,1,1,1,0,0,0,경북,구미시,0,1,0,0,0,1,0,128.3617,36.0899,경북구미시,0,1,0,1,0,144,1,1
20210,2012-05-19,1,5,1,1,0,0,0,경남,진주시,0,1,0,1,1,1,0,128.1251,35.1857,경남진주시,0,1,0,1,0,42,1,1
20211,2012-05-18,1,4,1,1,0,0,0,광주,광산구,0,0,0,0,0,0,0,126.8089,35.1663,광주광산구,0,0,0,0,0,135,1,1
20212,2012-05-23,0,2,1,1,0,0,0,대전,유성구,0,0,0,1,1,0,0,127.3309,36.3485,대전유성구,0,0,0,0,0,148,1,1
20216,2012-05-01,0,1,1,1,0,0,0,충북,제천시,0,0,0,0,0,1,0,128.1107,37.1337,충북제천시,0,1,0,1,0,103,1,1
20220,2012-05-04,1,4,1,1,0,0,0,강원,원주시,0,0,0,0,0,0,0,127.9305,37.3442,강원원주시,0,0,0,0,0,36,1,1
20222,2012-05-02,1,2,1,1,0,0,0,전남,영암군,0,0,0,0,0,1,0,126.7025,34.7992,전남영암군,0,1,0,0,0,16,1,1
20223,2012-05-02,1,2,1,1,0,0,0,서울,중랑구,0,0,0,0,0,0,0,127.0752,37.5937,서울중랑구,0,0,0,0,0,196,1,1
20225,2012-05-05,0,5,1,1,0,0,0,경남,창녕군,0,2,0,0,0,0,0,128.5159,35.4354,경남창녕군,0,0,0,1,0,211,1,1
20234,2012-05-24,1,3,1,1,0,0,0,충남,천안시,0,4,0,1,2,1,0,127.1279,36.806,충남천안시,0,1,0,0,0,63,0,0
20236,2012-05-21,0,0,1,1,0,0,0,울산,울주군,0,2,0,0,0,0,0,129.2996,35.493,울산울주군,0,0,0,0,0,17,1,1
20247,2012-06-10,1,6,1,1,0,0,0,경북,문경시,0,1,0,0,0,1,0,128.2288,36.55,경북문경시,0,1,0,1,0,74,1,1