index,발생년월일,주야,요일,사망자수,사상자수,중상자수,경상자수,부상신고자수,발생지시도,발생지시군구,사고유형_대분류,사고유형_중분류,법규위반,도로형태_대분류,도로형태,당사자종별_1당_대분류,당사자종별_2당_대분류,경도,위도,발생지,사고피해정도,사고차량타입,도시여부,주말/공휴일,인구수,발생지번호,보행자의위치,무단횡단여부
21143,2012-01-18,1,2,1,1,0,0,0,충남,태안군,0,0,0,0,0,0,0,126.2901,36.759,충남태안군,0,0,0,0,0,169,1,1
21145,2012-01-19,1,3,1,1,0,0,0,전남,신안군,0,3,0,0,0,8,0,126.1098,34.8289,전남신안군,0,8,0,0,0,132,0,0
21146,2012-01-17,1,1,1,1,0,0,0,경기,수원시,0,0,1,1,1,3,0,126.969,37.2985,경기수원시,0,3,0,0,0,99,1,0
21153,2012-01-26,0,3,1,1,0,0,0,경북,경산시,0,1,0,2,4,0,0,128.8085,35.8229,경북경산시,0,0,0,0,0,52,1,1
21157,2012-02-02,1,3,1,1,0,0,0,대구,달성군,0,1,0,0,0,2,0,128.5029,35.8073,대구달성군,0,2,0,0,0,30,1,1
21159,2012-01-28,1,5,1,1,0,0,0,서울,광진구,0,0,0,0,3,2,0,127.0946,37.5348,서울광진구,0,2,0,1,0,183,1,1
21160,2012-02-05,0,6,1,1,0,0,0,경남,진주시,0,1,0,0,0,0,0,127.9982,35.2151,경남진주시,0,0,0,1,0,42,1,1
21163,2012-02-10,0,4,1,1,0,0,0,서울,영등포구,0,1,0,0,0,0,0,126.9035,37.5203,서울영등포구,0,0,0,0,0,150,1,1
21166,2012-02-10,0,4,1,1,0,0,0,충남,보령시,0,0,1,0,3,0,0,126.6497,36.331,충남보령시,0,0,0,0,0,136,1,0
21167,2012-02-09,1,3,1,3,1,1,0,대구,수성구,0,1,0,0,0,0,0,128.6706,35.8364,대구수성구,0,0,0,0,0,37,1,1
21168,2012-02-14,1,1,1,1,0,0,0,대구,달서구,0,1,3,0,0,0,0,128.5587,35.8397,대구달서구,0,0,0,0,0,20,1,1
21179,2012-02-25,0,5,1,1,0,0,0,전남,여수시,0,0,0,0,0,0,0,127.6409,34.7266,전남여수시,0,0,0,1,0,102,1,1
21183,2012-01-17,0,1,1,1,0,0,0,경기,수원시,0,0,0,0,0,0,0,127.0396,37.264,경기수원시,0,0,0,0,0,99,1,1
21185,2012-01-16,1,0,1,1,0,0,0,경기,평택시,0,0,0,1,1,1,0,126.94,36.9976,경기평택시,0,1,0,0,0,14,1,1
21186,2012-01-20,0,4,1,1,0,0,0,서울,영등포구,0,0,0,0,3,0,0,126.9202,37.5138,서울영등포구,0,0,0,0,0,150,1,1
21187,2012-01-28,1,5,1,2,0,1,0,충북,청주시,0,0,0,0,0,2,0,127.4813,36.6362,충북청주시,0,2,0,1,0,83,1,1
21190,2012-01-31,1,1,1,1,0,0,0,충남,천안시,0,0,0,0,0,1,0,127.1332,36.8098,충남천안시,0,1,0,0,0,63,1,1
21191,2012-01-29,0,6,1,1,0,0,0,충북,청주시,0,1,0,0,0,0,0,127.5,36.6115,충북청주시,0,0,0,1,0,83,1,1
21201,2012-02-18,1,5,1,1,0,0,0,부산,사상구,0,3,0,0,0,0,0,128.9909,35.1637,부산사상구,0,0,0,1,0,120,0,0
21205,2012-02-21,0,1,1,1,0,0,0,대구,중구,0,0,0,0,0,0,0,128.5788,35.8782,대구중구,0,0,0,0,0,178,1,1
21208,2012-01-17,1,1,1,1,0,0,0,대구,수성구,0,0,3,0,0,0,0,128.6494,35.8674,대구수성구,0,0,0,0,0,37,1,1
21211,2012-01-27,1,4,1,1,0,0,0,경기,용인시,0,1,0,0,0,2,0,127.1228,37.256,경기용인시,0,2,0,0,0,51,1,1
21212,2012-01-28,0,5,1,1,0,0,0,제주,제주시,0,0,0,0,3,0,0,126.4889,33.4938,제주제주시,0,0,0,1,0,90,1,1
21215,2012-02-02,0,3,1,1,0,0,0,대전,서구,0,0,0,1,1,0,0,127.3689,36.3533,대전서구,0,0,0,0,0,4,1,1
21218,2012-02-20,1,0,1,1,0,0,0,경기,시흥시,0,0,0,0,0,0,0,126.7195,37.3472,경기시흥시,0,0,0,0,0,73,1,1
21221,2012-02-24,1,4,1,1,0,0,0,경기,부천시,0,1,3,1,1,3,0,126.7895,37.532,경기부천시,0,3,0,0,0,65,1,1
21222,2012-03-05,0,0,1,1,0,0,0,전북,익산시,0,0,0,0,0,0,0,126.9532,35.9652,전북익산시,0,0,0,0,0,125,1,1
21224,2012-03-01,0,3,1,1,0,0,0,경기,안산시,0,0,0,0,0,1,0,126.8047,37.3218,경기안산시,0,1,0,1,0,2,1,1
21225,2012-01-17,1,1,1,1,0,0,0,전남,해남군,0,1,0,0,0,1,0,126.3392,34.6964,전남해남군,0,1,0,0,0,119,1,1
21226,2012-01-17,1,1,1,1,0,0,0,부산,사상구,0,0,3,1,2,1,0,128.9798,35.1413,부산사상구,0,1,0,0,0,120,1,1
21227,2012-01-17,0,1,1,3,1,0,1,대구,북구,0,0,0,0,0,6,0,128.5843,35.8797,대구북구,0,6,0,0,0,112,1,1
21228,2012-01-16,0,0,1,1,0,0,0,인천,남구,0,0,0,0,0,0,0,126.6895,37.4597,인천남동구,0,0,0,0,0,29,1,1
21234,2012-01-20,0,4,1,1,0,0,0,광주,광산구,0,2,0,0,0,2,0,126.8075,35.1555,광주광산구,0,2,0,0,0,135,1,1
21237,2012-01-26,1,3,1,1,0,0,0,서울,강서구,0,1,1,1,2,3,0,126.8267,37.5595,서울강서구,0,3,0,0,0,43,1,0
21239,2012-01-31,0,1,1,1,0,0,0,부산,기장군,0,0,0,0,3,2,0,129.2102,35.2379,부산기장군,0,2,0,0,0,85,1,1
21240,2012-01-31,0,1,1,1,0,0,0,경기,수원시,0,1,3,1,1,0,0,127.0321,37.2469,경기수원시,0,0,0,0,0,99,1,1
21241,2012-02-05,1,6,1,1,0,0,0,부산,동래구,0,2,0,0,0,0,0,129.0757,35.2054,부산동래구,0,0,0,1,0,216,1,1
21243,2012-02-10,0,4,1,1,0,0,0,부산,북구,0,1,0,0,0,0,0,129.0154,35.2104,부산북구,0,0,0,0,0,118,1,1
21244,2013-12-09,1,0,1,1,0,0,0,경기,용인시,0,1,0,0,0,1,0,127.3227,37.2483,경기용인시,0,1,0,0,0,51,1,1
21249,2013-01-10,1,3,1,1,0,0,0,전남,영광군,0,1,0,0,0,3,0,126.5676,35.3023,전남영광군,0,3,0,0,0,127,1,1
21250,2013-01-08,0,1,1,1,0,0,0,전북,익산시,0,1,0,0,0,0,0,126.8794,35.933,전북익산시,0,0,0,0,0,125,1,1
21251,2013-01-18,1,4,1,1,0,0,0,경기,김포시,0,4,0,0,0,0,0,126.5981,37.692,경기김포시,0,0,0,0,0,47,0,0
21253,2013-01-15,0,1,1,1,0,0,0,강원,강릉시,0,0,0,0,3,0,0,128.8964,37.7489,강원강릉시,0,0,0,0,0,194,1,1
21259,2013-01-21,1,0,1,1,0,0,0,경기,안양시,0,0,0,0,0,2,0,126.9523,37.3991,경기안양시,0,2,0,0,0,151,1,1
21263,2013-01-18,0,4,1,1,0,0,0,경기,시흥시,0,2,0,0,0,0,0,126.738,37.3459,경기시흥시,0,0,0,0,0,73,1,1
21268,2013-01-28,1,0,1,1,0,0,0,서울,종로구,0,2,0,1,2,0,0,126.9877,37.5704,서울종로구,0,0,0,0,0,116,1,1
21269,2013-01-29,1,1,1,1,0,0,0,강원,양양군,0,4,0,0,0,0,0,128.6215,38.0728,강원양양군,0,0,0,0,0,164,0,0
21270,2013-01-29,0,1,1,1,0,0,0,충북,진천군,0,2,0,1,2,0,0,127.4276,36.9853,충북진천군,0,0,0,0,0,60,1,1
21275,2013-01-25,1,4,1,1,0,0,0,울산,중구,0,0,0,0,3,0,0,129.3204,35.5526,울산중구,0,0,0,0,0,205,1,1
21276,2013-01-24,0,3,1,1,0,0,0,강원,인제군,0,2,0,0,0,0,0,128.3509,37.9539,강원인제군,0,0,0,0,0,124,1,1
21277,2013-01-13,1,6,1,1,0,0,0,서울,종로구,0,0,0,0,3,0,0,127.0188,37.5739,서울종로구,0,0,0,1,0,116,1,1
21278,2013-01-19,0,5,1,1,0,0,0,전남,순천시,0,1,0,0,0,0,0,127.5291,34.9571,전남순천시,0,0,0,1,0,27,1,1
21281,2013-01-16,1,2,1,1,0,0,0,대구,북구,0,0,0,0,0,0,0,128.5541,35.9531,대구북구,0,0,0,0,0,112,1,1
21282,2013-01-16,0,2,1,1,0,0,0,경남,통영시,0,1,0,1,2,2,0,128.4235,34.8641,경남통영시,0,2,0,0,0,212,1,1
21283,2013-01-16,1,2,1,1,0,0,0,서울,서대문구,0,0,0,0,0,0,0,126.9624,37.5702,서울서대문구,0,0,0,0,0,195,1,1
21284,2013-01-22,1,1,1,1,0,0,0,경북,경산시,0,1,0,0,0,0,0,128.7375,35.8439,경북경산시,0,0,0,0,0,52,1,1
21285,2013-01-19,0,5,1,1,0,0,0,서울,성북구,0,0,0,0,0,4,0,127.022,37.6009,서울성북구,0,4,0,1,0,167,1,1
21286,2013-01-19,1,5,1,1,0,0,0,전북,익산시,0,1,0,0,0,1,0,126.9936,35.952,전북익산시,0,1,0,1,0,125,1,1
21291,2013-01-21,1,0,1,1,0,0,0,전북,전주시,0,0,1,0,0,1,0,127.1477,35.825,전북전주시,0,1,0,0,0,11,1,0
21293,2013-01-29,0,1,1,1,0,0,0,경기,광주시,0,4,0,0,0,2,0,127.2422,37.4269,경기광주시,0,2,0,0,0,9,0,0
21294,2013-01-30,1,2,1,1,0,0,0,서울,성북구,0,2,0,0,0,2,0,127.0219,37.6064,서울성북구,0,2,0,0,0,167,1,1
21299,2013-01-24,0,3,1,1,0,0,0,대전,유성구,0,1,0,0,0,0,0,127.3787,36.4183,대전유성구,0,0,0,0,0,148,1,1
21303,2013-02-03,0,6,1,1,0,0,0,경남,창원시(통합),0,1,0,0,0,2,0,128.6069,35.2589,경남창원시(통합),0,2,0,1,0,86,1,1
21314,2012-02-15,0,2,1,1,0,0,0,경기,시흥시,0,1,0,0,0,3,0,126.745,37.3463,경기시흥시,0,3,0,0,0,73,1,1
21315,2012-02-11,0,4,1,1,0,0,0,서울,종로구,0,0,0,0,3,0,0,127.0039,37.5711,서울종로구,0,0,0,1,0,116,1,1
21316,2012-02-11,1,5,1,1,0,0,0,서울,동대문구,0,2,0,0,0,2,0,127.0257,37.5743,서울동대문구,0,2,0,1,0,201,1,1
21319,2012-02-16,1,3,1,2,1,0,0,경기,용인시,0,1,3,0,3,0,0,127.1091,37.297,경기용인시,0,0,0,0,0,51,1,1
21322,2012-02-25,1,5,1,1,0,0,0,서울,강서구,0,0,3,0,3,0,0,126.8055,37.5649,서울강서구,0,0,0,1,0,43,1,1
21325,2012-01-22,0,6,1,2,1,0,0,전북,익산시,0,4,1,1,1,0,0,126.9475,35.9408,전북익산시,0,0,0,1,0,125,0,0
21326,2012-01-22,0,6,1,1,0,0,0,강원,원주시,0,0,0,0,0,0,0,127.8169,37.3129,강원원주시,0,0,0,1,0,36,1,1
21328,2012-01-19,0,3,1,1,0,0,0,인천,남동구,0,0,0,0,0,1,0,126.7103,37.4497,인천남동구,0,1,0,0,0,29,1,1
21330,2012-01-20,0,4,1,1,0,0,0,경기,광명시,0,0,0,1,2,2,0,126.8817,37.4231,경기광명시,0,2,0,0,0,81,1,1
21331,2012-02-02,1,3,1,1,0,0,0,부산,금정구,0,0,3,0,3,0,0,129.0797,35.2259,부산금정구,0,0,0,0,0,96,1,1
21332,2012-02-02,0,3,1,1,0,0,0,부산,북구,0,0,0,0,0,1,0,129.0071,35.2105,부산북구,0,1,0,0,0,118,1,1
21334,2012-02-06,0,0,1,1,0,0,0,전북,익산시,0,0,0,0,0,0,0,126.9578,35.9501,전북익산시,0,0,0,0,0,125,1,1
21337,2012-02-10,0,4,1,1,0,0,0,경기,고양시,0,1,0,0,0,0,0,126.68,37.6856,경기고양시,0,0,0,0,0,40,1,1
21338,2012-02-13,0,0,1,1,0,0,0,서울,성북구,0,0,0,0,0,4,0,127.0364,37.5916,서울성북구,0,4,0,0,0,167,1,1
21340,2012-02-13,1,0,1,1,0,0,0,서울,구로구,0,0,0,0,3,3,0,126.8871,37.4827,서울구로구,0,3,0,0,0,79,1,1
21341,2012-02-11,0,5,1,1,0,0,0,경기,오산시,0,1,0,1,1,0,0,127.0659,37.1457,경기오산시,0,0,0,1,0,143,1,1
21342,2012-02-16,0,3,1,1,0,0,0,경기,평택시,0,1,0,0,0,2,0,126.9242,37.0585,경기평택시,0,2,0,0,0,14,1,1
21347,2012-02-24,0,4,1,1,0,0,0,전북,전주시,0,0,0,0,3,1,0,127.138,35.8285,전북전주시,0,1,0,0,0,11,1,1
21350,2012-03-04,0,6,1,1,0,0,0,대전,유성구,0,2,0,0,0,0,0,127.3464,36.3615,대전유성구,0,0,0,1,0,148,1,1
21352,2012-03-01,1,3,1,1,0,0,0,경기,하남시,0,0,0,0,0,0,0,127.2145,37.5507,경기하남시,0,0,0,1,0,67,1,1
21353,2012-01-19,0,3,1,1,0,0,0,부산,중구,0,0,2,0,0,0,0,129.0323,35.0978,부산중구,0,0,0,0,0,228,1,1
21354,2012-01-18,0,2,1,1,0,0,0,경기,파주시,0,0,1,0,0,1,0,126.7937,37.806,경기파주시,0,1,0,0,0,175,1,0
21355,2012-01-18,0,2,1,1,0,0,0,대구,달성군,0,1,0,0,0,0,0,128.4432,35.7559,대구달성군,0,0,0,0,0,30,1,1
21356,2012-01-16,0,0,1,1,0,0,0,울산,울주군,0,1,0,0,0,1,0,129.3245,35.4348,울산울주군,0,1,0,0,0,17,1,1
21359,2012-01-20,1,4,1,1,0,0,0,충남,논산시,0,0,0,1,1,0,0,127.1893,36.2086,충남논산시,0,0,0,0,0,61,1,1
21360,2012-01-26,0,3,1,1,0,0,0,경기,수원시,0,0,0,1,1,1,0,127.0252,37.296,경기수원시,0,1,0,0,0,99,1,1
21363,2012-02-05,0,6,1,1,0,0,0,경기,포천시,0,1,0,0,0,0,0,127.2099,37.9058,경기포천시,0,0,0,1,0,171,1,1
21366,2012-04-10,1,1,1,1,0,0,0,부산,영도구,0,0,0,0,0,3,0,129.062,35.0878,부산영도구,0,3,0,0,0,173,1,1
21368,2012-04-15,0,6,1,1,0,0,0,대구,달서구,0,2,0,0,3,0,0,128.5302,35.8074,대구달서구,0,0,0,1,0,20,1,1
21378,2012-03-06,0,1,1,1,0,0,0,경북,포항시,0,0,0,0,0,1,0,129.4082,35.9445,경북포항시,0,1,0,0,0,160,1,1
21380,2012-03-14,1,2,1,1,0,0,0,경북,청송군,0,1,0,0,0,1,0,129.0521,36.419,경북청송군,0,1,0,0,0,203,1,1
21381,2012-03-14,1,2,1,1,0,0,0,부산,금정구,0,0,0,0,0,2,0,129.0914,35.2557,부산금정구,0,2,0,0,0,96,1,1
21387,2012-03-15,0,3,1,1,0,0,0,인천,부평구,0,0,0,0,0,0,0,126.7456,37.4851,인천부평구,0,0,0,0,0,44,1,1
21391,2012-03-29,1,3,2,4,1,1,0,강원,원주시,0,4,5,0,0,0,0,128.0067,37.3633,강원원주시,1,0,0,0,0,36,0,0
21393,2012-03-31,0,5,2,2,0,0,0,전북,전주시,0,0,2,0,3,0,0,127.1557,35.858,전북전주시,0,0,0,1,0,11,1,1
21394,2012-03-31,0,5,1,1,0,0,0,경기,의왕시,0,2,0,0,0,0,0,126.9799,37.3433,경기의왕시,0,0,0,1,0,199,1,1
21400,2012-02-24,1,4,1,1,0,0,0,대구,서구,0,1,0,0,3,5,0,128.5735,35.8793,대구서구,0,5,0,0,0,107,1,1
21402,2012-02-21,0,1,1,1,0,0,0,부산,서구,0,3,0,0,0,5,0,129.016,35.1094,부산서구,0,5,0,0,0,226,0,0
21403,2012-02-28,0,1,1,4,0,3,0,서울,용산구,0,0,0,0,0,2,0,126.9724,37.5525,서울용산구,1,2,0,0,0,134,1,1
21405,2012-02-29,1,2,1,1,0,0,0,전북,정읍시,0,0,0,0,0,0,0,126.8461,35.5714,전북정읍시,0,0,0,0,0,12,1,1
21408,2012-02-25,1,5,1,1,0,0,0,충북,영동군,0,1,0,1,1,1,0,127.7675,36.1655,충북영동군,0,1,0,1,0,75,1,1
21411,2012-01-18,1,2,1,1,0,0,0,전북,남원시,0,1,0,0,0,0,0,127.3891,35.4083,전북남원시,0,0,0,0,0,193,1,1
21412,2012-01-16,1,0,1,1,0,0,0,대구,달서구,0,1,0,0,3,0,0,128.5519,35.8083,대구달서구,0,0,0,0,0,20,1,1
21413,2012-01-20,0,4,1,1,0,0,0,경기,하남시,0,0,0,0,0,2,0,127.2055,37.5376,경기하남시,0,2,0,0,0,67,1,1
21414,2012-01-20,1,4,1,2,1,0,0,충북,청주시,0,0,3,1,2,1,0,127.4646,36.6351,충북청주시,0,1,0,0,0,83,1,1
21417,2012-02-02,1,3,1,1,0,0,0,대구,달서구,0,0,0,0,3,1,0,128.5159,35.8504,대구달서구,0,1,0,0,0,20,1,1
21418,2012-02-01,1,2,1,1,0,0,0,부산,남구,0,0,0,0,3,0,0,129.0753,35.1247,부산남구,0,0,0,0,0,180,1,1
21420,2012-01-31,0,1,1,1,0,0,0,경기,김포시,0,2,0,0,0,2,0,126.7609,37.6044,경기김포시,0,2,0,0,0,47,1,1
21421,2012-01-31,0,1,1,1,0,0,0,경남,창원시(통합),0,3,0,0,0,2,0,128.482,35.1139,경남창원시(통합),0,2,0,0,0,86,0,0
21424,2012-02-04,1,5,1,1,0,0,0,서울,동작구,0,1,0,0,0,0,0,126.9395,37.5158,서울동작구,0,0,0,1,0,93,1,1
21427,2012-02-12,0,6,1,1,0,0,0,서울,강북구,0,2,0,0,0,0,0,127.0368,37.6126,서울강북구,0,0,0,1,0,200,1,1
21430,2012-02-20,1,0,1,2,0,1,0,경기,파주시,0,0,0,0,0,0,0,126.7663,37.775,경기파주시,0,0,0,0,0,175,1,1
21432,2012-02-17,0,4,1,1,0,0,0,대구,수성구,0,0,0,0,3,0,0,128.6299,35.8668,대구수성구,0,0,0,0,0,37,1,1
21434,2012-02-22,0,2,1,1,0,0,0,대전,중구,0,0,0,0,3,0,0,127.4215,36.3322,대전중구,0,0,0,0,0,39,1,1
21435,2012-02-22,0,2,1,1,0,0,0,대전,대덕구,0,0,0,0,0,2,0,127.4295,36.3693,대전대덕구,0,2,0,0,0,77,1,1
21438,2012-02-21,1,1,1,1,0,0,0,경기,광명시,0,0,0,0,0,0,0,126.8511,37.4724,경기광명시,0,0,0,0,0,81,1,1
21439,2012-02-24,1,4,1,1,0,0,0,전북,남원시,0,0,5,0,0,1,0,127.5344,35.4388,전북남원시,0,1,0,0,0,193,1,1
21446,2012-02-29,0,2,1,2,1,0,0,경기,평택시,0,0,0,1,2,1,0,126.8819,36.9828,경기평택시,0,1,0,0,0,14,1,1
21448,2012-01-18,1,2,1,1,0,0,0,충남,보령시,0,3,0,1,2,1,0,126.5897,36.4447,충남보령시,0,1,0,0,0,136,0,0
21451,2012-01-21,0,5,1,1,0,0,0,서울,용산구,0,3,0,1,1,0,0,126.9737,37.5342,서울용산구,0,0,0,1,0,134,0,0
21461,2012-02-16,1,3,1,1,0,0,0,대구,수성구,0,1,0,0,0,0,0,128.6281,35.839,대구수성구,0,0,0,0,0,37,1,1
21465,2012-02-21,0,1,1,1,0,0,0,경기,파주시,0,0,0,1,2,0,0,126.807,37.7458,경기파주시,0,0,0,0,0,175,1,1
21467,2012-02-27,0,0,1,1,0,0,0,대구,동구,0,0,0,0,0,0,0,128.6278,35.8788,대구동구,0,0,0,0,0,26,1,1
21470,2012-02-27,1,6,1,1,0,0,0,대구,북구,0,0,0,0,0,1,0,128.5944,35.8946,대구북구,0,1,0,0,0,112,1,1
21473,2012-01-18,1,2,1,1,0,0,0,서울,관악구,0,0,0,0,3,1,0,126.9425,37.4797,서울관악구,0,1,0,0,0,188,1,1
21475,2012-01-18,0,2,1,1,0,0,0,충북,제천시,0,1,0,0,0,1,0,128.1998,37.1445,충북제천시,0,1,0,0,0,103,1,1
21479,2012-01-15,0,6,1,1,0,0,0,서울,마포구,0,1,0,0,3,2,0,126.9197,37.5538,서울마포구,0,2,0,1,0,159,1,1
21480,2012-01-14,0,5,1,1,0,0,0,경기,용인시,0,0,0,0,0,0,0,127.1019,37.3239,경기용인시,0,0,0,1,0,51,1,1
21481,2012-01-16,0,0,1,2,0,1,0,경남,거제시,0,1,0,1,1,0,0,128.6167,34.8901,경남거제시,0,0,0,0,0,15,1,1
21484,2012-01-19,0,3,1,1,0,0,0,경기,광명시,0,0,1,1,2,2,0,126.8933,37.4522,경기광명시,0,2,0,0,0,81,1,0
21486,2012-01-20,1,4,1,1,0,0,0,전남,여수시,0,0,0,0,0,0,0,127.7333,34.6332,전남여수시,0,0,0,0,0,102,1,1
21487,2012-02-01,1,2,1,1,0,0,0,부산,진구,0,4,4,0,0,1,0,129.0178,35.1479,부산진구,0,1,0,0,0,231,0,0
21488,2012-02-02,1,3,1,1,0,0,0,충남,부여군,0,4,0,0,0,2,0,126.9098,36.1521,충남부여군,0,2,0,0,0,129,0,0
21490,2012-02-06,1,0,1,1,0,0,0,서울,관악구,0,3,0,0,0,1,0,126.9309,37.4674,서울관악구,0,1,0,0,0,188,0,0
21491,2012-02-07,0,1,1,1,0,0,0,대구,달서구,0,1,0,0,0,0,0,128.5227,35.8559,대구달서구,0,0,0,0,0,20,1,1
21492,2012-02-03,1,4,1,1,0,0,0,인천,중구,0,0,0,1,1,0,0,126.6322,37.4654,인천중구,0,0,0,0,0,72,1,1
21493,2012-02-02,1,3,1,1,0,0,0,인천,부평구,0,3,0,0,0,0,0,126.6896,37.5226,인천부평구,0,0,0,0,0,44,0,0
21495,2012-02-10,0,4,1,1,0,0,0,경남,진주시,0,1,0,0,0,0,0,128.0693,35.2087,경남진주시,0,0,0,0,0,42,1,1
21498,2012-02-13,0,0,1,1,0,0,0,경기,구리시,0,0,0,0,3,0,0,127.1333,37.6008,경기구리시,0,0,0,0,0,165,1,1
21503,2012-02-24,0,4,1,1,0,0,0,경남,고성군,0,3,0,0,0,1,0,128.3323,34.9599,경남고성군,0,1,0,0,0,87,0,0
21507,2012-01-22,1,6,1,1,0,0,0,제주,서귀포시,0,2,0,0,0,1,0,126.4213,33.2528,제주서귀포시,0,1,0,1,0,62,1,1
21508,2012-01-19,1,3,1,1,0,0,0,경남,창원시(통합),0,0,0,0,0,4,0,128.5757,35.2295,경남창원시(통합),0,4,0,0,0,86,1,1
21510,2012-01-19,0,3,1,1,0,0,0,부산,사하구,0,1,0,0,0,0,0,128.9839,35.0967,부산사하구,0,0,0,0,0,25,1,1
21512,2012-01-27,0,4,1,1,0,0,0,경기,양주시,0,2,0,0,0,0,0,126.9231,37.6779,경기양주시,0,0,0,0,0,59,1,1
21514,2012-02-01,0,2,1,1,0,0,0,대구,수성구,0,1,0,0,0,0,0,128.6098,35.8473,대구수성구,0,0,0,0,0,37,1,1
21515,2012-02-01,0,2,1,1,0,0,0,서울,동대문구,0,1,0,0,0,1,0,127.0578,37.5728,서울동대문구,0,1,0,0,0,201,1,1
21516,2012-02-07,0,1,1,1,0,0,0,전남,목포시,0,0,1,0,3,1,0,126.3909,34.7987,전남목포시,0,1,0,0,0,153,1,0
21517,2012-02-05,0,6,1,1,0,0,0,부산,진구,0,0,0,0,0,1,0,129.0502,35.1642,부산진구,0,1,0,1,0,231,1,1
21518,2012-02-06,1,0,1,2,1,0,0,경남,양산시,0,1,0,0,0,1,0,129.0278,35.3155,경남양산시,0,1,0,0,0,49,1,1
21520,2012-02-06,1,0,1,1,0,0,0,서울,중랑구,0,0,0,0,0,2,0,127.0795,37.5815,서울중랑구,0,2,0,0,0,196,1,1
21521,2012-02-09,0,3,1,1,0,0,0,광주,남구,0,0,3,0,3,0,0,126.9135,35.1341,광주남구,0,0,0,0,0,190,1,1
21525,2012-02-16,1,3,1,1,0,0,0,서울,마포구,0,1,0,0,0,0,0,126.9114,37.5643,서울마포구,0,0,0,0,0,159,1,1
21527,2012-02-16,0,3,1,1,0,0,0,인천,서구,0,0,0,1,2,0,0,126.6448,37.6089,인천서구,0,0,0,0,0,97,1,1
21528,2012-02-22,1,2,1,1,0,0,0,서울,노원구,0,2,0,1,1,0,0,127.0572,37.6644,서울노원구,0,0,0,0,0,18,1,1
21529,2012-02-23,0,3,1,1,0,0,0,충북,충주시,0,0,0,0,0,0,0,127.9234,36.9824,충북충주시,0,0,0,0,0,6,1,1
21531,2012-02-27,0,0,1,1,0,0,0,경북,경주시,0,1,0,0,0,2,0,129.2061,35.8209,경북경주시,0,2,0,0,0,100,1,1
21532,2012-03-04,0,6,1,1,0,0,0,부산,연제구,0,0,2,0,0,0,0,129.0984,35.1879,부산연제구,0,0,0,1,0,221,1,1
21533,2012-03-03,1,5,1,1,0,0,0,충남,계룡시,0,2,0,1,1,0,0,127.2382,36.2858,충남계룡시,0,0,0,1,0,223,1,1
21538,2012-01-18,0,2,1,1,0,0,0,경기,시흥시,0,0,0,1,2,2,0,126.7335,37.3487,경기시흥시,0,2,0,0,0,73,1,1
21540,2012-01-28,1,5,1,1,0,0,0,경남,고성군,0,3,0,0,0,2,0,128.1221,34.9284,경남고성군,0,2,0,1,0,87,0,0
21541,2012-01-25,0,2,1,1,0,0,0,강원,고성군,0,2,0,0,0,0,0,128.5078,38.3568,강원고성군,0,0,0,0,0,217,1,1
21544,2012-01-29,1,6,1,1,0,0,0,경북,경주시,0,1,0,0,0,0,0,129.3265,35.7175,경북경주시,0,0,0,1,0,100,1,1
21545,2012-01-29,0,6,1,1,0,0,0,경기,평택시,0,1,0,0,0,0,0,127.0461,36.961,경기평택시,0,0,0,1,0,14,1,1
21549,2013-01-04,0,4,1,1,0,0,0,경기,용인시,0,1,0,0,0,0,0,127.3273,37.1889,경기용인시,0,0,0,0,0,51,1,1
21550,2013-01-04,1,4,1,1,0,0,0,경기,안산시,0,0,0,0,0,0,0,126.8357,37.3223,경기안산시,0,0,0,0,0,2,1,1
21553,2013-01-18,1,4,1,1,0,0,0,경북,청송군,0,3,0,0,0,0,0,129.0588,36.3549,경북청송군,0,0,0,0,0,203,0,0
21555,2013-01-13,0,6,1,1,0,0,0,경기,화성시,0,0,0,0,0,0,0,126.9945,37.1233,경기화성시,0,0,0,1,0,50,1,1
21556,2013-09-27,1,4,1,1,0,0,0,강원,횡성군,0,1,0,2,4,3,0,128.2401,37.5065,강원횡성군,0,3,0,0,0,31,1,1
21559,2013-01-07,1,0,1,1,0,0,0,서울,영등포구,0,0,3,0,3,2,0,126.9049,37.5323,서울영등포구,0,2,0,0,0,150,1,1
21560,2013-01-08,1,1,1,1,0,0,0,서울,마포구,0,0,0,1,1,0,0,126.9236,37.5575,서울마포구,0,0,0,0,0,159,1,1
21563,2013-12-07,0,5,1,1,0,0,0,광주,광산구,0,0,2,0,0,1,0,126.7689,35.1562,광주광산구,0,1,0,1,0,135,1,1
21564,2013-01-03,1,3,1,1,0,0,0,대전,대덕구,0,0,3,0,3,1,0,127.4178,36.3621,대전대덕구,0,1,0,0,0,77,1,1
21574,2013-06-12,0,2,1,1,0,0,0,충북,청원군,0,3,0,0,0,1,0,127.4321,36.526,충북청주시,0,1,0,0,0,83,0,0
21578,2013-01-09,0,2,1,1,0,0,0,부산,영도구,0,0,0,1,1,1,0,129.0457,35.0925,부산영도구,0,1,0,0,0,173,1,1
21579,2013-01-17,0,3,1,1,0,0,0,대전,중구,0,0,0,0,0,0,0,127.4342,36.3204,대전중구,0,0,0,0,0,39,1,1