index,발생년월일,주야,요일,사망자수,사상자수,중상자수,경상자수,부상신고자수,발생지시도,발생지시군구,사고유형_대분류,사고유형_중분류,법규위반,도로형태_대분류,도로형태,당사자종별_1당_대분류,당사자종별_2당_대분류,경도,위도,발생지,사고피해정도,사고차량타입,도시여부,주말/공휴일,인구수,발생지번호,보행자의위치,무단횡단여부
22045,2013-01-10,1,3,1,1,0,0,0,전북,정읍시,0,2,0,0,0,0,0,126.9227,35.6801,전북정읍시,0,0,0,0,0,12,1,1
22048,2013-05-13,0,0,1,2,1,0,0,전남,여수시,0,0,0,0,0,0,0,127.7337,34.7402,전남여수시,0,0,0,0,0,102,1,1
22051,2013-05-13,0,0,1,1,0,0,0,경기,시흥시,0,0,2,1,1,0,0,126.7891,37.3812,경기시흥시,0,0,0,0,0,73,1,1
22052,2013-05-13,0,0,1,1,0,0,0,충북,괴산군,0,0,0,0,0,2,0,127.7463,36.7929,충북괴산군,0,2,0,0,0,179,1,1
22055,2013-05-15,1,2,1,1,0,0,0,서울,강동구,0,1,0,2,4,1,0,127.1407,37.5402,서울강동구,0,1,0,0,0,91,1,1
22056,2013-05-22,1,2,1,1,0,0,0,경기,여주시,0,1,0,0,0,1,0,127.6614,37.2067,경기여주시,0,1,0,0,0,22,1,1
22057,2013-05-22,1,2,1,1,0,0,0,강원,홍천군,0,0,0,1,2,1,0,127.8859,37.6892,강원홍천군,0,1,0,0,0,82,1,1
22058,2013-05-22,1,2,1,1,0,0,0,전북,군산시,0,0,0,1,1,1,0,126.7382,35.964,전북군산시,0,1,0,0,0,166,1,1
22059,2013-05-21,0,1,1,1,0,0,0,서울,구로구,0,0,2,0,0,0,0,126.8871,37.4813,서울구로구,0,0,0,0,0,79,1,1
22075,2012-11-05,1,0,1,1,0,0,0,충북,청주시,0,0,0,1,2,1,0,127.4951,36.6227,충북청주시,0,1,0,0,0,83,1,1
22077,2012-10-30,1,1,1,2,1,0,0,경북,포항시,0,1,0,0,0,9,0,129.3128,36.1477,경북포항시,0,9,0,0,0,160,1,1
22085,2012-12-16,0,6,1,1,0,0,0,경남,창원시(통합),0,0,0,0,0,0,0,128.7179,35.1189,경남창원시(통합),0,0,0,1,0,86,1,1
22097,2013-04-03,1,2,1,1,0,0,0,충남,공주시,0,1,0,0,0,0,0,127.0791,36.4314,충남공주시,0,0,0,0,0,19,1,1
22101,2013-01-10,0,3,1,2,1,0,0,광주,남구,0,0,0,0,0,0,0,126.8931,35.142,광주남구,0,0,0,0,0,190,1,1
22102,2013-01-10,0,3,1,1,0,0,0,서울,송파구,0,1,0,1,1,0,0,127.1339,37.4984,서울송파구,0,0,0,0,0,156,1,1
22104,2013-01-17,1,3,1,5,2,2,0,경기,구리시,0,0,0,0,3,2,0,127.1308,37.601,경기구리시,1,2,0,0,0,165,1,1
22105,2013-01-17,0,3,1,1,0,0,0,경기,시흥시,0,0,0,0,0,1,0,126.7905,37.439,경기시흥시,0,1,0,0,0,73,1,1
22106,2012-02-24,1,4,1,1,0,0,0,대전,동구,0,0,1,0,3,1,0,127.4276,36.3396,대전동구,0,1,0,0,0,80,1,0
22107,2012-02-20,1,0,1,1,0,0,0,서울,은평구,0,4,3,0,3,2,0,126.8846,37.5888,서울은평구,0,2,0,0,0,139,0,0
22108,2012-02-28,1,1,1,1,0,0,0,경기,포천시,0,1,4,0,0,2,0,127.2738,38.0901,경기포천시,0,2,0,0,0,171,1,1
22110,2012-02-26,0,6,1,1,0,0,0,경기,고양시,0,0,0,0,0,0,0,126.8385,37.6216,경기고양시,0,0,0,1,0,40,1,1
22111,2012-03-03,0,5,1,2,1,0,0,울산,울주군,0,0,0,1,2,0,0,129.1967,35.4434,울산울주군,0,0,0,1,0,17,1,1
22112,2012-03-05,0,0,1,1,0,0,0,대구,수성구,0,0,3,1,1,0,0,128.7133,35.8373,대구수성구,0,0,0,0,0,37,1,1
22113,2012-03-02,0,4,1,1,0,0,0,서울,양천구,0,0,1,0,3,2,0,126.8726,37.529,서울양천구,0,2,0,0,0,140,1,0
22123,2012-01-25,0,2,2,2,0,0,0,충남,보령시,0,0,1,0,3,0,0,126.6161,36.3591,충남보령시,0,0,0,0,0,136,1,0
22124,2012-01-25,0,2,1,1,0,0,0,충남,서천군,0,0,0,0,0,1,0,126.7045,36.0082,충남서천군,0,1,0,0,0,10,1,1
22127,2012-02-02,0,3,1,1,0,0,0,경남,밀양시,0,0,2,0,0,0,0,128.8361,35.394,경남밀양시,0,0,0,0,0,177,1,1
22130,2012-01-30,1,0,1,1,0,0,0,경기,부천시,0,0,1,0,3,2,0,126.7613,37.5041,경기부천시,0,2,0,0,0,65,1,0
22131,2012-02-03,0,4,1,1,0,0,0,경북,포항시,0,0,0,0,0,1,0,129.3438,35.9979,경북포항시,0,1,0,0,0,160,1,1
22134,2012-02-08,0,2,1,1,0,0,0,경남,거제시,0,0,0,1,2,0,0,128.7122,34.8636,경남거제시,0,0,0,0,0,15,1,1
22135,2012-02-06,1,0,1,1,0,0,0,경기,성남시,0,1,1,1,1,2,0,127.116,37.3382,경기성남시,0,2,0,0,0,95,1,0
22137,2012-02-19,1,6,1,1,0,0,0,경북,영덕군,0,3,0,0,0,1,0,129.3489,36.545,경북영덕군,0,1,0,1,0,54,0,0
22138,2012-02-20,0,0,1,1,0,0,0,충남,논산시,0,0,0,1,1,0,0,127.1035,36.1285,충남논산시,0,0,0,0,0,61,1,1
22139,2012-02-18,1,5,1,1,0,0,0,전북,군산시,0,0,0,0,0,2,0,126.795,35.955,전북군산시,0,2,0,1,0,166,1,1
22143,2012-12-14,0,4,1,1,0,0,0,서울,양천구,0,0,0,0,3,0,0,126.8538,37.5181,서울양천구,0,0,0,0,0,140,1,1
22144,2012-12-10,0,0,1,1,0,0,0,경기,안성시,0,0,0,0,0,0,0,127.2602,36.9263,경기안성시,0,0,0,0,0,23,1,1
22145,2012-12-15,0,5,1,1,0,0,0,경기,안양시,0,0,3,1,2,0,0,126.9562,37.3905,경기안양시,0,0,0,1,0,151,1,1
22146,2012-12-16,1,6,1,1,0,0,0,경남,사천시,0,0,0,1,2,2,0,128.1265,34.9519,경남사천시,0,2,0,1,0,57,1,1
22152,2012-12-21,0,4,1,1,0,0,0,경북,성주군,0,1,0,0,0,0,0,128.2223,35.9101,경북성주군,0,0,0,0,0,168,1,1
22153,2012-12-22,1,5,1,1,0,0,0,제주,서귀포시,0,0,0,0,3,2,0,126.6262,33.2635,제주서귀포시,0,2,0,1,0,62,1,1
22155,2012-12-24,1,0,1,1,0,0,0,경기,시흥시,0,0,2,1,2,0,0,126.7272,37.3189,경기시흥시,0,0,0,0,0,73,1,1
22157,2012-12-03,0,0,1,1,0,0,0,광주,서구,0,0,0,0,0,0,0,126.8747,35.1624,광주서구,0,0,0,0,0,222,1,1
22158,2012-12-03,0,0,1,1,0,0,0,충남,천안시,0,2,0,1,1,0,0,127.3361,36.7704,충남천안시,0,0,0,0,0,63,1,1
22161,2012-05-13,0,6,1,1,0,0,0,대구,동구,0,1,0,0,0,0,0,128.6282,35.8783,대구동구,0,0,0,1,0,26,1,1
22164,2013-01-22,0,1,1,1,0,0,0,대전,대덕구,0,0,0,0,0,0,0,127.417,36.4543,대전대덕구,0,0,0,0,0,77,1,1
22170,2012-02-17,0,4,1,1,0,0,0,부산,북구,0,0,1,2,4,1,0,129.0107,35.2115,부산북구,0,1,0,0,0,118,1,0
22171,2012-02-16,1,3,1,1,0,0,0,대전,중구,0,4,1,0,3,1,0,127.399,36.3143,대전중구,0,1,0,0,0,39,0,0
22173,2012-02-22,0,2,1,1,0,0,0,강원,원주시,0,2,0,0,0,0,0,127.9402,37.357,강원원주시,0,0,0,0,0,36,1,1
22188,2013-07-23,0,1,2,2,0,0,0,경남,창원시(통합),0,1,0,0,0,1,0,128.6794,35.2756,경남창원시(통합),0,1,0,0,0,86,1,1
22189,2013-06-01,1,5,1,1,0,0,0,경기,용인시,0,1,0,0,0,2,0,127.1057,37.2349,경기용인시,0,2,0,1,0,51,1,1
22197,2013-06-26,1,2,1,1,0,0,0,경기,광주시,0,1,4,0,0,1,0,127.3151,37.3848,경기광주시,0,1,0,0,0,9,1,1
22199,2013-01-15,1,1,1,1,0,0,0,대전,서구,0,3,0,0,0,1,0,127.3692,36.3528,대전서구,0,1,0,0,0,4,0,0
22201,2013-01-13,0,6,1,1,0,0,0,경기,성남시,0,0,0,0,0,0,0,127.1336,37.429,경기성남시,0,0,0,1,0,95,1,1
22202,2013-01-25,0,4,1,1,0,0,0,경남,진주시,0,0,0,0,0,0,0,128.089,35.1833,경남진주시,0,0,0,0,0,42,1,1
22207,2013-01-20,0,6,1,1,0,0,0,강원,춘천시,0,0,0,1,2,2,0,127.7209,37.8654,강원춘천시,0,2,0,1,0,111,1,1
22213,2013-02-03,0,6,1,1,0,0,0,대전,서구,0,0,0,0,0,0,0,127.3451,36.3152,대전서구,0,0,0,1,0,4,1,1
22214,2013-02-14,0,3,1,1,0,0,0,경북,구미시,0,1,0,1,2,0,0,128.3465,36.1401,경북구미시,0,0,0,0,0,144,1,1
22216,2013-02-09,0,5,1,1,0,0,0,강원,정선군,0,0,0,1,1,1,0,128.6591,37.3789,강원정선군,0,1,0,1,0,198,1,1
22220,2013-02-19,1,1,1,1,0,0,0,강원,원주시,0,0,0,1,2,1,0,127.9339,37.3472,강원원주시,0,1,0,0,0,36,1,1
22221,2013-02-19,0,1,1,1,0,0,0,울산,중구,0,0,0,0,0,0,0,129.2782,35.5552,울산중구,0,0,0,0,0,205,1,1
22222,2013-02-18,0,0,1,1,0,0,0,경남,함안군,0,0,0,0,0,0,0,128.4965,35.3122,경남함안군,0,0,0,0,0,117,1,1
22233,2013-05-20,1,0,1,2,1,0,0,서울,송파구,0,1,4,0,0,0,0,127.11,37.5053,서울송파구,0,0,0,0,0,156,1,1
22235,2013-05-22,0,2,1,1,0,0,0,충남,아산시,0,3,0,0,0,0,0,126.9158,36.7914,충남아산시,0,0,0,0,0,53,0,0
22238,2012-04-16,1,0,1,1,0,0,0,서울,영등포구,0,0,0,1,2,2,0,126.92,37.4985,서울영등포구,0,2,0,0,0,150,1,1
22241,2012-11-04,0,6,1,1,0,0,0,충북,청원군,0,0,3,0,0,0,0,127.453,36.5719,충북청주시,0,0,0,1,0,83,1,1
22244,2012-09-15,0,5,1,1,0,0,0,경남,김해시,0,0,0,1,1,0,0,128.7665,35.2861,경남김해시,0,0,0,1,0,13,1,1
22245,2012-09-05,1,2,1,1,0,0,0,전북,김제시,0,3,0,0,0,1,0,126.9953,35.8851,전북김제시,0,1,0,0,0,34,0,0
22249,2012-10-03,1,2,1,1,0,0,0,강원,강릉시,0,1,0,1,1,0,0,128.8854,37.7698,강원강릉시,0,0,0,1,0,194,1,1
22253,2013-04-18,0,3,1,1,0,0,0,대구,북구,0,1,0,0,3,0,0,128.616,35.8974,대구북구,0,0,0,0,0,112,1,1
22256,2012-11-18,1,6,1,1,0,0,0,대전,서구,0,1,0,0,0,0,0,127.3779,36.323,대전서구,0,0,0,1,0,4,1,1
22259,2012-10-30,0,1,1,2,1,0,0,광주,광산구,0,0,3,1,1,0,0,126.81,35.191,광주광산구,0,0,0,0,0,135,1,1
22264,2012-05-05,0,5,1,1,0,0,0,충남,아산시,0,1,0,0,0,1,0,127.0856,36.7793,충남아산시,0,1,0,1,0,53,1,1
22266,2012-05-17,1,3,1,1,0,0,0,경북,의성군,0,3,0,0,0,2,0,128.6972,36.3478,경북의성군,0,2,0,0,0,105,0,0
22270,2012-11-20,1,1,1,1,0,0,0,경남,창원시(통합),0,1,0,1,1,5,0,128.5211,35.2539,경남창원시(통합),0,5,0,0,0,86,1,1
22271,2012-11-19,0,0,1,1,0,0,0,울산,북구,0,0,0,1,2,0,0,129.3444,35.6399,울산북구,0,0,0,0,0,158,1,1
22277,2012-11-04,1,6,1,1,0,0,0,부산,사상구,0,0,0,1,2,0,0,128.9881,35.1882,부산사상구,0,0,0,1,0,120,1,1
22279,2012-12-28,0,4,1,1,0,0,0,경기,성남시,0,0,0,0,0,2,0,127.1291,37.431,경기성남시,0,2,0,0,0,95,1,1
22280,2012-12-28,0,4,1,1,0,0,0,경기,평택시,0,0,0,1,2,0,0,127.0607,37.0682,경기평택시,0,0,0,0,0,14,1,1
22282,2012-12-12,0,2,1,1,0,0,0,경기,용인시,0,0,0,0,0,0,0,127.1404,37.2618,경기용인시,0,0,0,0,0,51,1,1
22283,2012-12-13,1,3,1,1,0,0,0,광주,광산구,0,2,0,0,0,0,0,126.7936,35.1405,광주광산구,0,0,0,0,0,135,1,1
22284,2012-12-14,1,4,1,1,0,0,0,경북,포항시,0,1,3,1,1,0,0,129.4196,35.9926,경북포항시,0,0,0,0,0,160,1,1
22285,2012-12-10,1,0,1,1,0,0,0,전북,완주군,0,1,0,0,0,0,0,127.1829,35.9081,전북완주군,0,0,0,0,0,28,1,1
22286,2012-12-23,1,6,1,1,0,0,0,제주,제주시,0,1,0,0,0,1,0,126.278,33.4232,제주제주시,0,1,0,1,0,90,1,1
22287,2012-12-19,1,2,1,1,0,0,0,경북,안동시,0,2,0,0,0,0,0,128.7525,36.5585,경북안동시,0,0,0,1,0,66,1,1
22288,2012-12-26,1,2,1,1,0,0,0,서울,영등포구,0,1,0,1,2,0,0,126.9041,37.5288,서울영등포구,0,0,0,0,0,150,1,1
22289,2012-12-25,0,1,1,1,0,0,0,경기,양주시,0,0,0,1,1,0,0,127.0542,37.8465,경기양주시,0,0,0,1,0,59,1,1
22291,2012-12-04,0,1,1,1,0,0,0,충남,천안시,0,0,0,0,0,1,0,127.1177,36.7145,충남천안시,0,1,0,0,0,63,1,1
22292,2012-12-05,1,2,1,1,0,0,0,경남,밀양시,0,0,0,0,0,0,0,128.7754,35.5419,경남밀양시,0,0,0,0,0,177,1,1
22293,2012-12-03,0,0,1,1,0,0,0,대전,동구,0,0,0,0,0,0,0,127.4321,36.339,대전동구,0,0,0,0,0,80,1,1
22296,2012-12-01,0,5,1,1,0,0,0,경북,경주시,0,1,0,0,3,0,0,129.1459,35.8433,경북경주시,0,0,0,1,0,100,1,1
22300,2012-08-09,1,3,1,3,1,1,0,대전,서구,0,1,0,0,0,0,0,127.3823,36.3329,대전서구,0,0,0,0,0,4,1,1
22303,2012-08-14,1,1,1,1,0,0,0,충북,음성군,0,1,0,0,0,2,0,127.4966,37.0189,충북음성군,0,2,0,0,0,110,1,1
22305,2012-08-17,1,4,1,1,0,0,0,전북,익산시,0,0,0,0,0,0,0,126.9469,35.9557,전북익산시,0,0,0,0,0,125,1,1
22306,2012-08-24,0,4,1,1,0,0,0,경기,의정부시,0,0,0,1,2,0,0,127.0552,37.7057,경기의정부시,0,0,0,0,0,64,1,1
22308,2012-08-22,0,2,1,1,0,0,0,대구,동구,0,1,0,0,0,0,0,128.7033,35.8666,대구동구,0,0,0,0,0,26,1,1
22309,2012-08-29,0,2,1,1,0,0,0,충남,홍성군,0,0,2,1,1,5,0,126.6529,36.5997,충남홍성군,0,5,0,0,0,38,1,1
22314,2012-09-05,1,2,1,1,0,0,0,충남,보령시,0,2,0,0,0,1,0,126.6679,36.4023,충남보령시,0,1,0,0,0,136,1,1
22319,2012-09-13,0,3,1,1,0,0,0,강원,원주시,0,1,0,0,0,0,0,127.9888,37.3486,강원원주시,0,0,0,0,0,36,1,1
22320,2012-09-13,0,3,1,2,1,0,0,경기,용인시,0,4,0,0,0,5,0,127.1943,37.1425,경기용인시,0,5,0,0,0,51,0,0
22321,2012-09-14,1,4,1,1,0,0,0,경기,수원시,0,1,0,0,0,1,0,126.994,37.2632,경기수원시,0,1,0,0,0,99,1,1
22323,2012-09-10,0,0,1,1,0,0,0,광주,서구,0,0,0,0,0,0,0,126.8694,35.1511,광주서구,0,0,0,0,0,222,1,1
22326,2013-05-13,0,0,1,1,0,0,0,광주,서구,0,0,0,0,0,0,0,126.9018,35.1548,광주서구,0,0,0,0,0,222,1,1
22328,2013-05-15,0,2,1,1,0,0,0,경북,안동시,0,1,0,0,0,0,0,128.8028,36.5563,경북안동시,0,0,0,0,0,66,1,1
22331,2012-04-28,0,5,1,1,0,0,0,경남,김해시,0,1,0,0,0,0,0,128.7884,35.2215,경남김해시,0,0,0,1,0,13,1,1
22332,2012-01-28,0,5,1,1,0,0,0,경기,광주시,0,2,0,0,0,1,0,127.2449,37.3688,경기광주시,0,1,0,1,0,9,1,1
22333,2012-10-30,0,1,1,1,0,0,0,충남,아산시,0,2,0,0,0,0,0,126.9253,36.8266,충남아산시,0,0,0,0,0,53,1,1
22334,2012-11-01,0,3,1,1,0,0,0,울산,울주군,0,1,0,0,0,0,0,129.2877,35.6217,울산울주군,0,0,0,0,0,17,1,1
22335,2012-12-31,1,0,1,2,0,1,0,경기,포천시,0,0,0,0,0,0,0,127.3281,37.9679,경기포천시,0,0,0,0,0,171,1,1
22336,2012-08-30,0,3,1,1,0,0,0,강원,원주시,0,0,0,0,0,1,0,127.9732,37.3309,강원원주시,0,1,0,0,0,36,1,1
22341,2012-09-27,0,3,1,1,0,0,0,대전,대덕구,0,0,0,0,0,0,0,127.4286,36.4479,대전대덕구,0,0,0,0,0,77,1,1
22343,2012-07-28,0,5,1,1,0,0,0,경북,청송군,0,0,0,0,0,2,0,129.0666,36.4363,경북청송군,0,2,0,1,0,203,1,1
22346,2013-04-18,1,3,1,1,0,0,0,경북,경산시,0,1,0,0,0,0,0,128.7509,35.8225,경북경산시,0,0,0,0,0,52,1,1
22350,2013-05-03,1,4,1,1,0,0,0,전남,목포시,0,0,1,0,3,0,0,126.377,34.8032,전남목포시,0,0,0,0,0,153,1,0
22352,2013-04-28,0,6,1,1,0,0,0,강원,춘천시,0,2,0,0,0,0,0,127.7205,37.876,강원춘천시,0,0,0,1,0,111,1,1
22354,2013-04-30,0,1,1,1,0,0,0,전남,여수시,0,1,0,1,2,0,0,127.7275,34.7474,전남여수시,0,0,0,0,0,102,1,1
22357,2013-05-07,0,1,1,1,0,0,0,부산,동래구,0,3,0,0,0,0,0,129.0857,35.2041,부산동래구,0,0,0,0,0,216,0,0
22359,2013-05-03,0,4,1,1,0,0,0,경북,구미시,0,4,0,0,0,0,0,128.3282,36.2104,경북구미시,0,0,0,0,0,144,0,0
22364,2012-11-02,1,4,1,1,0,0,0,경기,남양주시,0,0,0,0,0,1,0,127.2128,37.6895,경기남양주시,0,1,0,0,0,70,1,1
22366,2012-12-31,1,0,1,1,0,0,0,대구,달성군,0,1,0,0,0,0,0,128.4572,35.862,대구달성군,0,0,0,0,0,30,1,1
22367,2012-12-31,1,0,1,1,0,0,0,대전,서구,0,1,0,0,0,0,0,127.3767,36.3379,대전서구,0,0,0,0,0,4,1,1
22368,2012-12-09,0,6,1,1,0,0,0,경북,경주시,0,1,3,1,1,2,0,129.1822,35.8428,경북경주시,0,2,0,1,0,100,1,1
22370,2012-12-13,0,3,1,1,0,0,0,경기,포천시,0,3,0,0,0,0,0,127.3309,37.9572,경기포천시,0,0,0,0,0,171,0,0
22371,2012-12-14,0,4,1,2,1,0,0,인천,남동구,0,1,0,0,0,0,0,126.7491,37.4495,인천남동구,0,0,0,0,0,29,1,1
22372,2012-12-09,1,6,1,3,1,1,0,경기,안산시,0,1,4,0,0,0,0,126.8757,37.3636,경기안산시,0,0,0,1,0,2,1,1
22373,2012-12-10,1,0,1,1,0,0,0,인천,부평구,0,1,0,1,1,0,0,126.7079,37.5192,인천부평구,0,0,0,0,0,44,1,1
22376,2012-12-16,1,6,1,1,0,0,0,서울,금천구,0,1,0,1,2,0,0,126.9033,37.4724,서울금천구,0,0,0,1,0,109,1,1
22377,2012-12-12,1,2,1,1,0,0,0,서울,양천구,0,0,0,0,0,1,0,126.8316,37.5364,서울양천구,0,1,0,0,0,140,1,1
22379,2012-12-16,1,6,1,1,0,0,0,경남,창원시(통합),0,2,0,1,2,0,0,128.6542,35.1721,경남창원시(통합),0,0,0,1,0,86,1,1
22382,2012-12-26,0,2,1,3,1,1,0,경기,고양시,0,0,1,0,3,0,0,126.8293,37.6291,경기고양시,0,0,0,0,0,40,1,0
22385,2012-12-18,0,1,1,1,0,0,0,경기,수원시,0,2,0,0,0,0,0,127.0189,37.235,경기수원시,0,0,0,0,0,99,1,1
22387,2013-01-11,1,4,1,1,0,0,0,전북,완주군,0,0,0,1,1,1,0,127.1123,35.9865,전북완주군,0,1,0,0,0,28,1,1
22388,2013-01-18,1,4,1,1,0,0,0,경기,여주시,0,0,0,0,0,1,0,127.6307,37.2996,경기여주시,0,1,0,0,0,22,1,1
22390,2013-01-22,1,1,1,1,0,0,0,대전,유성구,0,1,0,0,0,1,0,127.336,36.3612,대전유성구,0,1,0,0,0,148,1,1
22391,2013-01-22,0,1,1,1,0,0,0,강원,원주시,0,1,0,0,0,0,0,127.8042,37.303,강원원주시,0,0,0,0,0,36,1,1
22393,2013-02-06,1,2,1,1,0,0,0,전남,목포시,0,0,2,0,0,0,0,126.4177,34.8025,전남목포시,0,0,0,0,0,153,1,1
22394,2013-02-05,0,1,1,1,0,0,0,전남,광양시,0,3,0,0,0,0,0,127.7107,34.9445,전남광양시,0,0,0,0,0,130,0,0
22397,2013-02-01,0,4,1,1,0,0,0,경기,성남시,0,1,0,0,0,2,0,127.162,37.4554,경기성남시,0,2,0,0,0,95,1,1
22401,2013-02-12,0,1,1,1,0,0,0,대구,달서구,0,0,0,1,1,0,0,128.5515,35.8338,대구달서구,0,0,0,0,0,20,1,1
22405,2013-01-03,1,3,1,1,0,0,0,경기,화성시,0,3,0,2,4,0,0,126.9296,37.1391,경기화성시,0,0,0,0,0,50,0,0
22412,2013-02-11,0,0,1,1,0,0,0,충남,보령시,0,0,0,0,0,0,0,126.5,36.3968,충남보령시,0,0,0,1,0,136,1,1
22414,2013-02-12,0,1,1,1,0,0,0,광주,광산구,0,2,0,0,0,0,0,126.6773,35.1627,광주광산구,0,0,0,0,0,135,1,1
22416,2013-02-09,1,5,1,1,0,0,0,경기,광주시,0,1,0,0,0,1,0,127.2531,37.4159,경기광주시,0,1,0,1,0,9,1,1
22417,2013-02-08,0,4,1,1,0,0,0,경기,연천군,0,2,0,0,0,0,0,127.0004,37.9354,경기연천군,0,0,0,0,0,106,1,1
22418,2013-02-07,0,3,1,1,0,0,0,서울,종로구,0,0,0,0,0,0,0,127.0125,37.572,서울종로구,0,0,0,0,0,116,1,1
22419,2013-02-07,0,3,1,1,0,0,0,경기,남양주시,0,1,0,0,0,0,0,127.2821,37.7277,경기남양주시,0,0,0,0,0,70,1,1
22420,2013-02-09,0,5,1,1,0,0,0,서울,광진구,0,1,0,0,0,0,0,127.0734,37.559,서울광진구,0,0,0,1,0,183,1,1
22422,2012-12-21,0,4,1,2,0,1,0,경남,창녕군,0,1,0,0,0,0,0,128.5199,35.4593,경남창녕군,0,0,0,0,0,211,1,1
22423,2012-12-18,1,1,1,2,1,0,0,울산,북구,0,0,3,0,3,4,0,129.379,35.5571,울산북구,0,4,0,0,0,158,1,1
22425,2012-12-19,1,2,1,1,0,0,0,서울,서초구,0,1,0,0,0,2,0,126.9827,37.4949,서울서초구,0,2,0,1,0,214,1,1
22428,2012-09-07,0,4,1,1,0,0,0,경기,안산시,0,0,0,0,0,2,0,126.6187,37.2376,경기안산시,0,2,0,0,0,2,1,1
22429,2012-09-12,1,2,1,1,0,0,0,경기,포천시,0,1,0,0,0,1,0,127.2282,37.7756,경기포천시,0,1,0,0,0,171,1,1
22431,2012-07-24,0,1,1,1,0,0,0,서울,광진구,0,1,0,0,0,1,0,127.0873,37.5404,서울광진구,0,1,0,0,0,183,1,1
22437,2013-04-25,0,3,1,1,0,0,0,전북,김제시,0,0,0,1,2,1,0,126.9092,35.8395,전북김제시,0,1,0,0,0,34,1,1
22441,2013-05-13,0,0,1,2,1,0,0,서울,노원구,0,0,0,0,0,1,0,127.0626,37.6479,서울노원구,0,1,0,0,0,18,1,1
22442,2013-05-15,0,2,1,1,0,0,0,경기,남양주시,0,0,0,1,2,0,0,127.2067,37.6332,경기남양주시,0,0,0,0,0,70,1,1
22444,2013-05-14,1,1,1,1,0,0,0,경기,부천시,0,1,1,1,2,3,0,126.7832,37.5275,경기부천시,0,3,0,0,0,65,1,0
22446,2012-11-16,0,4,1,1,0,0,0,대전,동구,0,1,0,0,0,0,0,127.4339,36.3443,대전동구,0,0,0,0,0,80,1,1
22447,2012-11-04,1,6,1,1,0,0,0,경북,구미시,0,1,0,0,0,1,0,128.3056,36.2378,경북구미시,0,1,0,1,0,144,1,1
22451,2012-11-03,1,5,1,1,0,0,0,경남,밀양시,0,1,0,0,0,3,0,128.6924,35.381,경남밀양시,0,3,0,1,0,177,1,1
22453,2012-11-03,1,5,1,1,0,0,0,경북,영천시,0,3,0,0,0,0,0,128.9528,35.9257,경북영천시,0,0,0,1,0,5,0,0
22457,2012-12-29,0,5,1,1,0,0,0,광주,동구,0,1,0,1,1,0,0,126.9337,35.1575,광주동구,0,0,0,1,0,162,1,1
22459,2012-12-16,0,6,1,1,0,0,0,경기,안양시,0,0,0,0,0,0,0,126.9215,37.4098,경기안양시,0,0,0,1,0,151,1,1
22461,2012-12-13,1,3,1,1,0,0,0,충남,천안시,0,1,0,0,3,0,0,127.221,36.9151,충남천안시,0,0,0,0,0,63,1,1
22469,2012-12-26,0,2,1,1,0,0,0,경기,수원시,0,0,0,0,0,0,0,127.0561,37.272,경기수원시,0,0,0,0,0,99,1,1
22471,2012-12-22,1,5,1,1,0,0,0,서울,도봉구,0,2,0,0,0,0,0,127.0404,37.6627,서울도봉구,0,0,0,1,0,98,1,1
22472,2012-12-03,0,0,1,1,0,0,0,충북,청원군,0,0,0,0,0,0,0,127.466,36.5856,충북청주시,0,0,0,0,0,83,1,1
22476,2012-12-01,1,5,1,1,0,0,0,충남,서천군,0,1,0,0,0,1,0,126.6557,36.0979,충남서천군,0,1,0,1,0,10,1,1
22481,2013-02-16,1,5,1,1,0,0,0,경북,청도군,0,2,0,0,0,0,0,128.7563,35.5765,경북청도군,0,0,0,1,0,3,1,1
22484,2013-02-14,0,3,1,1,0,0,0,경기,양평군,0,1,0,0,0,1,0,127.6944,37.5415,경기양평군,0,1,0,0,0,48,1,1
22485,2013-02-25,0,0,1,1,0,0,0,경기,용인시,0,0,0,0,0,0,0,127.1234,37.2731,경기용인시,0,0,0,0,0,51,1,1
22487,2013-01-17,0,3,1,1,0,0,0,대구,동구,0,0,0,0,0,0,0,128.6261,35.8811,대구동구,0,0,0,0,0,26,1,1
22493,2013-01-26,0,5,1,1,0,0,0,경기,남양주시,0,2,0,1,2,2,0,127.1239,37.6994,경기남양주시,0,2,0,1,0,70,1,1
22494,2013-02-02,0,5,1,1,0,0,0,경북,경주시,0,0,0,1,1,0,0,129.3154,35.7742,경북경주시,0,0,0,1,0,100,1,1
22496,2013-02-07,0,3,1,1,0,0,0,서울,성동구,0,1,0,0,0,0,0,127.0247,37.5554,서울성동구,0,0,0,0,0,84,1,1
22503,2013-04-28,1,6,1,1,0,0,0,경기,평택시,0,1,0,1,2,0,0,127.084,37.0051,경기평택시,0,0,0,1,0,14,1,1
22504,2013-04-30,1,1,1,1,0,0,0,경기,화성시,0,0,0,0,0,1,0,126.9484,37.2199,경기화성시,0,1,0,0,0,50,1,1
22505,2013-04-28,0,6,1,1,0,0,0,경남,산청군,0,2,0,0,0,1,0,127.9993,35.386,경남산청군,0,1,0,1,0,224,1,1