index,발생년월일,주야,요일,사망자수,사상자수,중상자수,경상자수,부상신고자수,발생지시도,발생지시군구,사고유형_대분류,사고유형_중분류,법규위반,도로형태_대분류,도로형태,당사자종별_1당_대분류,당사자종별_2당_대분류,경도,위도,발생지,사고피해정도,사고차량타입,도시여부,주말/공휴일,인구수,발생지번호,보행자의위치,무단횡단여부
22964,2013-05-08,0,2,1,1,0,0,0,경기,용인시,0,1,0,1,1,0,0,127.2125,37.2585,경기용인시,0,0,0,0,0,51,1,1
22966,2013-05-22,0,2,1,1,0,0,0,충남,천안시,0,0,0,2,4,0,0,127.153,36.8252,충남천안시,0,0,0,0,0,63,1,1
22968,2013-05-10,0,4,1,1,0,0,0,대전,동구,0,0,3,0,3,0,0,127.4337,36.3396,대전동구,0,0,0,0,0,80,1,1
22970,2012-04-22,0,6,1,1,0,0,0,경북,경산시,0,1,0,1,1,0,0,128.8228,35.8193,경북경산시,0,0,0,1,0,52,1,1
22971,2012-04-08,0,6,1,1,0,0,0,경기,고양시,0,0,0,0,3,0,0,126.7498,37.6828,경기고양시,0,0,0,1,0,40,1,1
22972,2012-04-08,1,6,1,1,0,0,0,전북,남원시,0,1,0,0,0,1,0,127.3002,35.3366,전북남원시,0,1,0,1,0,193,1,1
22973,2012-01-20,0,4,1,1,0,0,0,전북,남원시,0,0,0,1,1,1,0,127.3881,35.4075,전북남원시,0,1,0,0,0,193,1,1
22975,2012-10-29,0,0,1,1,0,0,0,전북,고창군,0,0,0,1,2,0,0,126.6722,35.4351,전북고창군,0,0,0,0,0,219,1,1
22976,2012-11-22,1,3,1,1,0,0,0,부산,중구,0,1,3,0,0,3,0,129.0256,35.1031,부산중구,0,3,0,0,0,228,1,1
22980,2012-11-23,0,4,1,2,1,0,0,충남,아산시,0,0,0,0,0,0,0,127.0547,36.7751,충남아산시,0,0,0,0,0,53,1,1
22981,2012-11-10,0,5,1,1,0,0,0,대구,북구,0,1,0,0,3,0,0,128.5654,35.8915,대구북구,0,0,0,1,0,112,1,1
22983,2013-04-18,0,3,1,1,0,0,0,경기,부천시,0,1,0,0,0,0,0,126.7973,37.5155,경기부천시,0,0,0,0,0,65,1,1
22987,2013-04-30,1,1,1,1,0,0,0,전북,순창군,0,1,0,0,0,3,0,126.9997,35.4978,전북순창군,0,3,0,0,0,131,1,1
22990,2013-05-20,0,0,1,1,0,0,0,울산,남구,0,1,0,2,4,7,0,129.3307,35.5321,울산남구,0,7,0,0,0,213,1,1
22995,2012-11-03,0,5,1,2,1,0,0,전북,부안군,0,1,1,0,0,2,0,126.6711,35.6036,전북부안군,0,2,0,1,0,185,1,0
22999,2012-12-13,1,3,1,1,0,0,0,경기,양주시,0,2,0,0,0,0,0,127.0516,37.8252,경기양주시,0,0,0,0,0,59,1,1
23000,2012-12-12,0,2,1,1,0,0,0,충남,아산시,0,0,0,0,0,1,0,127.0876,36.78,충남아산시,0,1,0,0,0,53,1,1
23001,2012-12-14,0,4,1,1,0,0,0,서울,금천구,0,4,0,0,3,0,0,126.8995,37.4574,서울금천구,0,0,0,0,0,109,0,0
23004,2012-12-17,0,0,1,1,0,0,0,경남,김해시,0,0,0,0,0,0,0,128.8217,35.1874,경남김해시,0,0,0,0,0,13,1,1
23011,2012-12-25,0,1,1,1,0,0,0,전남,강진군,0,0,0,1,1,0,0,126.7692,34.6356,전남강진군,0,0,0,1,0,121,1,1
23019,2012-11-20,1,1,1,1,0,0,0,경기,남양주시,0,0,0,1,2,0,0,127.1529,37.6719,경기남양주시,0,0,0,0,0,70,1,1
23021,2012-11-16,0,4,1,1,0,0,0,경북,경주시,0,1,0,0,0,8,0,129.1927,35.7483,경북경주시,0,8,0,0,0,100,1,1
23022,2012-10-31,0,2,1,1,0,0,0,경기,이천시,0,0,0,1,1,1,0,127.614,37.115,경기이천시,0,1,0,0,0,41,1,1
23023,2012-11-05,1,0,1,1,0,0,0,경남,함안군,0,1,0,0,3,1,0,128.4067,35.2747,경남함안군,0,1,0,0,0,117,1,1
23028,2012-12-10,1,0,1,1,0,0,0,경기,화성시,0,1,3,1,1,2,0,126.9502,37.2204,경기화성시,0,2,0,0,0,50,1,1
23032,2012-12-16,0,6,1,1,0,0,0,경기,안산시,0,0,0,0,0,0,0,126.8665,37.2964,경기안산시,0,0,0,1,0,2,1,1
23034,2012-12-11,0,1,1,1,0,0,0,경북,안동시,0,1,0,1,1,0,0,128.7147,36.5578,경북안동시,0,0,0,0,0,66,1,1
23036,2012-12-12,1,2,1,1,0,0,0,경남,김해시,0,0,0,1,2,1,0,128.8619,35.2669,경남김해시,0,1,0,0,0,13,1,1
23042,2013-11-22,0,4,1,1,0,0,0,서울,관악구,0,0,0,0,0,2,0,126.9294,37.4862,서울관악구,0,2,0,0,0,188,1,1
23043,2013-11-23,1,5,1,1,0,0,0,제주,제주시,0,0,5,1,2,3,0,126.5171,33.5154,제주제주시,0,3,0,1,0,90,1,1
23044,2013-11-23,0,5,1,1,0,0,0,경기,수원시,0,0,0,0,0,0,0,127.0286,37.2476,경기수원시,0,0,0,1,0,99,1,1
23047,2013-11-23,0,5,1,1,0,0,0,경북,포항시,0,1,0,0,0,1,0,129.5243,35.8931,경북포항시,0,1,0,1,0,160,1,1
23050,2013-11-21,0,3,1,1,0,0,0,경북,영주시,0,2,0,0,0,1,0,128.5679,36.8419,경북영주시,0,1,0,0,0,113,1,1
23051,2013-11-21,0,3,1,1,0,0,0,경북,영주시,0,4,1,1,1,0,0,128.6063,36.8124,경북영주시,0,0,0,0,0,113,0,0
23054,2013-11-29,0,4,1,1,0,0,0,울산,남구,0,0,0,1,2,1,0,129.3211,35.5359,울산남구,0,1,0,0,0,213,1,1
23055,2013-11-28,0,3,1,1,0,0,0,충남,아산시,0,0,0,2,4,2,0,127.0684,36.7749,충남아산시,0,2,0,0,0,53,1,1
23058,2013-10-23,1,2,1,1,0,0,0,부산,남구,0,2,0,0,0,1,0,129.0705,35.1372,부산남구,0,1,0,0,0,180,1,1
23062,2013-11-01,0,4,1,1,0,0,0,인천,옹진군,0,3,0,0,0,0,0,126.5025,37.255,인천옹진군,0,0,0,0,0,186,0,0
23064,2013-11-01,0,4,1,1,0,0,0,경기,김포시,0,1,0,0,0,0,0,126.5805,37.6367,경기김포시,0,0,0,0,0,47,1,1
23067,2013-11-04,1,0,1,1,0,0,0,서울,강서구,0,0,0,0,0,0,0,126.8165,37.5646,서울강서구,0,0,0,0,0,43,1,1
23068,2013-11-01,0,4,1,1,0,0,0,울산,북구,0,0,0,0,0,0,0,129.3532,35.6057,울산북구,0,0,0,0,0,158,1,1
23069,2013-11-02,0,5,1,1,0,0,0,충남,보령시,0,0,1,0,0,0,0,126.6041,36.3483,충남보령시,0,0,0,1,0,136,1,0
23070,2013-11-11,1,0,1,1,0,0,0,경기,구리시,0,0,0,0,0,0,0,127.1313,37.5935,경기구리시,0,0,0,0,0,165,1,1
23071,2013-11-14,1,3,1,1,0,0,0,경북,포항시,0,1,0,1,2,1,0,129.38,36.0829,경북포항시,0,1,0,0,0,160,1,1
23072,2013-12-31,0,1,1,1,0,0,0,경북,영천시,0,0,0,0,0,0,0,128.9104,35.9566,경북영천시,0,0,0,0,0,5,1,1
23073,2013-12-30,0,0,1,1,0,0,0,전남,나주시,0,2,0,0,0,1,0,126.663,34.9206,전남나주시,0,1,0,0,0,33,1,1
23076,2013-12-01,0,6,1,1,0,0,0,경기,안성시,0,0,0,0,0,0,0,127.3051,37.0133,경기안성시,0,0,0,1,0,23,1,1
23077,2013-11-29,0,4,1,1,0,0,0,경북,청도군,0,3,0,0,0,1,0,128.7187,35.6673,경북청도군,0,1,0,0,0,3,0,0
23080,2013-11-26,0,1,1,1,0,0,0,대전,유성구,0,0,0,1,1,1,0,127.3335,36.3512,대전유성구,0,1,0,0,0,148,1,1
23081,2013-12-05,1,3,1,1,0,0,0,서울,관악구,0,1,0,0,0,0,0,126.9522,37.4823,서울관악구,0,0,0,0,0,188,1,1
23082,2013-12-05,1,3,1,2,1,0,0,충남,서산시,0,0,0,0,0,2,0,126.4427,36.7827,충남서산시,0,2,0,0,0,69,1,1
23083,2013-12-04,1,2,1,1,0,0,0,대구,수성구,0,0,1,0,3,0,0,128.6235,35.8376,대구수성구,0,0,0,0,0,37,1,0
23084,2013-05-20,1,0,1,1,0,0,0,전북,정읍시,0,2,0,1,1,0,0,127.0404,35.6219,전북정읍시,0,0,0,0,0,12,1,1
23086,2013-05-08,0,2,1,1,0,0,0,서울,마포구,0,1,0,0,0,2,0,126.9551,37.5503,서울마포구,0,2,0,0,0,159,1,1
23087,2013-05-08,1,2,1,1,0,0,0,서울,금천구,0,0,0,1,1,0,0,126.8979,37.4788,서울금천구,0,0,0,0,0,109,1,1
23089,2013-05-17,0,4,1,1,0,0,0,경기,양평군,0,2,0,0,0,2,0,127.539,37.4231,경기양평군,0,2,0,1,0,48,1,1
23093,2012-12-07,1,4,1,1,0,0,0,서울,강서구,0,1,0,1,1,1,0,126.8361,37.5338,서울강서구,0,1,0,0,0,43,1,1
23095,2012-08-28,0,1,1,1,0,0,0,경북,포항시,0,0,0,0,0,8,0,129.3547,36.0391,경북포항시,0,8,0,0,0,160,1,1
23096,2012-04-04,1,2,1,1,0,0,0,경기,성남시,0,0,0,0,3,2,0,127.1293,37.43,경기성남시,0,2,0,0,0,95,1,1
23097,2012-12-27,0,3,1,1,0,0,0,충남,보령시,0,0,1,0,3,0,0,126.6032,36.3474,충남보령시,0,0,0,0,0,136,1,0
23098,2012-12-27,0,3,1,1,0,0,0,전남,여수시,0,1,0,0,0,0,0,127.6629,34.7689,전남여수시,0,0,0,0,0,102,1,1
23099,2012-12-10,1,0,1,1,0,0,0,전북,전주시,0,1,0,0,0,1,0,127.0606,35.8931,전북전주시,0,1,0,0,0,11,1,1
23102,2012-12-11,0,1,1,1,0,0,0,서울,은평구,0,0,0,0,0,2,0,126.8966,37.5815,서울은평구,0,2,0,0,0,139,1,1
23103,2012-12-15,1,5,1,1,0,0,0,전북,부안군,0,0,2,0,0,0,0,126.6765,35.681,전북부안군,0,0,0,1,0,185,1,1
23104,2012-12-11,0,1,1,1,0,0,0,광주,서구,0,0,0,0,0,0,0,126.8549,35.1536,광주서구,0,0,0,0,0,222,1,1
23106,2012-12-12,1,2,1,1,0,0,0,전남,진도군,0,1,0,0,0,1,0,126.2657,34.4834,전남진도군,0,1,0,0,0,71,1,1
23109,2012-12-21,1,4,1,1,0,0,0,충남,태안군,0,0,0,0,0,1,0,126.2898,36.6847,충남태안군,0,1,0,0,0,169,1,1
23110,2012-12-26,0,2,1,1,0,0,0,경기,평택시,0,0,0,1,1,0,0,127.0709,37.029,경기평택시,0,0,0,0,0,14,1,1
23111,2012-12-18,0,1,1,1,0,0,0,강원,춘천시,0,2,0,0,0,0,0,127.7402,37.8746,강원춘천시,0,0,0,0,0,111,1,1
23114,2012-12-21,0,4,1,1,0,0,0,강원,원주시,0,0,0,1,2,0,0,127.9599,37.3282,강원원주시,0,0,0,0,0,36,1,1
23117,2012-12-07,1,4,1,1,0,0,0,부산,강서구,0,1,0,0,0,1,0,128.8865,35.0898,부산강서구,0,1,0,0,0,206,1,1
23119,2012-12-04,1,1,1,1,0,0,0,전북,완주군,0,0,0,1,2,2,0,127.0751,35.9109,전북완주군,0,2,0,0,0,28,1,1
23122,2012-12-04,1,1,1,1,0,0,0,경기,화성시,0,0,0,0,0,0,0,127.0371,37.2165,경기화성시,0,0,0,0,0,50,1,1
23123,2012-12-04,1,1,1,2,1,0,0,경기,양주시,0,0,3,1,1,3,0,126.9872,37.817,경기양주시,0,3,0,0,0,59,1,1
23124,2012-12-04,1,1,1,1,0,0,0,경기,용인시,0,0,0,1,1,1,0,127.2088,37.2331,경기용인시,0,1,0,0,0,51,1,1
23126,2012-12-04,0,1,1,1,0,0,0,광주,북구,0,0,1,0,3,2,0,126.9016,35.1873,광주북구,0,2,0,0,0,137,1,0
23131,2012-11-21,0,2,1,1,0,0,0,인천,강화군,0,1,0,0,0,0,0,126.4102,37.7746,인천강화군,0,0,0,0,0,92,1,1
23132,2012-11-20,0,1,1,1,0,0,0,경기,평택시,0,1,0,0,0,0,0,126.8658,36.9874,경기평택시,0,0,0,0,0,14,1,1
23134,2012-11-22,0,3,1,1,0,0,0,충북,제천시,0,0,1,1,2,0,0,128.2136,37.1381,충북제천시,0,0,0,0,0,103,1,0
23138,2012-11-18,0,6,1,1,0,0,0,전북,전주시,0,0,0,0,0,0,0,127.0905,35.8609,전북전주시,0,0,0,1,0,11,1,1
23140,2012-10-30,0,1,1,1,0,0,0,경남,김해시,0,1,0,1,1,0,0,128.8511,35.2091,경남김해시,0,0,0,0,0,13,1,1
23142,2012-10-31,1,2,1,1,0,0,0,경기,파주시,0,0,0,1,1,2,0,126.804,37.7348,경기파주시,0,2,0,0,0,175,1,1
23143,2012-10-31,0,2,1,1,0,0,0,울산,중구,0,1,0,1,2,0,0,129.3123,35.5736,울산중구,0,0,0,0,0,205,1,1
23145,2012-11-05,0,0,1,1,0,0,0,경기,의정부시,0,0,2,1,2,0,0,127.0546,37.7001,경기의정부시,0,0,0,0,0,64,1,1
23146,2012-11-03,1,5,1,1,0,0,0,강원,강릉시,0,0,0,0,0,4,0,128.8861,37.7593,강원강릉시,0,4,0,1,0,194,1,1
23149,2012-11-01,0,3,1,1,0,0,0,충남,홍성군,0,2,0,0,0,0,0,126.6791,36.592,충남홍성군,0,0,0,0,0,38,1,1
23151,2012-12-31,1,5,1,1,0,0,0,경기,남양주시,0,0,1,1,1,1,0,127.3066,37.6531,경기남양주시,0,1,0,0,0,70,1,0
23154,2012-12-27,0,3,1,1,0,0,0,경남,창원시(통합),0,0,0,0,3,0,0,128.6634,35.3228,경남창원시(통합),0,0,0,0,0,86,1,1
23155,2012-12-28,0,4,1,1,0,0,0,전북,익산시,0,2,0,0,0,0,0,126.9097,35.9064,전북익산시,0,0,0,0,0,125,1,1
23156,2012-12-27,0,3,1,1,0,0,0,경남,양산시,0,1,0,1,2,1,0,129.153,35.3865,경남양산시,0,1,0,0,0,49,1,1
23157,2012-12-14,0,4,1,1,0,0,0,경남,김해시,0,1,2,1,1,0,0,129.0027,35.268,경남김해시,0,0,0,0,0,13,1,1
23160,2012-12-14,1,4,1,1,0,0,0,서울,동대문구,0,0,0,0,3,0,0,127.0306,37.5755,서울동대문구,0,0,0,0,0,201,1,1
23162,2013-01-04,0,4,1,1,0,0,0,경남,진주시,0,3,0,1,1,0,0,128.0936,35.1896,경남진주시,0,0,0,0,0,42,0,0
23163,2013-01-11,1,4,1,1,0,0,0,충남,천안시,0,0,0,1,2,1,0,127.1133,36.7847,충남천안시,0,1,0,0,0,63,1,1
23164,2013-01-18,0,4,1,1,0,0,0,전남,광양시,0,2,0,1,2,0,0,127.7256,34.9514,전남광양시,0,0,0,0,0,130,1,1
23166,2013-01-24,1,3,1,1,0,0,0,전남,목포시,0,1,0,0,0,6,0,126.3957,34.804,전남목포시,0,6,0,0,0,153,1,1
23170,2013-02-02,1,5,1,1,0,0,0,인천,남동구,0,1,0,0,0,3,0,126.7084,37.4028,인천남동구,0,3,0,1,0,29,1,1
23175,2013-02-10,0,6,1,1,0,0,0,충남,논산시,0,3,0,1,1,0,0,127.2038,36.175,충남논산시,0,0,0,1,0,61,0,0
23176,2013-02-08,1,4,1,1,0,0,0,울산,중구,0,1,0,0,0,2,0,129.321,35.5599,울산중구,0,2,0,0,0,205,1,1
23181,2013-02-14,1,3,1,1,0,0,0,제주,제주시,0,0,0,0,3,0,0,126.8703,33.5189,제주제주시,0,0,0,0,0,90,1,1
23184,2013-02-14,0,3,1,1,0,0,0,강원,속초시,0,3,0,0,0,0,0,128.5833,38.2046,강원속초시,0,0,0,0,0,104,0,0
23185,2013-02-13,0,2,1,1,0,0,0,강원,동해시,0,0,0,0,0,0,0,129.1018,37.5398,강원동해시,0,0,0,0,0,210,1,1
23186,2013-02-13,1,2,1,1,0,0,0,경북,고령군,0,3,2,0,0,1,0,128.2015,35.6748,경북고령군,0,1,0,0,0,220,0,0
23187,2013-02-13,0,2,1,1,0,0,0,경기,용인시,0,0,0,0,0,0,0,127.3364,37.1802,경기용인시,0,0,0,0,0,51,1,1
23188,2013-02-24,0,6,1,1,0,0,0,충남,천안시,0,1,0,0,0,0,0,127.1354,36.9189,충남천안시,0,0,0,1,0,63,1,1
23191,2013-02-23,0,5,1,1,0,0,0,경기,수원시,0,1,0,0,0,0,0,127.0822,37.2688,경기수원시,0,0,0,1,0,99,1,1
23192,2013-02-23,0,5,1,1,0,0,0,경북,봉화군,0,3,0,0,0,0,0,128.993,36.9565,경북봉화군,0,0,0,1,0,149,0,0
23193,2012-11-28,1,2,1,1,0,0,0,서울,강서구,0,4,1,0,3,1,0,126.8515,37.553,서울강서구,0,1,0,0,0,43,0,0
23195,2012-11-28,0,2,1,1,0,0,0,서울,노원구,0,0,3,1,1,2,0,127.0551,37.629,서울노원구,0,2,0,0,0,18,1,1
23196,2012-11-25,0,6,1,1,0,0,0,제주,서귀포시,0,0,0,0,0,0,0,126.916,33.4485,제주서귀포시,0,0,0,1,0,62,1,1
23197,2012-11-12,1,0,1,1,0,0,0,대구,중구,0,0,3,0,0,0,0,128.5849,35.8657,대구중구,0,0,0,0,0,178,1,1
23200,2012-11-07,1,2,1,1,0,0,0,강원,강릉시,0,1,0,1,2,2,0,128.8971,37.7551,강원강릉시,0,2,0,0,0,194,1,1
23201,2012-11-12,0,0,1,1,0,0,0,제주,서귀포시,0,0,0,0,0,1,0,126.9128,33.4463,제주서귀포시,0,1,0,0,0,62,1,1
23204,2012-09-23,1,6,1,1,0,0,0,서울,동대문구,0,0,3,0,3,7,0,127.0462,37.5809,서울동대문구,0,7,0,1,0,201,1,1
23205,2012-09-23,0,6,1,2,1,0,0,충남,천안시,0,0,0,0,0,2,0,127.1607,36.8238,충남천안시,0,2,0,1,0,63,1,1
23206,2012-10-27,0,5,1,1,0,0,0,전북,전주시,0,0,1,0,0,0,0,127.1151,35.8452,전북전주시,0,0,0,1,0,11,1,0
23208,2012-10-24,1,2,1,2,0,1,0,광주,광산구,0,4,4,0,0,0,0,126.8041,35.1732,광주광산구,0,0,0,0,0,135,0,0
23209,2012-10-28,0,6,1,1,0,0,0,대구,남구,0,0,0,0,0,0,0,128.5833,35.8565,대구남구,0,0,0,1,0,145,1,1
23210,2012-10-29,1,0,1,1,0,0,0,경북,포항시,0,1,0,1,2,1,0,129.3666,36.0328,경북포항시,0,1,0,0,0,160,1,1
23217,2012-10-10,1,2,1,1,0,0,0,경기,수원시,0,0,0,0,0,0,0,127.0222,37.2958,경기수원시,0,0,0,0,0,99,1,1
23219,2012-10-10,0,2,1,1,0,0,0,전북,완주군,0,4,3,0,3,0,0,127.2205,35.7485,전북완주군,0,0,0,0,0,28,0,0
23220,2012-10-13,1,5,1,1,0,0,0,경기,파주시,0,0,0,0,0,1,0,126.8972,37.8487,경기파주시,0,1,0,1,0,175,1,1
23222,2012-10-18,1,3,1,1,0,0,0,경기,안산시,0,0,0,1,1,2,0,126.8628,37.3134,경기안산시,0,2,0,0,0,2,1,1
23223,2012-10-14,0,6,1,1,0,0,0,강원,홍천군,0,0,1,0,3,1,0,127.8504,37.6686,강원홍천군,0,1,0,1,0,82,1,0
23225,2012-10-18,0,3,1,1,0,0,0,경남,함안군,0,1,0,0,0,3,0,128.3445,35.2616,경남함안군,0,3,0,0,0,117,1,1
23227,2012-10-19,1,4,1,2,0,1,0,경기,고양시,0,0,1,1,1,0,0,126.7588,37.6723,경기고양시,0,0,0,0,0,40,1,0
23228,2012-10-15,0,0,1,1,0,0,0,충남,서산시,0,2,0,0,0,0,0,126.4985,36.7825,충남서산시,0,0,0,0,0,69,1,1
23230,2012-09-28,0,4,1,1,0,0,0,충북,청원군,0,0,0,1,1,0,0,127.3273,36.6108,충북청주시,0,0,0,0,0,83,1,1
23231,2012-09-28,0,4,1,1,0,0,0,충남,보령시,0,0,1,0,3,0,0,126.676,36.2929,충남보령시,0,0,0,0,0,136,1,0
23232,2012-09-30,1,6,1,1,0,0,0,경북,구미시,0,1,0,1,2,0,0,128.434,36.1559,경북구미시,0,0,0,1,0,144,1,1
23233,2012-09-28,0,4,1,1,0,0,0,대전,대덕구,0,0,0,0,0,1,0,127.423,36.3591,대전대덕구,0,1,0,0,0,77,1,1
23235,2012-11-30,0,4,1,1,0,0,0,충남,예산군,0,0,3,1,2,1,0,126.7181,36.7414,충남예산군,0,1,0,0,0,187,1,1
23237,2012-01-06,0,4,1,1,0,0,0,서울,종로구,0,2,0,0,0,0,0,127.0172,37.5735,서울종로구,0,0,0,0,0,116,1,1
23239,2013-06-04,1,1,1,1,0,0,0,경북,상주시,0,0,2,0,0,2,0,128.1621,36.5872,경북상주시,0,2,0,0,0,58,1,1
23244,2013-02-13,0,2,1,1,0,0,0,서울,강서구,0,0,0,0,0,2,0,126.8121,37.5611,서울강서구,0,2,0,0,0,43,1,1
23246,2013-02-25,1,0,1,1,0,0,0,인천,서구,0,3,0,0,0,1,0,126.6675,37.6072,인천서구,0,1,0,0,0,97,0,0
23251,2013-02-21,0,3,1,1,0,0,0,서울,마포구,0,2,0,0,0,0,0,126.9316,37.5482,서울마포구,0,0,0,0,0,159,1,1
23252,2013-02-22,0,4,1,1,0,0,0,전남,순천시,0,0,0,0,0,0,0,127.4933,34.9497,전남순천시,0,0,0,0,0,27,1,1
23253,2013-02-25,0,0,1,1,0,0,0,경기,남양주시,0,1,0,0,0,0,0,127.168,37.7036,경기남양주시,0,0,0,0,0,70,1,1
23259,2013-01-03,1,3,1,1,0,0,0,경기,안양시,0,4,3,1,1,1,0,126.9281,37.384,경기안양시,0,1,0,0,0,151,0,0
23261,2013-12-23,0,0,1,1,0,0,0,경남,김해시,0,1,0,0,0,0,0,128.9837,35.2408,경남김해시,0,0,0,0,0,13,1,1
23266,2012-11-16,0,4,1,1,0,0,0,전북,전주시,0,4,1,0,0,0,0,127.1399,35.8317,전북전주시,0,0,0,0,0,11,0,0
23268,2012-10-25,0,3,1,1,0,0,0,경기,성남시,0,0,1,1,2,0,0,127.1589,37.4429,경기성남시,0,0,0,0,0,95,1,0
23269,2012-11-12,0,0,1,1,0,0,0,충남,금산군,0,4,0,0,0,0,0,127.3217,36.1621,충남금산군,0,0,0,0,0,68,0,0
23270,2012-10-09,0,1,1,1,0,0,0,부산,진구,0,0,0,0,0,0,0,129.0604,35.1594,부산진구,0,0,0,0,0,231,1,1
23273,2013-04-24,1,2,1,1,0,0,0,경남,김해시,0,4,4,0,0,1,0,128.7935,35.2927,경남김해시,0,1,0,0,0,13,0,0
23278,2013-04-29,0,0,1,1,0,0,0,경남,함안군,0,3,0,0,0,0,0,128.5073,35.3394,경남함안군,0,0,0,0,0,117,0,0
23286,2013-05-16,1,3,1,1,0,0,0,부산,금정구,0,1,0,0,0,2,0,129.0849,35.2221,부산금정구,0,2,0,0,0,96,1,1
23289,2012-08-04,0,5,1,1,0,0,0,전북,완주군,0,0,0,1,2,0,0,127.2417,35.7076,전북완주군,0,0,0,1,0,28,1,1
23291,2012-08-13,0,0,1,1,0,0,0,전남,목포시,0,0,1,0,3,0,0,126.3931,34.7957,전남목포시,0,0,0,0,0,153,1,0
23292,2012-08-10,1,4,1,1,0,0,0,제주,제주시,0,4,1,1,1,3,0,126.5598,33.5057,제주제주시,0,3,0,0,0,90,0,0
23295,2012-08-14,0,1,1,1,0,0,0,경남,창원시(통합),0,1,0,0,0,0,0,128.8113,35.1016,경남창원시(통합),0,0,0,0,0,86,1,1
23298,2012-08-24,0,4,1,1,0,0,0,부산,사하구,0,1,0,1,2,0,0,128.9622,35.0954,부산사하구,0,0,0,0,0,25,1,1
23299,2012-08-21,0,1,1,1,0,0,0,서울,영등포구,0,0,0,1,1,0,0,126.9201,37.4999,서울영등포구,0,0,0,0,0,150,1,1
23300,2012-08-29,0,2,1,1,0,0,0,강원,인제군,0,0,0,0,0,0,0,128.2875,37.9109,강원인제군,0,0,0,0,0,124,1,1
23302,2012-08-26,0,6,1,1,0,0,0,경기,부천시,0,1,0,0,0,0,0,126.7869,37.4875,경기부천시,0,0,0,1,0,65,1,1
23304,2012-09-01,1,5,1,1,0,0,0,대구,수성구,0,4,1,0,3,1,0,128.6414,35.8225,대구수성구,0,1,0,1,0,37,0,0
23306,2012-09-05,0,2,1,2,0,1,0,경북,상주시,0,0,0,0,0,0,0,127.9176,36.4474,경북상주시,0,0,0,0,0,58,1,1
23307,2012-09-14,0,4,1,1,0,0,0,대구,달성군,0,1,0,0,0,0,0,128.4559,35.6439,대구달성군,0,0,0,0,0,30,1,1
23310,2012-09-17,0,0,1,1,0,0,0,경기,고양시,0,0,3,0,0,1,0,126.844,37.6636,경기고양시,0,1,0,0,0,40,1,1
23312,2012-09-16,0,6,1,1,0,0,0,경기,파주시,0,1,0,0,0,0,0,126.8833,37.7354,경기파주시,0,0,0,1,0,175,1,1
23313,2012-09-14,0,4,1,1,0,0,0,서울,서초구,0,0,0,1,1,0,0,127.08,37.4602,서울서초구,0,0,0,0,0,214,1,1
23315,2012-09-20,0,3,1,1,0,0,0,경기,시흥시,0,0,0,0,3,1,0,126.7295,37.3561,경기시흥시,0,1,0,0,0,73,1,1
23318,2012-08-06,1,0,1,1,0,0,0,전남,담양군,0,3,0,0,0,0,0,126.9815,35.2862,전남담양군,0,0,0,0,0,181,0,0
23320,2012-08-12,1,6,1,1,0,0,0,대전,동구,0,1,0,1,1,0,0,127.4603,36.2968,대전동구,0,0,0,1,0,80,1,1
23323,2012-08-17,0,4,1,1,0,0,0,전북,익산시,0,0,3,1,1,1,0,126.9818,35.959,전북익산시,0,1,0,0,0,125,1,1
23324,2012-08-17,0,4,1,1,0,0,0,대구,달서구,0,1,0,0,0,0,0,128.5382,35.8509,대구달서구,0,0,0,0,0,20,1,1
23326,2012-08-17,0,4,1,1,0,0,0,경북,포항시,0,0,2,1,2,0,0,129.3742,36.0187,경북포항시,0,0,0,0,0,160,1,1
23327,2012-08-17,0,4,1,1,0,0,0,서울,노원구,0,0,3,0,3,1,0,127.0683,37.636,서울노원구,0,1,0,0,0,18,1,1
23328,2012-08-24,0,4,1,1,0,0,0,충남,예산군,0,0,0,0,0,0,0,126.8141,36.7056,충남예산군,0,0,0,0,0,187,1,1
23329,2012-08-25,0,5,1,1,0,0,0,인천,부평구,0,0,0,1,1,0,0,126.7259,37.5086,인천부평구,0,0,0,1,0,44,1,1
23330,2013-11-21,0,3,1,1,0,0,0,경남,창원시(통합),0,0,0,0,0,0,0,128.7113,35.3295,경남창원시(통합),0,0,0,0,0,86,1,1
23333,2013-01-20,0,6,1,1,0,0,0,대구,달성군,0,1,0,0,0,1,0,128.4983,35.8094,대구달성군,0,1,0,1,0,30,1,1
23336,2013-04-18,0,3,1,1,0,0,0,울산,남구,0,1,2,0,0,0,0,129.3608,35.5479,울산남구,0,0,0,0,0,213,1,1
23337,2013-04-26,0,4,1,1,0,0,0,충남,서천군,0,0,3,1,2,0,0,126.6892,36.0776,충남서천군,0,0,0,0,0,10,1,1
23338,2013-04-26,0,4,1,3,1,1,0,경기,연천군,0,0,3,0,3,2,0,127.0643,38.0331,경기연천군,0,2,0,0,0,106,1,1
23339,2013-04-27,1,5,1,2,1,0,0,경기,포천시,0,1,0,0,0,0,0,127.1493,37.8315,경기포천시,0,0,0,1,0,171,1,1
23343,2013-04-30,0,1,1,1,0,0,0,경기,안성시,0,0,0,0,0,1,0,127.225,37.0,경기안성시,0,1,0,0,0,23,1,1