index,발생년월일,주야,요일,사망자수,사상자수,중상자수,경상자수,부상신고자수,발생지시도,발생지시군구,사고유형_대분류,사고유형_중분류,법규위반,도로형태_대분류,도로형태,당사자종별_1당_대분류,당사자종별_2당_대분류,경도,위도,발생지,사고피해정도,사고차량타입,도시여부,주말/공휴일,인구수,발생지번호,보행자의위치,무단횡단여부
23345,2013-05-03,0,4,1,1,0,0,0,대전,중구,0,0,0,1,2,0,0,127.3957,36.3181,대전중구,0,0,0,0,0,39,1,1
23346,2013-05-03,0,4,1,1,0,0,0,울산,중구,0,1,3,0,3,0,0,129.2693,35.5615,울산중구,0,0,0,0,0,205,1,1
23348,2013-04-28,1,6,1,1,0,0,0,충북,청주시,0,0,0,0,0,0,0,127.4928,36.6115,충북청주시,0,0,0,1,0,83,1,1
23349,2013-04-29,0,0,1,1,0,0,0,강원,홍천군,0,1,0,2,4,0,0,127.665,37.6233,강원홍천군,0,0,0,0,0,82,1,1
23354,2013-05-07,1,1,1,1,0,0,0,서울,마포구,0,1,0,0,0,0,0,126.8961,37.5759,서울마포구,0,0,0,0,0,159,1,1
23357,2013-05-03,0,4,1,1,0,0,0,인천,계양구,0,0,0,0,0,0,0,126.7226,37.5365,인천계양구,0,0,0,0,0,7,1,1
23359,2013-05-03,1,4,1,1,0,0,0,강원,원주시,0,0,3,0,0,3,0,127.9617,37.414,강원원주시,0,3,0,0,0,36,1,1
23360,2013-05-11,0,5,1,1,0,0,0,경남,양산시,0,0,0,0,0,0,0,129.0609,35.4176,경남양산시,0,0,0,1,0,49,1,1
23361,2013-05-12,0,6,1,1,0,0,0,경북,상주시,0,0,0,0,0,0,0,128.151,36.4204,경북상주시,0,0,0,1,0,58,1,1
23366,2012-12-28,0,4,1,1,0,0,0,강원,인제군,0,0,0,0,0,2,0,128.1859,38.1074,강원인제군,0,2,0,0,0,124,1,1
23367,2012-11-16,0,4,1,1,0,0,0,경기,동두천시,0,0,0,1,1,1,0,127.0486,37.8926,경기동두천시,0,1,0,0,0,94,1,1
23368,2012-11-22,1,3,1,1,0,0,0,부산,진구,0,0,0,0,0,0,0,129.0325,35.1521,부산진구,0,0,0,0,0,231,1,1
23369,2012-11-21,0,2,1,1,0,0,0,경남,산청군,0,0,0,1,2,0,0,127.8391,35.3308,경남산청군,0,0,0,0,0,224,1,1
23370,2012-11-01,0,3,1,1,0,0,0,인천,남구,0,0,2,0,3,1,0,126.6733,37.4518,인천남동구,0,1,0,0,0,29,1,1
23374,2012-11-02,0,4,1,1,0,0,0,충북,충주시,0,3,0,0,0,1,0,127.9177,37.0152,충북충주시,0,1,0,0,0,6,0,0
23376,2012-11-05,0,0,1,1,0,0,0,부산,강서구,0,1,0,0,0,2,0,128.9817,35.2087,부산강서구,0,2,0,0,0,206,1,1
23380,2012-03-19,0,0,1,1,0,0,0,경남,창원시(통합),0,0,1,0,3,0,0,128.5806,35.2374,경남창원시(통합),0,0,0,0,0,86,1,0
23383,2012-03-05,0,0,1,1,0,0,0,경남,창원시(통합),0,0,2,0,0,0,0,128.6864,35.2085,경남창원시(통합),0,0,0,0,0,86,1,1
23384,2012-08-06,1,0,1,1,0,0,0,서울,도봉구,0,2,0,0,0,1,0,127.0477,37.6517,서울도봉구,0,1,0,0,0,98,1,1
23392,2012-12-23,0,6,1,2,1,0,0,서울,구로구,0,0,4,1,2,0,0,126.89,37.4795,서울구로구,0,0,0,1,0,79,1,1
23401,2013-11-21,1,3,1,1,0,0,0,인천,남동구,0,0,0,0,0,4,0,126.7056,37.4651,인천남동구,0,4,0,0,0,29,1,1
23405,2013-11-25,0,0,1,1,0,0,0,충북,청주시,0,1,0,0,0,1,0,127.4882,36.6577,충북청주시,0,1,0,0,0,83,1,1
23409,2013-12-03,1,1,1,1,0,0,0,전북,익산시,0,1,0,0,0,1,0,126.9333,35.9985,전북익산시,0,1,0,0,0,125,1,1
23410,2013-12-05,1,3,1,1,0,0,0,부산,영도구,0,1,0,0,0,0,0,129.0592,35.0975,부산영도구,0,0,0,0,0,173,1,1
23411,2013-12-04,1,2,1,1,0,0,0,충남,서천군,0,0,0,2,4,1,0,126.7449,36.0724,충남서천군,0,1,0,0,0,10,1,1
23414,2013-12-03,0,1,1,1,0,0,0,강원,강릉시,0,1,0,0,0,0,0,128.9393,37.7384,강원강릉시,0,0,0,0,0,194,1,1
23417,2013-12-02,0,0,1,1,0,0,0,충남,태안군,0,0,1,0,3,0,0,126.3202,36.6289,충남태안군,0,0,0,0,0,169,1,0
23421,2013-12-04,1,2,1,1,0,0,0,제주,제주시,0,0,2,1,2,0,0,126.6635,33.5369,제주제주시,0,0,0,0,0,90,1,1
23423,2013-12-31,0,1,1,1,0,0,0,울산,북구,0,0,2,1,2,0,0,129.3319,35.6248,울산북구,0,0,0,0,0,158,1,1
23425,2013-12-30,0,0,1,2,1,0,0,대전,서구,0,0,3,1,2,0,0,127.3867,36.3513,대전서구,0,0,0,0,0,4,1,1
23426,2013-12-25,0,2,1,1,0,0,0,부산,연제구,0,0,0,1,1,0,0,129.0946,35.1859,부산연제구,0,0,0,1,0,221,1,1
23427,2013-12-25,0,2,1,1,0,0,0,경남,김해시,0,4,0,0,3,0,0,128.7795,35.2944,경남김해시,0,0,0,1,0,13,0,0
23429,2013-10-27,1,6,1,1,0,0,0,제주,서귀포시,0,1,0,0,0,2,0,126.566,33.2454,제주서귀포시,0,2,0,1,0,62,1,1
23431,2013-10-27,1,6,1,1,0,0,0,전남,광양시,0,1,0,0,0,0,0,127.7139,35.0219,전남광양시,0,0,0,1,0,130,1,1
23433,2013-10-23,0,2,1,1,0,0,0,경기,이천시,0,1,0,1,2,0,0,127.4439,37.2852,경기이천시,0,0,0,0,0,41,1,1
23434,2013-10-25,1,4,1,1,0,0,0,대전,동구,0,0,0,0,0,0,0,127.4615,36.3223,대전동구,0,0,0,0,0,80,1,1
23435,2013-10-23,1,2,1,1,0,0,0,전남,영암군,0,2,3,1,1,1,0,126.6324,34.7622,전남영암군,0,1,0,0,0,16,1,1
23436,2013-10-23,1,2,1,1,0,0,0,부산,사하구,0,0,0,0,0,3,0,128.9862,35.0974,부산사하구,0,3,0,0,0,25,1,1
23437,2013-11-01,0,4,1,1,0,0,0,울산,울주군,0,0,3,1,2,0,0,129.3339,35.4524,울산울주군,0,0,0,0,0,17,1,1
23443,2013-12-05,0,3,1,1,0,0,0,대구,동구,0,1,3,0,3,1,0,128.6758,35.8782,대구동구,0,1,0,0,0,26,1,1
23444,2013-08-15,0,3,1,2,0,1,0,경북,칠곡군,0,1,0,0,0,0,0,128.4127,36.0315,경북칠곡군,0,0,0,1,0,21,1,1
23446,2013-04-26,0,4,1,1,0,0,0,경기,여주시,0,1,0,0,0,1,0,127.4595,37.4179,경기여주시,0,1,0,0,0,22,1,1
23449,2013-05-02,0,3,1,1,0,0,0,부산,사상구,0,1,0,0,0,1,0,128.9744,35.158,부산사상구,0,1,0,0,0,120,1,1
23462,2013-05-18,0,5,1,1,0,0,0,충남,아산시,0,0,3,1,1,0,0,127.0127,36.7748,충남아산시,0,0,0,1,0,53,1,1
23463,2013-05-16,0,3,1,1,0,0,0,충북,청원군,0,0,0,0,0,2,0,127.4252,36.7011,충북청주시,0,2,0,0,0,83,1,1
23465,2013-05-16,1,3,2,5,2,1,0,경남,창원시(통합),0,1,4,0,3,1,0,128.6316,35.2616,경남창원시(통합),1,1,0,0,0,86,1,1
23466,2012-04-01,0,6,1,1,0,0,0,인천,남구,0,1,0,0,3,0,0,126.6704,37.452,인천남동구,0,0,0,1,0,29,1,1
23467,2012-12-06,1,3,1,1,0,0,0,경남,창원시(통합),0,1,0,1,1,1,0,128.5822,35.2087,경남창원시(통합),0,1,0,0,0,86,1,1
23469,2012-12-05,0,2,1,1,0,0,0,경북,경주시,0,1,0,0,0,0,0,129.2758,35.8898,경북경주시,0,0,0,0,0,100,1,1
23474,2012-10-21,1,6,1,1,0,0,0,경북,안동시,0,0,1,0,0,1,0,128.7266,36.5668,경북안동시,0,1,0,1,0,66,1,0
23476,2012-06-19,1,1,1,1,0,0,0,경기,구리시,0,1,0,0,0,7,0,127.1436,37.5978,경기구리시,0,7,0,0,0,165,1,1
23477,2013-04-19,1,4,1,2,1,0,0,광주,북구,0,1,5,1,2,1,0,126.8982,35.1719,광주북구,0,1,0,0,0,137,1,1
23478,2012-11-02,0,4,1,2,1,0,0,전남,고흥군,0,1,4,0,0,0,0,127.2269,34.5755,전남고흥군,0,0,0,0,0,191,1,1
23480,2012-10-30,0,1,1,1,0,0,0,충북,괴산군,0,0,0,0,0,0,0,127.8274,36.7983,충북괴산군,0,0,0,0,0,179,1,1
23485,2012-12-29,1,5,1,1,0,0,0,서울,관악구,0,0,3,1,1,1,0,126.926,37.4836,서울관악구,0,1,0,1,0,188,1,1
23489,2012-12-16,0,3,1,1,0,0,0,충남,당진시,0,0,0,1,2,1,0,126.6345,36.9013,충남당진시,0,1,0,1,0,46,1,1
23493,2012-12-14,1,4,1,1,0,0,0,경기,평택시,0,3,0,0,0,1,0,127.0498,37.0753,경기평택시,0,1,0,0,0,14,0,0
23495,2012-12-23,0,6,1,1,0,0,0,충북,청주시,0,1,4,0,0,0,0,127.4363,36.6305,충북청주시,0,0,0,1,0,83,1,1
23497,2012-12-19,0,2,1,1,0,0,0,전남,진도군,0,1,0,0,3,2,0,126.2208,34.445,전남진도군,0,2,0,1,0,71,1,1
23500,2012-12-03,0,0,1,1,0,0,0,경북,군위군,0,0,0,1,1,2,0,128.5782,36.1324,경북군위군,0,2,0,0,0,170,1,1
23502,2012-12-08,1,5,1,1,0,0,0,경기,광명시,0,1,0,0,0,2,0,126.8745,37.4641,경기광명시,0,2,0,1,0,81,1,1
23504,2012-12-08,1,5,1,1,0,0,0,전남,보성군,0,1,0,0,0,1,0,127.3285,34.838,전남보성군,0,1,0,1,0,122,1,1
23506,2012-12-10,1,0,1,1,0,0,0,서울,중랑구,0,0,1,0,0,2,0,127.0874,37.5796,서울중랑구,0,2,0,0,0,196,1,0
23509,2012-12-16,0,6,1,1,0,0,0,서울,영등포구,0,0,0,1,2,0,0,126.9054,37.5254,서울영등포구,0,0,0,1,0,150,1,1
23510,2012-12-24,0,0,1,1,0,0,0,인천,연수구,0,0,1,0,0,2,0,126.6936,37.4228,인천연수구,0,2,0,0,0,35,1,0
23514,2012-12-26,0,2,1,1,0,0,0,경기,평택시,0,0,1,1,1,0,0,127.0251,37.1077,경기평택시,0,0,0,0,0,14,1,0
23520,2012-11-04,0,6,1,1,0,0,0,충남,예산군,0,0,0,1,1,0,0,126.7331,36.7835,충남예산군,0,0,0,1,0,187,1,1
23522,2012-11-02,1,4,1,1,0,0,0,충북,청주시,0,0,0,1,1,0,0,127.4997,36.6274,충북청주시,0,0,0,0,0,83,1,1
23524,2012-11-02,0,4,1,1,0,0,0,경기,수원시,0,2,0,0,0,0,0,126.9504,37.2857,경기수원시,0,0,0,0,0,99,1,1
23527,2012-12-11,0,1,1,1,0,0,0,전남,무안군,0,0,0,1,1,1,0,126.4729,34.9829,전남무안군,0,1,0,0,0,101,1,1
23528,2012-12-15,0,5,1,1,0,0,0,경기,시흥시,0,1,0,0,0,2,0,126.7497,37.3409,경기시흥시,0,2,0,1,0,73,1,1
23529,2012-12-12,1,2,1,1,0,0,0,경기,의정부시,0,0,0,1,1,0,0,127.0503,37.7262,경기의정부시,0,0,0,0,0,64,1,1
23531,2012-12-13,0,3,1,1,0,0,0,경남,창원시(통합),0,0,0,0,0,0,0,128.5739,35.221,경남창원시(통합),0,0,0,0,0,86,1,1
23534,2013-01-28,1,0,1,1,0,0,0,전북,전주시,0,2,0,0,0,1,0,127.1274,35.841,전북전주시,0,1,0,0,0,11,1,1
23536,2013-01-30,1,2,1,1,0,0,0,경남,진주시,0,0,0,1,1,1,0,128.1121,35.182,경남진주시,0,1,0,0,0,42,1,1
23539,2013-02-01,0,4,1,1,0,0,0,충남,공주시,0,1,0,0,0,2,0,127.0283,36.5226,충남공주시,0,2,0,0,0,19,1,1
23541,2013-02-02,1,5,1,1,0,0,0,광주,북구,0,3,0,0,0,2,0,126.9291,35.1622,광주북구,0,2,0,1,0,137,0,0
23543,2013-02-10,0,6,1,1,0,0,0,제주,서귀포시,0,0,0,0,0,0,0,126.5688,33.266,제주서귀포시,0,0,0,1,0,62,1,1
23550,2013-02-07,0,3,1,1,0,0,0,경기,안양시,0,0,0,0,3,0,0,126.9495,37.3924,경기안양시,0,0,0,0,0,151,1,1
23551,2013-02-06,0,2,1,1,0,0,0,충남,공주시,0,0,3,1,1,1,0,127.1183,36.5801,충남공주시,0,1,0,0,0,19,1,1
23554,2013-02-13,1,2,1,1,0,0,0,부산,북구,0,1,0,0,0,0,0,129.001,35.2119,부산북구,0,0,0,0,0,118,1,1
23555,2013-02-14,0,3,1,1,0,0,0,대구,남구,0,1,0,1,2,0,0,128.6039,35.8326,대구남구,0,0,0,0,0,145,1,1
23558,2013-02-25,0,0,1,1,0,0,0,경기,포천시,0,3,0,0,0,0,0,127.2081,37.8287,경기포천시,0,0,0,0,0,171,0,0
23560,2013-01-02,0,2,1,1,0,0,0,충남,공주시,0,1,0,0,0,0,0,127.0585,36.4712,충남공주시,0,0,0,0,0,19,1,1
23563,2013-10-24,0,3,1,1,0,0,0,전북,익산시,0,0,0,0,0,2,0,127.1137,36.0409,전북익산시,0,2,0,0,0,125,1,1
23567,2013-11-05,0,1,1,1,0,0,0,서울,중랑구,0,0,3,0,3,2,0,127.0952,37.5986,서울중랑구,0,2,0,0,0,196,1,1
23569,2013-11-02,0,5,1,1,0,0,0,광주,남구,0,2,0,1,2,0,0,126.8972,35.1142,광주남구,0,0,0,1,0,190,1,1
23572,2013-11-24,0,6,1,1,0,0,0,전북,전주시,0,1,0,1,1,0,0,127.0617,35.8733,전북전주시,0,0,0,1,0,11,1,1
23574,2013-11-24,1,6,1,1,0,0,0,서울,강서구,0,0,1,1,2,3,0,126.8411,37.5686,서울강서구,0,3,0,1,0,43,1,0
23575,2013-11-22,0,4,1,1,0,0,0,제주,제주시,0,0,0,0,0,0,0,126.5455,33.4718,제주제주시,0,0,0,0,0,90,1,1
23576,2013-11-22,1,4,2,3,1,0,0,서울,서초구,0,0,0,1,2,0,0,127.043,37.4657,서울서초구,1,0,0,0,0,214,1,1
23578,2013-11-22,1,4,1,1,0,0,0,서울,강남구,0,2,0,0,0,2,0,127.0219,37.51,서울강남구,0,2,0,0,0,89,1,1
23582,2013-11-30,1,5,1,1,0,0,0,경기,군포시,0,0,1,0,3,2,0,126.9447,37.3507,경기군포시,0,2,0,1,0,126,1,0
23585,2012-10-08,0,0,1,1,0,0,0,강원,삼척시,0,1,0,1,2,2,0,129.12,37.4419,강원삼척시,0,2,0,0,0,78,1,1
23586,2013-11-30,0,5,1,1,0,0,0,경북,김천시,0,1,0,0,0,0,0,128.0542,36.0477,경북김천시,0,0,0,1,0,76,1,1
23587,2013-11-30,0,5,1,1,0,0,0,경남,남해군,0,0,0,0,0,0,0,127.9302,34.8164,경남남해군,0,0,0,1,0,197,1,1
23588,2013-11-28,1,3,1,1,0,0,0,경기,안산시,0,0,3,1,1,0,0,126.8074,37.3041,경기안산시,0,0,0,0,0,2,1,1
23595,2013-12-06,0,4,1,1,0,0,0,인천,서구,0,1,0,0,0,0,0,126.6725,37.4993,인천서구,0,0,0,0,0,97,1,1
23597,2013-12-06,1,4,1,1,0,0,0,충남,부여군,0,4,3,1,2,1,0,126.7414,36.1944,충남부여군,0,1,0,0,0,129,0,0
23598,2013-12-02,0,0,1,3,2,0,0,경남,거제시,0,0,1,0,3,4,0,128.7226,34.8667,경남거제시,1,4,0,0,0,15,1,0
23599,2013-12-06,0,4,1,1,0,0,0,경북,경주시,0,1,0,0,0,1,0,129.1641,35.8375,경북경주시,0,1,0,0,0,100,1,1
23603,2013-04-18,1,3,1,1,0,0,0,경북,경주시,0,3,0,0,0,5,0,129.173,35.7454,경북경주시,0,5,0,0,0,100,0,0
23604,2013-04-25,0,3,1,1,0,0,0,경남,창원시(통합),0,0,0,0,3,2,0,128.5866,35.2435,경남창원시(통합),0,2,0,0,0,86,1,1
23612,2012-05-24,0,3,1,1,0,0,0,경북,성주군,0,0,0,0,0,1,0,128.2863,35.9122,경북성주군,0,1,0,0,0,168,1,1
23614,2012-11-06,0,1,1,1,0,0,0,인천,연수구,0,0,0,0,0,2,0,126.6504,37.4171,인천연수구,0,2,0,0,0,35,1,1
23615,2012-11-14,0,2,1,1,0,0,0,경북,의성군,0,0,0,0,0,0,0,128.4398,36.3869,경북의성군,0,0,0,0,0,105,1,1
23617,2012-11-16,1,4,1,1,0,0,0,전남,곡성군,0,2,0,2,4,0,0,127.2871,35.277,전남곡성군,0,0,0,0,0,147,1,1
23619,2012-11-01,0,3,1,1,0,0,0,경기,화성시,0,2,0,0,0,0,0,126.942,37.2229,경기화성시,0,0,0,0,0,50,1,1
23622,2012-10-29,1,0,1,1,0,0,0,강원,영월군,0,1,0,0,0,2,0,128.3776,37.1996,강원영월군,0,2,0,0,0,114,1,1
23625,2012-12-27,1,3,1,1,0,0,0,경남,김해시,0,0,0,1,1,1,0,128.9684,35.3151,경남김해시,0,1,0,0,0,13,1,1
23630,2012-12-13,0,3,1,1,0,0,0,서울,강남구,0,1,0,0,0,2,0,127.0199,37.5147,서울강남구,0,2,0,0,0,89,1,1
23632,2012-12-17,1,0,1,1,0,0,0,전북,익산시,0,0,1,0,3,0,0,126.9622,35.9611,전북익산시,0,0,0,0,0,125,1,0
23633,2012-12-23,0,6,1,1,0,0,0,대구,동구,0,1,0,0,3,0,0,128.638,35.8975,대구동구,0,0,0,1,0,26,1,1
23635,2012-12-19,0,2,1,1,0,0,0,경기,남양주시,0,1,0,0,0,2,0,127.3294,37.6539,경기남양주시,0,2,0,1,0,70,1,1
23636,2012-12-18,0,1,1,1,0,0,0,전북,김제시,0,1,0,0,0,0,0,127.0401,35.7247,전북김제시,0,0,0,0,0,34,1,1
23639,2012-12-23,0,6,1,1,0,0,0,경기,남양주시,0,0,0,1,2,0,0,127.1827,37.7146,경기남양주시,0,0,0,1,0,70,1,1
23642,2012-12-03,0,0,1,1,0,0,0,경기,고양시,0,2,0,0,0,0,0,126.7734,37.6549,경기고양시,0,0,0,0,0,40,1,1
23643,2012-12-07,1,4,1,2,1,0,0,경남,김해시,0,3,0,0,0,0,0,128.7357,35.2916,경남김해시,0,0,0,0,0,13,0,0
23645,2012-11-29,0,3,1,1,0,0,0,강원,강릉시,0,3,0,0,0,1,0,128.8786,37.7825,강원강릉시,0,1,0,0,0,194,0,0
23647,2012-09-21,0,4,1,1,0,0,0,경북,경주시,0,3,0,0,0,1,0,129.4438,35.781,경북경주시,0,1,0,0,0,100,0,0
23650,2012-09-22,1,5,1,1,0,0,0,인천,강화군,0,1,0,0,0,1,0,126.5194,37.6936,인천강화군,0,1,0,1,0,92,1,1
23653,2012-08-03,1,4,1,1,0,0,0,전남,순천시,0,0,3,0,3,2,0,127.4898,34.9467,전남순천시,0,2,0,0,0,27,1,1
23654,2012-08-12,0,6,1,3,2,0,0,대구,수성구,0,0,2,0,3,4,0,128.6215,35.84,대구수성구,1,4,0,1,0,37,1,1
23656,2012-08-15,0,2,1,1,0,0,0,경기,화성시,0,3,0,1,2,0,0,126.7813,37.2134,경기화성시,0,0,0,1,0,50,0,0
23660,2012-08-13,0,0,1,1,0,0,0,부산,해운대구,0,0,2,0,0,0,0,129.1401,35.1704,부산해운대구,0,0,0,0,0,1,1,1
23665,2012-08-24,1,4,1,1,0,0,0,전북,전주시,0,4,1,1,1,0,0,127.1524,35.8203,전북전주시,0,0,0,0,0,11,0,0
23672,2012-08-29,0,2,1,2,1,0,0,서울,노원구,0,1,0,0,0,0,0,127.0747,37.6203,서울노원구,0,0,0,0,0,18,1,1
23678,2013-01-02,0,2,1,1,0,0,0,전북,익산시,0,0,0,0,0,1,0,127.109,35.9808,전북익산시,0,1,0,0,0,125,1,1
23681,2013-01-16,0,2,1,1,0,0,0,경기,시흥시,0,1,0,0,0,0,0,126.8658,37.3606,경기시흥시,0,0,0,0,0,73,1,1
23682,2012-11-29,1,3,1,1,0,0,0,강원,강릉시,0,0,0,0,0,0,0,128.902,37.7641,강원강릉시,0,0,0,0,0,194,1,1
23683,2012-11-23,0,4,1,1,0,0,0,부산,영도구,0,0,0,0,3,0,0,129.0408,35.0861,부산영도구,0,0,0,0,0,173,1,1
23684,2012-11-28,0,2,1,2,0,1,0,서울,종로구,0,0,0,0,0,0,0,126.9802,37.5702,서울종로구,0,0,0,0,0,116,1,1
23691,2012-11-12,0,0,1,1,0,0,0,경기,포천시,0,4,0,1,2,0,0,127.1634,37.8498,경기포천시,0,0,0,0,0,171,0,0
23692,2012-11-11,1,6,1,1,0,0,0,경기,의정부시,0,1,0,0,0,0,0,127.0434,37.7344,경기의정부시,0,0,0,1,0,64,1,1
23696,2012-11-09,1,4,1,1,0,0,0,경북,고령군,0,3,0,0,0,5,0,128.189,35.7714,경북고령군,0,5,0,0,0,220,0,0
23698,2012-11-08,0,3,1,1,0,0,0,전북,완주군,0,2,0,0,0,0,0,127.231,35.8551,전북완주군,0,0,0,0,0,28,1,1
23703,2012-10-24,0,2,1,1,0,0,0,인천,남동구,0,0,0,0,0,2,0,126.7195,37.4567,인천남동구,0,2,0,0,0,29,1,1
23705,2012-10-29,0,0,1,1,0,0,0,서울,성북구,0,2,3,1,1,0,0,127.0088,37.588,서울성북구,0,0,0,0,0,167,1,1
23712,2012-10-12,0,4,1,1,0,0,0,인천,부평구,0,1,0,0,0,0,0,126.7043,37.5173,인천부평구,0,0,0,0,0,44,1,1
23714,2012-10-05,0,4,1,1,0,0,0,경북,안동시,0,0,0,0,0,0,0,128.9176,36.5681,경북안동시,0,0,0,0,0,66,1,1
23718,2012-10-15,1,0,1,1,0,0,0,서울,은평구,0,0,0,0,0,2,0,126.9277,37.613,서울은평구,0,2,0,0,0,139,1,1
23724,2012-09-07,0,4,1,1,0,0,0,전북,군산시,0,1,0,1,1,0,0,126.7032,35.9796,전북군산시,0,0,0,0,0,166,1,1
23725,2012-11-30,0,4,1,1,0,0,0,경남,거제시,0,1,0,1,1,1,0,128.5853,34.8503,경남거제시,0,1,0,0,0,15,1,1
23728,2012-12-01,1,5,1,1,0,0,0,경남,진주시,0,0,0,0,0,2,0,128.0999,35.1817,경남진주시,0,2,0,1,0,42,1,1
23736,2012-12-14,1,4,1,1,0,0,0,서울,양천구,0,0,0,0,0,2,0,126.8639,37.5403,서울양천구,0,2,0,0,0,140,1,1
23738,2012-09-07,1,4,1,1,0,0,0,서울,강남구,0,1,0,1,1,0,0,127.0355,37.5261,서울강남구,0,0,0,0,0,89,1,1
23741,2012-11-23,0,4,1,1,0,0,0,경북,의성군,0,1,0,1,1,1,0,128.8314,36.3864,경북의성군,0,1,0,0,0,105,1,1
23743,2012-09-27,0,3,2,2,0,0,0,경기,김포시,0,0,3,0,3,1,0,126.6697,37.6546,경기김포시,0,1,0,0,0,47,1,1
23748,2013-04-28,0,6,1,1,0,0,0,광주,서구,0,1,0,1,2,0,0,126.8698,35.1515,광주서구,0,0,0,1,0,222,1,1
23752,2013-04-27,0,5,1,1,0,0,0,경기,수원시,0,2,0,1,1,0,0,126.985,37.2738,경기수원시,0,0,0,1,0,99,1,1
23753,2013-04-29,0,0,1,1,0,0,0,경북,경주시,0,1,0,0,0,0,0,129.283,35.8341,경북경주시,0,0,0,0,0,100,1,1
23761,2013-05-16,1,3,1,2,0,1,0,전남,영광군,0,2,0,0,0,4,0,126.5005,35.2774,전남영광군,0,4,0,0,0,127,1,1
23762,2013-05-17,1,4,1,1,0,0,0,충북,청주시,0,1,0,1,1,1,0,127.4725,36.617,충북청주시,0,1,0,1,0,83,1,1
23766,2012-02-20,0,0,1,1,0,0,0,울산,중구,0,0,0,0,0,0,0,129.3373,35.5514,울산중구,0,0,0,0,0,205,1,1
23767,2012-12-23,1,6,1,1,0,0,0,대전,서구,0,0,0,0,0,0,0,127.3622,36.361,대전서구,0,0,0,1,0,4,1,1
23768,2012-03-23,0,4,1,1,0,0,0,경기,남양주시,0,4,3,0,0,0,0,127.2258,37.7652,경기남양주시,0,0,0,0,0,70,0,0
23770,2012-11-25,0,6,1,1,0,0,0,경남,양산시,0,0,0,0,0,1,0,129.0866,35.4837,경남양산시,0,1,0,1,0,49,1,1
23771,2012-10-20,1,5,1,1,0,0,0,부산,진구,0,1,0,2,4,2,0,129.0379,35.1721,부산진구,0,2,0,1,0,231,1,1
23775,2013-04-19,0,4,1,1,0,0,0,전북,군산시,0,4,1,0,3,0,0,126.7345,35.9435,전북군산시,0,0,0,0,0,166,0,0
23776,2013-04-22,1,0,1,1,0,0,0,전남,신안군,0,1,0,0,0,1,0,125.9798,34.7853,전남신안군,0,1,0,0,0,132,1,1
23778,2013-05-07,1,1,1,1,0,0,0,대전,중구,0,1,0,1,2,0,0,127.3888,36.3178,대전중구,0,0,0,0,0,39,1,1
23781,2012-01-30,1,0,1,1,0,0,0,인천,중구,0,3,0,0,0,1,0,126.6372,37.4621,인천중구,0,1,0,0,0,72,0,0
23782,2012-02-05,0,6,1,1,0,0,0,강원,원주시,0,2,0,0,0,0,0,127.9596,37.3246,강원원주시,0,0,0,1,0,36,1,1
23784,2012-02-04,1,5,1,1,0,0,0,경기,광주시,0,1,0,0,0,1,0,127.2407,37.3947,경기광주시,0,1,0,1,0,9,1,1
23786,2012-02-09,0,3,1,1,0,0,0,서울,성북구,0,0,0,0,3,0,0,127.022,37.5803,서울성북구,0,0,0,0,0,167,1,1
23789,2012-02-17,0,4,1,1,0,0,0,경기,하남시,0,2,0,0,0,0,0,127.2726,37.5276,경기하남시,0,0,0,0,0,67,1,1
23793,2013-02-05,0,1,1,1,0,0,0,경남,진주시,0,4,1,0,3,6,0,128.0684,35.1992,경남진주시,0,6,0,0,0,42,0,0
23797,2013-07-24,0,2,1,1,0,0,0,경북,상주시,0,1,0,0,0,8,0,128.2312,36.3508,경북상주시,0,8,0,0,0,58,1,1
23801,2012-01-18,0,2,1,1,0,0,0,경북,영천시,0,4,1,0,3,1,0,128.9388,35.9654,경북영천시,0,1,0,0,0,5,0,0
23803,2013-04-24,0,2,1,1,0,0,0,제주,서귀포시,0,0,1,0,0,1,0,126.5539,33.2642,제주서귀포시,0,1,0,0,0,62,1,0
23808,2013-05-07,1,1,1,1,0,0,0,충남,부여군,0,1,0,0,0,9,0,126.7881,36.2112,충남부여군,0,9,0,0,0,129,1,1
23811,2013-05-07,0,1,1,1,0,0,0,경남,김해시,0,1,0,0,0,0,0,128.7566,35.2372,경남김해시,0,0,0,0,0,13,1,1
23815,2013-05-04,0,5,1,1,0,0,0,충남,예산군,0,1,0,0,0,1,0,126.7841,36.7014,충남예산군,0,1,0,1,0,187,1,1
23816,2013-05-11,0,5,1,1,0,0,0,충북,청주시,0,4,1,0,0,0,0,127.5072,36.6103,충북청주시,0,0,0,1,0,83,0,0
23817,2013-05-20,0,0,1,1,0,0,0,부산,남구,0,1,0,1,1,1,0,129.085,35.1141,부산남구,0,1,0,0,0,180,1,1
23818,2013-05-21,0,1,1,2,0,1,0,울산,울주군,0,2,0,0,3,1,0,129.2156,35.4696,울산울주군,0,1,0,0,0,17,1,1
23819,2013-05-21,0,1,1,1,0,0,0,경남,김해시,0,1,0,0,0,1,0,128.7097,35.3014,경남김해시,0,1,0,0,0,13,1,1