index,발생년월일,주야,요일,사망자수,사상자수,중상자수,경상자수,부상신고자수,발생지시도,발생지시군구,사고유형_대분류,사고유형_중분류,법규위반,도로형태_대분류,도로형태,당사자종별_1당_대분류,당사자종별_2당_대분류,경도,위도,발생지,사고피해정도,사고차량타입,도시여부,주말/공휴일,인구수,발생지번호,보행자의위치,무단횡단여부
24276,2013-11-13,1,2,1,1,0,0,0,경기,의왕시,0,0,0,1,2,1,0,126.9772,37.3896,경기의왕시,0,1,0,0,0,199,1,1
24280,2013-11-18,0,0,1,1,0,0,0,인천,남동구,0,1,0,1,1,0,0,126.7242,37.4489,인천남동구,0,0,0,0,0,29,1,1
24282,2013-11-16,0,5,1,1,0,0,0,울산,울주군,0,1,0,0,0,0,0,129.2012,35.4497,울산울주군,0,0,0,1,0,17,1,1
24284,2013-11-17,1,6,1,1,0,0,0,충남,홍성군,0,0,0,0,0,1,0,126.4679,36.5522,충남홍성군,0,1,0,1,0,38,1,1
24286,2013-11-25,0,0,1,1,0,0,0,전남,순천시,0,0,0,0,0,2,0,127.4895,34.966,전남순천시,0,2,0,0,0,27,1,1
24287,2013-11-25,0,0,1,1,0,0,0,강원,강릉시,0,1,0,2,4,0,0,128.8343,37.7192,강원강릉시,0,0,0,0,0,194,1,1
24288,2013-11-25,0,0,1,1,0,0,0,충남,천안시,0,0,0,0,0,0,0,127.1365,36.8943,충남천안시,0,0,0,0,0,63,1,1
24290,2013-11-26,1,1,1,1,0,0,0,광주,서구,0,0,1,0,0,2,0,126.8807,35.1211,광주서구,0,2,0,0,0,222,1,0
24291,2013-11-26,0,1,1,1,0,0,0,충남,당진시,0,3,0,0,0,1,0,126.8054,36.878,충남당진시,0,1,0,0,0,46,0,0
24292,2013-11-22,0,4,1,1,0,0,0,경남,진주시,0,0,0,0,0,0,0,128.1143,35.168,경남진주시,0,0,0,0,0,42,1,1
24293,2013-11-23,1,5,1,1,0,0,0,전남,여수시,0,2,0,1,1,3,0,127.7159,34.7575,전남여수시,0,3,0,1,0,102,1,1
24294,2013-10-26,0,5,1,1,0,0,0,경기,의정부시,0,0,0,1,1,0,0,127.0471,37.7162,경기의정부시,0,0,0,1,0,64,1,1
24297,2013-10-24,1,3,1,1,0,0,0,부산,서구,0,0,0,0,0,2,0,129.0205,35.1111,부산서구,0,2,0,0,0,226,1,1
24298,2013-10-25,1,4,1,1,0,0,0,제주,서귀포시,0,0,0,0,0,2,0,126.5575,33.2642,제주서귀포시,0,2,0,0,0,62,1,1
24299,2013-10-31,0,3,1,1,0,0,0,전남,강진군,0,0,0,0,0,0,0,126.7149,34.6879,전남강진군,0,0,0,0,0,121,1,1
24300,2013-10-30,0,2,1,1,0,0,0,전남,화순군,0,3,0,0,0,2,0,127.1162,35.0307,전남화순군,0,2,0,0,0,88,0,0
24301,2013-10-28,1,0,1,1,0,0,0,경기,수원시,0,1,1,0,3,0,0,127.0139,37.2625,경기수원시,0,0,0,0,0,99,1,0
24302,2013-10-28,0,0,1,1,0,0,0,충남,홍성군,0,1,0,0,0,0,0,126.6637,36.6246,충남홍성군,0,0,0,0,0,38,1,1
24303,2013-11-06,1,2,1,1,0,0,0,전북,김제시,0,0,0,1,2,1,0,126.7765,35.8175,전북김제시,0,1,0,0,0,34,1,1
24308,2013-11-13,1,2,1,1,0,0,0,전북,전주시,0,1,1,1,1,2,0,127.1488,35.824,전북전주시,0,2,0,0,0,11,1,0
24309,2013-11-13,0,2,1,1,0,0,0,전북,전주시,0,1,0,0,0,0,0,127.1456,35.827,전북전주시,0,0,0,0,0,11,1,1
24310,2013-11-13,0,2,1,1,0,0,0,서울,광진구,0,2,2,0,0,0,0,127.1094,37.5458,서울광진구,0,0,0,0,0,183,1,1
24316,2013-11-26,1,1,1,1,0,0,0,경남,창원시(통합),0,2,0,0,0,0,0,128.6766,35.2358,경남창원시(통합),0,0,0,0,0,86,1,1
24319,2013-11-27,1,2,1,1,0,0,0,제주,서귀포시,0,1,0,0,0,1,0,126.6172,33.2606,제주서귀포시,0,1,0,0,0,62,1,1
24320,2013-11-27,1,2,1,1,0,0,0,경기,화성시,0,1,0,0,0,2,0,126.9118,37.1359,경기화성시,0,2,0,0,0,50,1,1
24321,2013-12-03,0,1,1,1,0,0,0,인천,연수구,0,1,0,0,0,1,0,126.6752,37.4228,인천연수구,0,1,0,0,0,35,1,1
24323,2013-12-07,1,5,1,1,0,0,0,전북,전주시,0,4,3,1,2,0,0,127.1602,35.8276,전북전주시,0,0,0,1,0,11,0,0
24328,2013-12-06,0,4,1,2,1,0,0,전남,영암군,0,3,0,0,0,0,0,126.6993,34.8891,전남영암군,0,0,0,0,0,16,0,0
24330,2013-10-25,0,4,1,1,0,0,0,강원,홍천군,0,0,0,0,0,1,0,127.6795,37.6104,강원홍천군,0,1,0,0,0,82,1,1
24332,2013-10-25,0,4,1,1,0,0,0,경기,양주시,0,1,0,0,0,0,0,126.9914,37.7932,경기양주시,0,0,0,0,0,59,1,1
24334,2013-10-28,0,0,1,1,0,0,0,경남,진주시,0,2,0,0,0,1,0,128.0787,35.1557,경남진주시,0,1,0,0,0,42,1,1
24335,2013-10-30,0,2,1,1,0,0,0,충남,천안시,0,0,0,0,0,0,0,127.1388,36.8186,충남천안시,0,0,0,0,0,63,1,1
24338,2013-11-06,0,2,1,1,0,0,0,제주,제주시,0,0,1,1,1,2,0,126.5424,33.5133,제주제주시,0,2,0,0,0,90,1,0
24341,2013-11-23,0,5,1,1,0,0,0,서울,동작구,0,1,0,0,0,0,0,126.9386,37.5134,서울동작구,0,0,0,1,0,93,1,1
24342,2013-11-23,0,5,1,1,0,0,0,전남,담양군,0,4,1,1,1,0,0,126.9653,35.3342,전남담양군,0,0,0,1,0,181,0,0
24344,2013-11-30,0,5,1,1,0,0,0,충남,천안시,0,1,0,1,1,0,0,127.1305,36.7981,충남천안시,0,0,0,1,0,63,1,1
24345,2013-11-29,0,4,1,2,1,0,0,경남,김해시,0,1,0,1,1,1,0,128.8962,35.2315,경남김해시,0,1,0,0,0,13,1,1
24347,2013-12-15,0,6,1,1,0,0,0,충남,공주시,0,3,0,0,0,1,0,127.1493,36.4988,충남공주시,0,1,0,1,0,19,0,0
24348,2013-12-18,1,2,1,2,0,1,0,경기,시흥시,0,1,0,0,3,0,0,126.7448,37.3416,경기시흥시,0,0,0,0,0,73,1,1
24352,2013-12-11,0,2,1,1,0,0,0,부산,기장군,0,0,3,1,1,0,0,129.209,35.2498,부산기장군,0,0,0,0,0,85,1,1
24353,2013-12-18,0,2,1,1,0,0,0,전남,해남군,0,1,0,0,0,1,0,126.5093,34.3666,전남해남군,0,1,0,0,0,119,1,1
24359,2013-12-08,0,6,1,1,0,0,0,제주,제주시,0,0,0,0,0,0,0,126.5277,33.5004,제주제주시,0,0,0,1,0,90,1,1
24362,2013-01-28,0,0,1,1,0,0,0,충북,청주시,0,2,0,0,0,0,0,127.4813,36.6361,충북청주시,0,0,0,0,0,83,1,1
24367,2014-02-25,0,1,1,1,0,0,0,서울,마포구,0,1,0,0,0,0,0,126.9294,37.5504,서울마포구,0,0,0,0,0,159,1,1
24368,2014-02-25,0,1,1,1,0,0,0,광주,서구,0,0,0,0,0,0,0,126.8812,35.1528,광주서구,0,0,0,0,0,222,1,1
24372,2014-03-04,1,1,1,1,0,0,0,충북,청주시,0,2,0,0,0,0,0,127.4612,36.6221,충북청주시,0,0,0,0,0,83,1,1
24375,2014-03-20,1,3,1,1,0,0,0,인천,서구,0,1,4,0,0,0,0,126.6373,37.5975,인천서구,0,0,0,0,0,97,1,1
24376,2014-03-20,0,3,1,1,0,0,0,서울,강북구,0,0,2,1,2,0,0,127.0417,37.6306,서울강북구,0,0,0,0,0,200,1,1
24377,2014-03-20,1,3,1,1,0,0,0,충남,천안시,0,1,0,0,0,0,0,127.1346,36.7987,충남천안시,0,0,0,0,0,63,1,1
24382,2013-12-10,1,1,1,1,0,0,0,인천,서구,0,0,0,1,1,1,0,126.6668,37.4895,인천서구,0,1,0,0,0,97,1,1
24384,2013-12-24,1,1,1,1,0,0,0,경기,화성시,0,2,0,0,0,0,0,127.0699,37.1949,경기화성시,0,0,0,0,0,50,1,1
24387,2014-02-25,0,1,1,1,0,0,0,제주,제주시,0,0,0,0,0,0,0,126.5571,33.5151,제주제주시,0,0,0,0,0,90,1,1
24391,2014-03-10,0,0,1,1,0,0,0,충북,청주시,0,0,0,0,0,2,0,127.4885,36.6553,충북청주시,0,2,0,0,0,83,1,1
24393,2014-03-13,1,3,1,1,0,0,0,경북,구미시,0,1,0,1,2,2,0,128.3361,36.106,경북구미시,0,2,0,0,0,144,1,1
24395,2014-03-20,0,3,1,1,0,0,0,서울,강남구,0,2,0,0,0,0,0,127.037,37.5104,서울강남구,0,0,0,0,0,89,1,1
24399,2014-03-23,1,6,1,1,0,0,0,경북,고령군,0,1,0,0,0,1,0,128.3847,35.746,경북고령군,0,1,0,1,0,220,1,1
24400,2013-12-28,0,5,1,1,0,0,0,전북,전주시,0,0,0,0,0,0,0,127.123,35.8138,전북전주시,0,0,0,1,0,11,1,1
24401,2012-10-19,1,4,1,2,0,0,1,경기,성남시,0,1,0,1,1,6,0,127.1268,37.444,경기성남시,0,6,0,0,0,95,1,1
24402,2012-10-19,0,4,1,1,0,0,0,전북,완주군,0,2,0,0,0,1,0,127.1686,35.7523,전북완주군,0,1,0,0,0,28,1,1
24406,2012-09-30,1,6,1,1,0,0,0,경북,군위군,0,0,0,0,0,1,0,128.7504,36.1586,경북군위군,0,1,0,1,0,170,1,1
24415,2012-11-28,0,2,1,1,0,0,0,경남,창녕군,0,1,1,1,2,1,0,128.4341,35.5148,경남창녕군,0,1,0,0,0,211,1,0
24416,2012-11-29,1,3,1,1,0,0,0,경남,진주시,0,0,1,1,2,1,0,128.0897,35.194,경남진주시,0,1,0,0,0,42,1,0
24417,2012-11-21,0,2,1,1,0,0,0,경기,광주시,0,2,0,1,2,1,0,127.2835,37.3921,경기광주시,0,1,0,0,0,9,1,1
24422,2012-09-24,1,0,1,1,0,0,0,전북,정읍시,0,2,0,0,0,1,0,126.8289,35.7173,전북정읍시,0,1,0,0,0,12,1,1
24424,2013-10-29,1,1,1,1,0,0,0,경남,남해군,0,0,0,0,0,1,0,127.9999,34.8314,경남남해군,0,1,0,0,0,197,1,1
24426,2013-11-04,1,0,1,1,0,0,0,강원,춘천시,0,0,0,0,3,1,0,127.738,37.8757,강원춘천시,0,1,0,0,0,111,1,1
24427,2013-11-03,1,6,1,3,0,2,0,경북,영주시,0,1,5,0,0,0,0,128.5793,36.7775,경북영주시,0,0,0,1,0,113,1,1
24433,2013-11-14,0,3,1,1,0,0,0,충남,서천군,0,0,0,1,1,0,0,126.5189,36.1524,충남서천군,0,0,0,0,0,10,1,1
24438,2014-02-28,1,4,1,1,0,0,0,충남,천안시,0,0,0,1,1,1,0,127.1372,36.8011,충남천안시,0,1,0,0,0,63,1,1
24443,2014-03-15,1,5,1,1,0,0,0,부산,수영구,0,0,0,0,3,4,0,129.1095,35.1437,부산수영구,0,4,0,1,0,45,1,1
24446,2014-03-16,0,6,1,1,0,0,0,전북,익산시,0,1,2,0,0,0,0,126.9267,35.9166,전북익산시,0,0,0,1,0,125,1,1
24447,2014-03-15,0,5,2,3,0,1,0,경북,구미시,0,1,2,1,2,0,0,128.3386,36.1155,경북구미시,1,0,0,1,0,144,1,1
24448,2014-03-15,1,5,1,2,1,0,0,서울,강남구,0,0,0,0,0,0,0,127.0436,37.511,서울강남구,0,0,0,1,0,89,1,1
24452,2014-03-09,1,6,1,1,0,0,0,전북,부안군,0,1,0,0,0,2,0,126.4843,35.6361,전북부안군,0,2,0,1,0,185,1,1
24453,2014-03-10,0,0,1,1,0,0,0,경기,의정부시,0,4,0,1,2,1,0,127.0344,37.7497,경기의정부시,0,1,0,0,0,64,0,0
24454,2014-03-04,0,1,1,1,0,0,0,전북,완주군,0,0,0,1,1,0,0,127.086,35.9121,전북완주군,0,0,0,0,0,28,1,1
24458,2013-12-21,0,5,1,1,0,0,0,대구,중구,0,1,0,0,0,0,0,128.588,35.8702,대구중구,0,0,0,1,0,178,1,1
24460,2013-12-17,0,1,1,1,0,0,0,경기,성남시,0,1,0,1,1,0,0,127.1045,37.3638,경기성남시,0,0,0,0,0,95,1,1
24461,2013-12-07,1,5,1,1,0,0,0,경기,고양시,0,0,0,0,0,1,0,126.8079,37.6232,경기고양시,0,1,0,1,0,40,1,1
24462,2013-12-09,0,0,1,1,0,0,0,인천,중구,0,1,0,1,1,0,0,126.623,37.4694,인천중구,0,0,0,0,0,72,1,1
24463,2013-12-10,0,1,1,1,0,0,0,경북,경산시,0,1,0,0,0,0,0,128.7273,35.7665,경북경산시,0,0,0,0,0,52,1,1
24464,2013-12-16,1,0,1,1,0,0,0,전북,순창군,0,1,0,0,0,0,0,127.1587,35.3327,전북순창군,0,0,0,0,0,131,1,1
24465,2013-12-25,0,2,1,1,0,0,0,제주,제주시,0,0,0,0,0,0,0,126.5608,33.517,제주제주시,0,0,0,1,0,90,1,1
24467,2013-12-23,1,0,1,1,0,0,0,충북,진천군,0,3,0,0,0,1,0,127.4391,36.9777,충북진천군,0,1,0,0,0,60,0,0
24473,2013-10-27,0,6,1,1,0,0,0,서울,강남구,0,1,0,0,0,0,0,127.0174,37.5187,서울강남구,0,0,0,1,0,89,1,1
24474,2013-10-23,0,2,1,1,0,0,0,경기,고양시,0,1,0,0,0,0,0,126.8319,37.6566,경기고양시,0,0,0,0,0,40,1,1
24476,2013-10-25,0,4,1,1,0,0,0,경북,칠곡군,0,1,0,0,0,8,0,128.4924,36.0998,경북칠곡군,0,8,0,0,0,21,1,1
24478,2013-10-22,1,1,1,2,1,0,0,제주,서귀포시,0,0,1,1,2,1,0,126.5561,33.2475,제주서귀포시,0,1,0,0,0,62,1,0
24481,2013-10-28,0,0,1,1,0,0,0,부산,사하구,0,1,0,1,1,0,0,128.9684,35.1054,부산사하구,0,0,0,0,0,25,1,1
24482,2013-10-29,0,1,1,1,0,0,0,제주,제주시,0,0,0,0,0,2,0,126.4813,33.487,제주제주시,0,2,0,0,0,90,1,1
24488,2013-11-19,0,1,1,1,0,0,0,전남,담양군,0,0,0,0,0,2,0,127.0626,35.2444,전남담양군,0,2,0,0,0,181,1,1
24491,2013-12-02,1,0,1,1,0,0,0,전북,군산시,0,0,0,1,1,1,0,126.7079,35.9736,전북군산시,0,1,0,0,0,166,1,1
24493,2013-12-31,0,1,1,1,0,0,0,대구,서구,0,0,0,0,0,1,0,128.5539,35.8565,대구서구,0,1,0,0,0,107,1,1
24495,2013-12-31,0,1,1,1,0,0,0,충남,금산군,0,0,1,0,3,0,0,127.4926,36.2167,충남금산군,0,0,0,0,0,68,1,0
24501,2013-11-26,1,1,1,4,0,3,0,전남,영암군,0,1,0,2,4,1,0,126.7307,34.7877,전남영암군,1,1,0,0,0,16,1,1
24504,2012-11-07,1,2,1,1,0,0,0,강원,원주시,0,0,2,0,0,0,0,127.9622,37.3296,강원원주시,0,0,0,0,0,36,1,1
24508,2012-11-12,0,0,1,1,0,0,0,경남,고성군,0,2,0,0,0,2,0,128.3383,34.9594,경남고성군,0,2,0,0,0,87,1,1
24511,2013-12-06,0,4,1,1,0,0,0,서울,중구,0,1,0,1,1,0,0,127.0004,37.5644,서울중구,0,0,0,0,0,8,1,1
24519,2013-12-22,0,6,1,1,0,0,0,충남,천안시,0,0,3,1,1,0,0,127.1367,36.8234,충남천안시,0,0,0,1,0,63,1,1
24521,2013-12-24,0,1,1,1,0,0,0,전남,화순군,0,2,1,0,3,0,0,126.9846,35.06,전남화순군,0,0,0,0,0,88,1,0
24522,2013-12-20,0,4,1,1,0,0,0,경기,화성시,0,1,0,1,2,0,0,127.0584,37.217,경기화성시,0,0,0,0,0,50,1,1
24523,2013-12-23,0,0,1,1,0,0,0,경북,청송군,0,0,0,0,0,0,0,129.0308,36.5017,경북청송군,0,0,0,0,0,203,1,1
24524,2013-12-11,1,2,1,1,0,0,0,충남,서산시,0,0,1,1,2,1,0,126.4489,36.7801,충남서산시,0,1,0,0,0,69,1,0
24526,2013-12-17,0,1,1,1,0,0,0,경기,동두천시,0,0,0,0,0,2,0,127.0195,37.9102,경기동두천시,0,2,0,0,0,94,1,1
24527,2013-12-12,0,3,1,2,1,0,0,인천,연수구,0,0,0,0,0,0,0,126.6958,37.4232,인천연수구,0,0,0,0,0,35,1,1
24532,2014-03-21,1,4,1,1,0,0,0,서울,영등포구,0,0,0,1,1,1,0,126.9052,37.4997,서울영등포구,0,1,0,0,0,150,1,1
24533,2014-03-23,1,6,1,1,0,0,0,전남,구례군,0,1,0,0,0,0,0,127.4983,35.2053,전남구례군,0,0,0,1,0,161,1,1
24534,2014-03-21,0,4,1,2,1,0,0,경북,영천시,0,3,0,0,0,0,0,128.951,35.9716,경북영천시,0,0,0,0,0,5,0,0
24536,2014-03-08,1,5,1,1,0,0,0,서울,강서구,0,4,0,0,3,2,0,126.8115,37.5613,서울강서구,0,2,0,1,0,43,0,0
24538,2014-03-17,0,0,1,1,0,0,0,경기,안산시,0,1,0,0,0,0,0,126.9062,37.313,경기안산시,0,0,0,0,0,2,1,1
24539,2014-03-17,0,0,1,1,0,0,0,충남,공주시,0,0,0,0,0,1,0,127.1229,36.6358,충남공주시,0,1,0,0,0,19,1,1
24540,2014-03-19,0,2,1,1,0,0,0,울산,북구,0,1,3,1,2,1,0,129.3431,35.647,울산북구,0,1,0,0,0,158,1,1
24541,2014-03-06,0,3,1,1,0,0,0,대구,달서구,0,1,0,1,2,0,0,128.5403,35.8186,대구달서구,0,0,0,0,0,20,1,1
24542,2013-12-07,0,5,1,1,0,0,0,전북,정읍시,0,1,0,0,0,4,0,126.8287,35.6619,전북정읍시,0,4,0,1,0,12,1,1
24549,2012-10-07,0,6,1,1,0,0,0,경북,포항시,0,3,0,0,0,1,0,129.1583,36.1041,경북포항시,0,1,0,1,0,160,0,0
24551,2012-10-16,1,1,1,1,0,0,0,경기,동두천시,0,0,0,1,2,3,0,127.0616,37.9475,경기동두천시,0,3,0,0,0,94,1,1
24552,2012-10-20,0,5,1,1,0,0,0,전남,함평군,0,0,0,0,0,0,0,126.5333,35.0492,전남함평군,0,0,0,1,0,157,1,1
24554,2012-09-24,0,0,1,1,0,0,0,경남,의령군,0,2,0,0,0,0,0,128.2436,35.3234,경남의령군,0,0,0,0,0,189,1,1
24555,2012-10-23,1,1,1,1,0,0,0,경기,화성시,0,1,3,0,3,2,0,126.7945,37.1539,경기화성시,0,2,0,0,0,50,1,1
24557,2012-10-24,0,2,1,1,0,0,0,전북,익산시,0,0,0,1,1,0,0,126.9814,35.9587,전북익산시,0,0,0,0,0,125,1,1
24561,2012-10-22,1,0,1,1,0,0,0,경남,남해군,0,0,3,0,3,0,0,127.8989,34.8423,경남남해군,0,0,0,0,0,197,1,1
24564,2012-10-10,1,2,1,1,0,0,0,강원,강릉시,0,0,0,0,0,0,0,128.9227,37.7711,강원강릉시,0,0,0,0,0,194,1,1
24566,2012-10-11,1,3,1,1,0,0,0,경기,의정부시,0,0,1,1,1,7,0,127.0513,37.7439,경기의정부시,0,7,0,0,0,64,1,0
24567,2012-10-22,1,0,1,2,0,1,0,경기,과천시,0,1,4,1,2,0,0,126.992,37.4287,경기과천시,0,0,0,0,0,227,1,1
24577,2012-07-26,1,3,1,1,0,0,0,서울,종로구,0,1,0,0,0,1,0,126.9641,37.5932,서울종로구,0,1,0,0,0,116,1,1
24587,2012-06-28,1,3,1,1,0,0,0,경남,창원시(통합),0,0,0,0,3,0,0,128.5704,35.2163,경남창원시(통합),0,0,0,0,0,86,1,1
24589,2012-06-24,0,6,1,1,0,0,0,서울,강남구,0,0,3,0,3,0,0,127.066,37.4889,서울강남구,0,0,0,1,0,89,1,1
24592,2012-06-28,0,3,1,1,0,0,0,광주,북구,0,0,1,0,0,0,0,126.913,35.1571,광주북구,0,0,0,0,0,137,1,0
24596,2014-02-27,0,3,1,2,0,1,0,경남,밀양시,0,0,0,0,0,0,0,128.9062,35.5228,경남밀양시,0,0,0,0,0,177,1,1
24606,2012-09-30,1,6,1,1,0,0,0,서울,관악구,0,1,0,0,0,1,0,126.9198,37.4653,서울관악구,0,1,0,1,0,188,1,1
24607,2012-09-27,0,3,1,1,0,0,0,강원,강릉시,0,0,0,0,0,0,0,128.9065,37.7677,강원강릉시,0,0,0,0,0,194,1,1
24610,2012-11-28,0,2,1,1,0,0,0,전남,여수시,0,0,0,0,0,2,0,127.7289,34.7478,전남여수시,0,2,0,0,0,102,1,1
24612,2012-11-24,1,5,1,1,0,0,0,경북,성주군,0,3,0,1,1,1,0,128.2198,35.9224,경북성주군,0,1,0,1,0,168,0,0
24616,2012-11-30,0,4,1,1,0,0,0,대전,중구,0,2,3,1,1,0,0,127.417,36.3231,대전중구,0,0,0,0,0,39,1,1
24620,2012-11-08,0,3,1,1,0,0,0,부산,남구,0,0,0,0,0,0,0,129.1008,35.1347,부산남구,0,0,0,0,0,180,1,1
24621,2012-11-06,0,1,1,1,0,0,0,경기,파주시,0,1,0,0,0,2,0,126.8508,37.7739,경기파주시,0,2,0,0,0,175,1,1
24626,2012-10-29,1,0,1,1,0,0,0,인천,연수구,0,0,0,1,1,0,0,126.6849,37.414,인천연수구,0,0,0,0,0,35,1,1
24629,2012-10-08,1,0,1,1,0,0,0,경남,양산시,0,0,1,0,3,3,0,128.978,35.3177,경남양산시,0,3,0,0,0,49,1,0
24630,2012-10-12,1,4,1,1,0,0,0,부산,남구,0,0,0,0,0,0,0,129.0671,35.1348,부산남구,0,0,0,0,0,180,1,1
24632,2012-10-12,1,4,1,1,0,0,0,충남,아산시,0,0,0,1,2,1,0,126.878,36.7481,충남아산시,0,1,0,0,0,53,1,1
24636,2012-10-05,0,4,1,1,0,0,0,경기,여주시,0,1,0,0,0,2,0,127.6414,37.164,경기여주시,0,2,0,0,0,22,1,1
24639,2012-10-26,0,4,1,1,0,0,0,전남,광양시,0,1,0,0,0,0,0,127.7229,34.9625,전남광양시,0,0,0,0,0,130,1,1
24642,2012-10-26,0,4,1,1,0,0,0,경기,광명시,0,1,0,0,0,0,0,126.8676,37.4828,경기광명시,0,0,0,0,0,81,1,1
24647,2012-10-07,1,6,1,1,0,0,0,경기,수원시,0,0,0,0,0,0,0,127.0155,37.3234,경기수원시,0,0,0,1,0,99,1,1
24650,2012-10-12,1,4,1,1,0,0,0,제주,제주시,0,1,0,0,0,0,0,126.4673,33.494,제주제주시,0,0,0,0,0,90,1,1
24652,2012-10-12,1,4,1,1,0,0,0,대구,달성군,0,0,0,1,1,3,0,128.4162,35.622,대구달성군,0,3,0,0,0,30,1,1
24653,2012-10-09,0,1,1,1,0,0,0,서울,강서구,0,1,0,0,0,0,0,126.8505,37.5495,서울강서구,0,0,0,0,0,43,1,1
24654,2012-10-12,0,4,1,1,0,0,0,강원,영월군,0,0,0,1,1,0,0,128.4034,37.198,강원영월군,0,0,0,0,0,114,1,1
24655,2012-10-12,1,4,1,1,0,0,0,서울,동작구,0,0,1,0,3,1,0,126.982,37.4806,서울동작구,0,1,0,0,0,93,1,0
24657,2012-10-13,0,5,1,1,0,0,0,서울,동대문구,0,0,0,0,3,4,0,127.04,37.5736,서울동대문구,0,4,0,1,0,201,1,1
24658,2012-10-13,0,5,1,1,0,0,0,경북,의성군,0,4,0,0,0,0,0,128.4493,36.3797,경북의성군,0,0,0,1,0,105,0,0
24659,2012-10-14,0,6,1,1,0,0,0,경기,수원시,0,0,0,0,0,0,0,126.98,37.2851,경기수원시,0,0,0,1,0,99,1,1
24662,2012-10-18,0,3,1,1,0,0,0,경북,청송군,0,0,0,0,0,1,0,129.045,36.5243,경북청송군,0,1,0,0,0,203,1,1
24665,2012-10-19,0,4,1,1,0,0,0,경남,창원시(통합),0,2,0,1,2,0,0,128.6696,35.1521,경남창원시(통합),0,0,0,0,0,86,1,1
24666,2012-10-15,0,0,1,1,0,0,0,대전,유성구,0,4,1,0,3,0,0,127.3816,36.4191,대전유성구,0,0,0,0,0,148,0,0
24669,2012-10-05,0,4,1,1,0,0,0,부산,사상구,0,0,0,0,3,2,0,128.991,35.1859,부산사상구,0,2,0,0,0,120,1,1
24672,2012-09-27,1,3,1,1,0,0,0,충남,천안시,0,1,1,0,0,8,0,127.1138,36.9378,충남천안시,0,8,0,0,0,63,1,0
24673,2012-11-27,0,1,1,1,0,0,0,서울,송파구,0,0,0,0,0,0,0,127.1431,37.4935,서울송파구,0,0,0,0,0,156,1,1
24675,2013-09-16,1,0,1,1,0,0,0,충남,보령시,0,0,0,0,0,1,0,126.5393,36.2478,충남보령시,0,1,0,0,0,136,1,1
24681,2013-09-23,0,0,1,1,0,0,0,전북,전주시,0,0,1,1,2,1,0,127.1114,35.8005,전북전주시,0,1,0,0,0,11,1,0
24683,2012-10-17,1,2,1,1,0,0,0,경기,김포시,0,3,0,0,0,0,0,126.7868,37.5908,경기김포시,0,0,0,0,0,47,0,0
24688,2012-10-05,0,4,1,1,0,0,0,강원,고성군,0,1,0,0,0,1,0,128.4634,38.4189,강원고성군,0,1,0,0,0,217,1,1
24690,2012-09-27,1,3,1,1,0,0,0,경기,양평군,0,4,1,0,3,3,0,127.3201,37.544,경기양평군,0,3,0,0,0,48,0,0
24691,2012-09-27,0,3,1,1,0,0,0,전남,해남군,0,0,0,0,0,0,0,126.3947,34.7072,전남해남군,0,0,0,0,0,119,1,1
24694,2012-11-30,1,4,1,1,0,0,0,경북,경산시,0,1,0,1,2,0,0,128.8095,35.8152,경북경산시,0,0,0,0,0,52,1,1
24695,2012-11-29,0,3,1,1,0,0,0,부산,남구,0,0,0,0,0,0,0,129.1094,35.1275,부산남구,0,0,0,0,0,180,1,1
24698,2012-11-22,1,3,1,1,0,0,0,충남,당진시,0,0,0,1,1,1,0,126.6285,36.8887,충남당진시,0,1,0,0,0,46,1,1
24702,2012-11-06,0,1,1,6,0,5,0,서울,강북구,0,0,0,0,3,2,0,127.0289,37.6411,서울강북구,1,2,0,0,0,200,1,1
24707,2012-10-25,1,3,1,1,0,0,0,충남,당진시,0,0,0,0,0,1,0,126.6566,36.8364,충남당진시,0,1,0,0,0,46,1,1
24712,2012-10-27,0,5,1,1,0,0,0,경남,창원시(통합),0,1,0,0,0,0,0,128.6315,35.2604,경남창원시(통합),0,0,0,1,0,86,1,1
24717,2012-09-20,0,3,1,1,0,0,0,전남,해남군,0,1,0,0,0,1,0,126.5527,34.5858,전남해남군,0,1,0,0,0,119,1,1
24726,2012-07-13,1,4,1,1,0,0,0,대전,동구,0,2,0,1,1,0,0,127.4425,36.336,대전동구,0,0,0,0,0,80,1,1
24728,2012-07-09,0,0,1,2,1,0,0,광주,북구,0,0,1,0,3,0,0,126.9322,35.1842,광주북구,0,0,0,0,0,137,1,0
24734,2012-07-13,0,4,1,1,0,0,0,경기,평택시,0,1,0,0,0,2,0,127.088,36.9965,경기평택시,0,2,0,0,0,14,1,1
24736,2012-07-18,1,2,1,1,0,0,0,전북,군산시,0,0,1,1,1,0,0,126.7107,35.967,전북군산시,0,0,0,0,0,166,1,0
24745,2012-08-08,1,2,1,1,0,0,0,경북,포항시,0,2,5,0,0,3,0,129.3534,36.0397,경북포항시,0,3,0,0,0,160,1,1
24747,2012-08-03,1,4,1,1,0,0,0,전남,화순군,0,1,0,0,0,0,0,127.1136,35.0438,전남화순군,0,0,0,0,0,88,1,1
24748,2012-08-14,0,1,1,1,0,0,0,대전,서구,0,0,0,0,0,0,0,127.3843,36.315,대전서구,0,0,0,0,0,4,1,1