index,발생년월일,주야,요일,사망자수,사상자수,중상자수,경상자수,부상신고자수,발생지시도,발생지시군구,사고유형_대분류,사고유형_중분류,법규위반,도로형태_대분류,도로형태,당사자종별_1당_대분류,당사자종별_2당_대분류,경도,위도,발생지,사고피해정도,사고차량타입,도시여부,주말/공휴일,인구수,발생지번호,보행자의위치,무단횡단여부
25160,2013-03-25,1,0,1,1,0,0,0,경북,구미시,0,0,0,0,0,2,0,128.4241,36.095,경북구미시,0,2,0,0,0,144,1,1
25161,2013-03-24,0,6,1,1,0,0,0,경기,시흥시,0,0,3,1,1,0,0,126.8065,37.3638,경기시흥시,0,0,0,1,0,73,1,1
25162,2013-03-24,0,6,1,1,0,0,0,인천,강화군,0,0,0,0,0,1,0,126.5061,37.7367,인천강화군,0,1,0,1,0,92,1,1
25163,2013-03-23,0,5,1,1,0,0,0,충남,천안시,0,0,0,0,0,2,0,127.2527,36.735,충남천안시,0,2,0,1,0,63,1,1
25164,2013-03-24,0,6,1,1,0,0,0,제주,제주시,0,0,0,0,0,0,0,126.3827,33.4526,제주제주시,0,0,0,1,0,90,1,1
25165,2013-03-23,0,5,1,1,0,0,0,충남,천안시,0,0,0,0,0,0,0,127.1715,36.7588,충남천안시,0,0,0,1,0,63,1,1
25167,2013-03-23,0,5,1,1,0,0,0,충남,당진시,0,0,0,0,0,1,0,126.7655,36.9653,충남당진시,0,1,0,1,0,46,1,1
25168,2013-03-30,0,5,1,1,0,0,0,광주,북구,0,1,0,1,2,0,0,126.9105,35.1869,광주북구,0,0,0,1,0,137,1,1
25176,2013-03-02,1,5,1,1,0,0,0,광주,서구,0,0,3,0,3,0,0,126.858,35.1428,광주서구,0,0,0,1,0,222,1,1
25177,2013-03-01,0,4,1,1,0,0,0,경남,창녕군,0,1,0,0,0,1,0,128.3841,35.5696,경남창녕군,0,1,0,1,0,211,1,1
25180,2013-03-09,0,5,1,1,0,0,0,경기,여주시,0,3,0,0,0,0,0,127.5724,37.2955,경기여주시,0,0,0,1,0,22,0,0
25185,2013-07-24,0,2,1,1,0,0,0,경남,창원시(통합),0,1,3,1,1,0,0,128.6661,35.1522,경남창원시(통합),0,0,0,0,0,86,1,1
25191,2013-12-14,0,5,1,1,0,0,0,경기,부천시,0,1,0,1,2,2,0,126.7418,37.509,경기부천시,0,2,0,1,0,65,1,1
25192,2013-12-18,1,2,1,1,0,0,0,충남,금산군,0,1,0,0,0,1,0,127.4895,36.0726,충남금산군,0,1,0,0,0,68,1,1
25193,2013-12-17,0,1,1,1,0,0,0,제주,제주시,0,0,0,0,0,0,0,126.5258,33.5107,제주제주시,0,0,0,0,0,90,1,1
25194,2013-12-06,0,4,1,1,0,0,0,서울,중랑구,0,0,0,1,1,2,0,127.0933,37.6164,서울중랑구,0,2,0,0,0,196,1,1
25195,2014-02-28,0,4,1,1,0,0,0,충북,충주시,0,2,0,0,0,0,0,127.9885,36.9706,충북충주시,0,0,0,0,0,6,1,1
25197,2014-03-21,0,4,1,1,0,0,0,경북,고령군,0,0,0,0,3,0,0,128.3832,35.7521,경북고령군,0,0,0,0,0,220,1,1
25199,2014-03-07,0,4,1,1,0,0,0,제주,제주시,0,1,0,0,0,0,0,126.1881,33.3574,제주제주시,0,0,0,0,0,90,1,1
25202,2014-03-06,1,3,1,1,0,0,0,경남,통영시,0,0,0,0,3,2,0,128.4145,34.8855,경남통영시,0,2,0,0,0,212,1,1
25208,2014-03-05,0,2,1,1,0,0,0,제주,제주시,0,0,2,0,0,2,0,126.436,33.4605,제주제주시,0,2,0,0,0,90,1,1
25209,2014-03-15,0,5,1,1,0,0,0,경기,양주시,0,2,0,0,0,1,0,127.0461,37.8184,경기양주시,0,1,0,1,0,59,1,1
25213,2013-12-21,1,5,1,1,0,0,0,대구,서구,0,0,0,1,1,0,0,128.5594,35.8735,대구서구,0,0,0,1,0,107,1,1
25219,2013-12-25,1,2,1,1,0,0,0,전남,신안군,0,1,0,0,0,1,0,126.1277,35.0034,전남신안군,0,1,0,1,0,132,1,1
25220,2012-10-13,1,5,1,1,0,0,0,경기,용인시,0,0,0,0,0,0,0,127.1314,37.3065,경기용인시,0,0,0,1,0,51,1,1
25221,2012-10-10,0,2,1,1,0,0,0,충북,청주시,0,1,0,0,0,0,0,127.4847,36.6285,충북청주시,0,0,0,0,0,83,1,1
25222,2012-10-13,1,5,1,1,0,0,0,충남,아산시,0,0,1,1,2,0,0,127.0006,36.7717,충남아산시,0,0,0,1,0,53,1,0
25223,2012-10-06,0,5,1,7,6,0,0,전남,여수시,0,0,0,0,0,0,0,127.7196,34.734,전남여수시,2,0,0,1,0,102,1,1
25224,2012-10-16,0,1,1,1,0,0,0,경기,성남시,0,0,0,1,1,0,0,127.1294,37.4299,경기성남시,0,0,0,0,0,95,1,1
25225,2012-10-21,0,6,1,1,0,0,0,경북,포항시,0,0,0,0,0,0,0,129.3427,36.0812,경북포항시,0,0,0,1,0,160,1,1
25228,2012-10-14,0,6,1,1,0,0,0,경남,진주시,0,0,0,0,0,1,0,128.0819,35.197,경남진주시,0,1,0,1,0,42,1,1
25229,2012-10-13,0,5,1,1,0,0,0,인천,남동구,0,1,0,0,0,0,0,126.7067,37.4372,인천남동구,0,0,0,1,0,29,1,1
25235,2012-10-16,0,1,1,2,1,0,0,충남,천안시,0,4,3,0,3,0,0,127.1288,36.7962,충남천안시,0,0,0,0,0,63,0,0
25236,2012-10-16,1,1,1,1,0,0,0,경남,하동군,0,0,0,0,0,1,0,127.7744,35.0814,경남하동군,0,1,0,0,0,172,1,1
25237,2012-10-17,0,2,1,1,0,0,0,강원,춘천시,0,1,4,0,0,0,0,127.7829,37.9004,강원춘천시,0,0,0,0,0,111,1,1
25238,2012-10-17,0,2,1,1,0,0,0,경북,구미시,0,0,0,1,2,0,0,128.3504,36.0869,경북구미시,0,0,0,0,0,144,1,1
25239,2012-10-14,0,6,1,1,0,0,0,전북,정읍시,0,2,0,0,0,0,0,127.0029,35.5982,전북정읍시,0,0,0,1,0,12,1,1
25243,2012-10-14,0,6,1,3,0,2,0,경기,안성시,0,1,0,0,0,1,0,127.4925,37.1037,경기안성시,0,1,0,1,0,23,1,1
25244,2012-10-01,0,0,1,1,0,0,0,전북,고창군,0,0,0,1,2,0,0,126.6439,35.4361,전북고창군,0,0,0,1,0,219,1,1
25245,2012-10-01,0,0,1,1,0,0,0,경기,고양시,0,2,0,0,0,0,0,126.7692,37.6644,경기고양시,0,0,0,1,0,40,1,1
25249,2012-07-28,0,5,1,1,0,0,0,전북,전주시,0,1,0,0,0,0,0,127.115,35.8488,전북전주시,0,0,0,1,0,11,1,1
25252,2012-08-02,1,3,1,1,0,0,0,경기,안양시,0,0,0,0,0,0,0,126.9053,37.4017,경기안양시,0,0,0,0,0,151,1,1
25254,2012-06-18,0,0,1,1,0,0,0,부산,사하구,0,0,0,0,0,0,0,129.0075,35.0856,부산사하구,0,0,0,0,0,25,1,1
25258,2012-06-22,0,4,1,1,0,0,0,경남,거창군,0,2,0,0,0,1,0,127.9195,35.8085,경남거창군,0,1,0,0,0,154,1,1
25259,2012-06-20,0,2,1,1,0,0,0,전남,영암군,0,3,0,0,0,1,0,126.3941,34.734,전남영암군,0,1,0,0,0,16,0,0
25261,2012-06-27,1,2,1,1,0,0,0,충북,청주시,0,0,0,0,0,6,0,127.4873,36.632,충북청주시,0,6,0,0,0,83,1,1
25263,2012-06-27,0,2,1,1,0,0,0,대구,동구,0,1,0,0,0,0,0,128.6184,35.8857,대구동구,0,0,0,0,0,26,1,1
25264,2012-06-25,1,0,1,1,0,0,0,서울,서초구,0,1,0,0,0,0,0,127.0464,37.463,서울서초구,0,0,0,0,0,214,1,1
25269,2012-07-05,0,3,1,1,0,0,0,경남,거제시,0,1,0,0,0,1,0,128.6498,34.9722,경남거제시,0,1,0,0,0,15,1,1
25270,2012-07-08,0,6,1,2,0,0,1,부산,남구,0,0,0,0,3,4,0,129.0669,35.1429,부산남구,0,4,0,1,0,180,1,1
25273,2012-07-17,0,1,1,1,0,0,0,경남,창원시(통합),0,1,0,0,0,0,0,128.6995,35.1477,경남창원시(통합),0,0,0,0,0,86,1,1
25274,2012-07-15,1,6,1,1,0,0,0,서울,은평구,0,0,0,0,3,2,0,126.9016,37.5781,서울은평구,0,2,0,1,0,139,1,1
25276,2013-12-31,0,1,1,1,0,0,0,서울,강남구,0,1,0,0,0,0,0,127.1002,37.4883,서울강남구,0,0,0,0,0,89,1,1
25280,2012-10-02,1,1,1,1,0,0,0,부산,남구,0,1,0,0,0,0,0,129.0669,35.1432,부산남구,0,0,0,0,0,180,1,1
25282,2012-11-23,1,4,1,2,1,0,0,전북,순창군,0,0,0,1,1,0,0,127.1427,35.3798,전북순창군,0,0,0,0,0,131,1,1
25286,2012-11-08,0,3,1,1,0,0,0,전북,남원시,0,0,0,0,0,0,0,127.3603,35.5003,전북남원시,0,0,0,0,0,193,1,1
25287,2012-11-10,0,5,1,1,0,0,0,대구,수성구,0,1,0,0,0,1,0,128.6494,35.8673,대구수성구,0,1,0,1,0,37,1,1
25289,2012-11-06,0,1,1,1,0,0,0,경기,안양시,0,4,3,1,1,2,0,126.9148,37.3958,경기안양시,0,2,0,0,0,151,0,0
25290,2012-11-07,1,2,1,1,0,0,0,경기,성남시,0,0,0,2,0,1,0,127.1311,37.434,경기성남시,0,1,0,0,0,95,1,1
25293,2012-11-08,0,3,1,1,0,0,0,경북,경주시,0,1,0,1,2,0,0,129.4617,35.6776,경북경주시,0,0,0,0,0,100,1,1
25294,2012-09-23,0,6,1,1,0,0,0,광주,서구,0,1,0,0,0,0,0,126.8762,35.1401,광주서구,0,0,0,1,0,222,1,1
25297,2012-10-25,1,3,1,1,0,0,0,부산,사상구,0,0,1,1,2,1,0,128.977,35.1696,부산사상구,0,1,0,0,0,120,1,0
25298,2012-10-25,0,3,1,1,0,0,0,대구,중구,0,0,0,0,0,0,0,128.5986,35.8743,대구중구,0,0,0,0,0,178,1,1
25299,2012-10-25,0,3,1,1,0,0,0,전북,전주시,0,0,0,0,3,3,0,127.1427,35.8294,전북전주시,0,3,0,0,0,11,1,1
25303,2012-10-05,0,4,1,1,0,0,0,전남,여수시,0,1,0,0,0,0,0,127.5801,34.8779,전남여수시,0,0,0,0,0,102,1,1
25304,2012-10-06,0,5,1,1,0,0,0,경남,김해시,0,1,0,1,2,0,0,128.8838,35.2325,경남김해시,0,0,0,1,0,13,1,1
25305,2012-10-11,1,3,1,1,0,0,0,전남,해남군,0,1,0,0,0,1,0,126.6359,34.5659,전남해남군,0,1,0,0,0,119,1,1
25306,2012-10-14,0,6,1,1,0,0,0,경기,시흥시,0,4,0,1,2,0,0,126.8027,37.4594,경기시흥시,0,0,0,1,0,73,0,0
25307,2012-10-15,0,0,1,1,0,0,0,충남,서산시,0,1,0,0,0,0,0,126.3947,36.7789,충남서산시,0,0,0,0,0,69,1,1
25308,2012-10-15,1,0,1,1,0,0,0,경기,안양시,0,0,0,1,1,2,0,126.945,37.3993,경기안양시,0,2,0,0,0,151,1,1
25309,2012-10-19,1,4,1,2,1,0,0,경북,영천시,0,0,2,0,3,1,0,128.9262,35.9644,경북영천시,0,1,0,0,0,5,1,1
25312,2012-10-21,1,6,1,1,0,0,0,전남,화순군,0,1,0,0,0,1,0,126.9523,35.0301,전남화순군,0,1,0,1,0,88,1,1
25314,2012-10-17,1,2,1,1,0,0,0,경기,성남시,0,0,0,0,0,0,0,127.1374,37.3783,경기성남시,0,0,0,0,0,95,1,1
25317,2012-11-27,1,1,1,1,0,0,0,광주,광산구,0,0,1,1,2,0,0,126.799,35.1528,광주광산구,0,0,0,0,0,135,1,0
25320,2013-07-26,0,4,1,1,0,0,0,인천,동구,0,0,0,0,0,0,0,126.6674,37.4784,인천동구,0,0,0,0,0,207,1,1
25321,2013-07-28,0,6,1,1,0,0,0,부산,사상구,0,0,0,0,0,0,0,129.0117,35.1512,부산사상구,0,0,0,1,0,120,1,1
25322,2013-08-03,0,5,1,1,0,0,0,경북,포항시,0,1,0,0,0,1,0,129.3703,36.0349,경북포항시,0,1,0,1,0,160,1,1
25323,2013-08-03,0,5,1,1,0,0,0,서울,종로구,0,2,0,0,3,0,0,126.9894,37.5703,서울종로구,0,0,0,1,0,116,1,1
25326,2013-07-30,1,1,1,1,0,0,0,충남,홍성군,0,0,0,1,2,0,0,126.6628,36.6089,충남홍성군,0,0,0,0,0,38,1,1
25334,2013-08-07,0,2,2,3,1,0,0,충남,태안군,0,1,0,0,0,0,0,126.3349,36.5014,충남태안군,1,0,0,0,0,169,1,1
25338,2013-08-19,0,0,1,1,0,0,0,부산,사상구,0,0,0,1,1,0,0,128.9914,35.1895,부산사상구,0,0,0,0,0,120,1,1
25339,2013-08-16,0,4,1,1,0,0,0,경기,시흥시,0,1,0,1,1,0,0,126.7886,37.3771,경기시흥시,0,0,0,0,0,73,1,1
25342,2013-08-17,1,5,1,1,0,0,0,경기,고양시,0,1,1,0,0,3,0,126.901,37.717,경기고양시,0,3,0,1,0,40,1,0
25343,2013-08-16,0,4,1,1,0,0,0,경기,고양시,0,1,0,2,4,0,0,126.7919,37.6536,경기고양시,0,0,0,0,0,40,1,1
25346,2013-07-18,1,3,1,1,0,0,0,서울,강서구,0,2,0,1,2,0,0,126.8449,37.5415,서울강서구,0,0,0,0,0,43,1,1
25348,2013-07-19,1,4,1,1,0,0,0,세종,세종,0,0,0,0,3,2,0,127.2972,36.6012,세종세종,0,2,1,0,0,229,1,1
25349,2013-07-17,0,2,1,1,0,0,0,경기,의정부시,0,1,0,0,0,0,0,127.0399,37.7329,경기의정부시,0,0,0,0,0,64,1,1
25354,2013-10-02,1,2,1,1,0,0,0,충남,천안시,0,0,1,0,0,1,0,127.2353,36.774,충남천안시,0,1,0,0,0,63,1,0
25357,2013-10-07,0,0,1,1,0,0,0,충남,천안시,0,2,0,0,0,0,0,127.1455,36.839,충남천안시,0,0,0,0,0,63,1,1
25358,2013-10-06,0,6,1,1,0,0,0,강원,강릉시,0,1,0,0,0,0,0,128.8738,37.7619,강원강릉시,0,0,0,1,0,194,1,1
25359,2013-10-03,0,3,1,1,0,0,0,서울,강남구,0,1,5,0,0,0,0,127.0433,37.4817,서울강남구,0,0,0,1,0,89,1,1
25362,2012-10-19,1,4,1,1,0,0,0,충남,아산시,0,4,0,0,3,1,0,127.0047,36.7829,충남아산시,0,1,0,0,0,53,0,0
25364,2012-10-02,0,1,1,1,0,0,0,광주,북구,0,0,0,0,0,0,0,126.8984,35.1859,광주북구,0,0,0,0,0,137,1,1
25365,2012-09-28,0,4,1,1,0,0,0,부산,해운대구,0,1,0,0,0,8,0,129.1222,35.1755,부산해운대구,0,8,0,0,0,1,1,1
25368,2012-10-04,1,3,1,1,0,0,0,전남,보성군,0,1,0,0,0,1,0,127.229,34.7888,전남보성군,0,1,0,0,0,122,1,1
25369,2012-11-29,0,3,1,1,0,0,0,대구,수성구,0,1,0,0,0,0,0,128.6231,35.8415,대구수성구,0,0,0,0,0,37,1,1
25370,2012-11-25,0,6,1,1,0,0,0,강원,춘천시,0,1,4,2,4,1,0,127.7158,37.8746,강원춘천시,0,1,0,1,0,111,1,1
25372,2012-11-22,1,3,1,1,0,0,0,충북,옥천군,0,3,0,0,0,9,0,127.5562,36.3202,충북옥천군,0,9,0,0,0,142,0,0
25373,2012-11-23,0,4,1,1,0,0,0,경북,예천군,0,3,0,0,0,0,0,128.4182,36.6197,경북예천군,0,0,0,0,0,55,0,0
25374,2012-11-24,1,5,1,1,0,0,0,경기,구리시,0,4,1,1,1,1,0,127.1433,37.5979,경기구리시,0,1,0,1,0,165,0,0
25378,2012-11-07,1,2,1,1,0,0,0,울산,중구,0,1,0,1,2,1,0,129.3274,35.5539,울산중구,0,1,0,0,0,205,1,1
25380,2012-09-26,1,2,1,1,0,0,0,경북,칠곡군,0,1,0,1,2,1,0,128.3622,36.036,경북칠곡군,0,1,0,0,0,21,1,1
25388,2012-10-23,0,1,1,1,0,0,0,경기,군포시,0,1,0,0,0,2,0,126.9596,37.3572,경기군포시,0,2,0,0,0,126,1,1
25389,2012-10-23,0,1,1,1,0,0,0,전남,영암군,0,1,0,0,0,0,0,126.4912,34.7413,전남영암군,0,0,0,0,0,16,1,1
25399,2012-08-27,0,0,1,1,0,0,0,전남,목포시,0,0,0,1,1,0,0,126.413,34.815,전남목포시,0,0,0,0,0,153,1,1
25400,2012-08-27,0,0,1,1,0,0,0,인천,남구,0,0,0,0,0,0,0,126.6774,37.4586,인천남동구,0,0,0,0,0,29,1,1
25402,2012-09-02,1,6,1,1,0,0,0,경기,평택시,0,2,0,1,1,2,0,127.0887,36.9897,경기평택시,0,2,0,1,0,14,1,1
25403,2012-09-02,1,6,1,1,0,0,0,서울,서대문구,0,0,0,1,2,2,0,126.9568,37.5753,서울서대문구,0,2,0,1,0,195,1,1
25405,2012-07-18,1,2,1,2,0,1,0,전북,군산시,0,2,0,0,0,1,0,126.7157,35.9535,전북군산시,0,1,0,0,0,166,1,1
25407,2012-07-24,0,1,1,1,0,0,0,서울,성북구,0,0,0,1,1,0,0,127.0234,37.5806,서울성북구,0,0,0,0,0,167,1,1
25408,2012-07-23,1,0,1,1,0,0,0,강원,횡성군,0,0,0,0,0,0,0,127.9855,37.4882,강원횡성군,0,0,0,0,0,31,1,1
25414,2012-06-12,0,1,1,1,0,0,0,강원,인제군,0,0,0,1,1,0,0,128.2131,38.1366,강원인제군,0,0,0,0,0,124,1,1
25416,2012-06-18,0,0,1,1,0,0,0,전남,진도군,0,1,0,0,0,0,0,126.2148,34.4306,전남진도군,0,0,0,0,0,71,1,1
25420,2013-11-08,0,4,1,1,0,0,0,전남,순천시,0,1,0,0,0,1,0,127.5295,34.9167,전남순천시,0,1,0,0,0,27,1,1
25422,2013-11-08,1,4,1,1,0,0,0,전북,군산시,0,4,3,1,2,3,0,126.6778,35.9747,전북군산시,0,3,0,0,0,166,0,0
25424,2013-11-15,0,4,1,1,0,0,0,전북,순창군,0,2,0,0,0,1,0,127.1461,35.3667,전북순창군,0,1,0,0,0,131,1,1
25429,2013-11-16,1,5,1,1,0,0,0,충남,공주시,0,0,0,0,0,3,0,127.0198,36.3293,충남공주시,0,3,0,1,0,19,1,1
25431,2012-08-15,1,2,1,1,0,0,0,대전,동구,0,4,4,2,4,1,0,127.4352,36.3263,대전동구,0,1,0,1,0,80,0,0
25432,2013-11-12,1,1,1,1,0,0,0,경북,안동시,0,2,0,0,0,1,0,128.6597,36.4727,경북안동시,0,1,0,0,0,66,1,1
25434,2013-11-12,0,1,1,1,0,0,0,경남,의령군,0,2,0,0,0,0,0,128.2668,35.3205,경남의령군,0,0,0,0,0,189,1,1
25435,2013-11-12,1,1,1,1,0,0,0,대구,북구,0,1,0,0,0,5,0,128.5947,35.8929,대구북구,0,5,0,0,0,112,1,1
25436,2013-11-20,1,2,1,1,0,0,0,전북,완주군,0,0,1,1,2,1,0,127.0973,35.9007,전북완주군,0,1,0,0,0,28,1,0
25437,2012-06-30,0,5,1,1,0,0,0,인천,강화군,0,1,0,0,0,1,0,126.427,37.656,인천강화군,0,1,0,1,0,92,1,1
25438,2013-11-21,0,3,1,1,0,0,0,광주,남구,0,0,0,0,0,0,0,126.8928,35.1426,광주남구,0,0,0,0,0,190,1,1
25439,2013-11-18,0,0,1,1,0,0,0,부산,금정구,0,1,0,1,1,0,0,129.0903,35.2234,부산금정구,0,0,0,0,0,96,1,1
25442,2013-11-17,0,6,1,2,1,0,0,전남,영광군,0,4,0,0,0,1,0,126.3084,35.2301,전남영광군,0,1,0,1,0,127,0,0
25444,2013-11-24,0,6,1,2,1,0,0,경기,용인시,0,1,0,1,1,0,0,127.0822,37.2688,경기용인시,0,0,0,1,0,51,1,1
25446,2013-11-01,0,4,1,1,0,0,0,부산,사상구,0,1,0,0,0,0,0,128.9705,35.1399,부산사상구,0,0,0,0,0,120,1,1
25447,2012-11-28,1,2,1,1,0,0,0,경북,칠곡군,0,0,0,0,0,2,0,128.3995,35.99,경북칠곡군,0,2,0,0,0,21,1,1
25449,2012-11-25,0,6,1,1,0,0,0,충북,보은군,0,2,0,0,0,0,0,127.7536,36.5036,충북보은군,0,0,0,1,0,32,1,1
25455,2012-08-18,0,5,1,1,0,0,0,전남,장성군,0,0,0,1,1,1,0,126.6407,35.2653,전남장성군,0,1,0,1,0,146,1,1
25456,2012-08-16,0,3,1,1,0,0,0,충북,청주시,0,0,0,1,2,0,0,127.5094,36.6138,충북청주시,0,0,0,0,0,83,1,1
25457,2012-08-23,1,3,1,1,0,0,0,경북,경주시,0,2,0,0,3,1,0,129.3212,35.7113,경북경주시,0,1,0,0,0,100,1,1
25463,2012-09-03,0,0,1,1,0,0,0,서울,서초구,0,1,0,0,0,0,0,127.0256,37.4878,서울서초구,0,0,0,0,0,214,1,1
25464,2012-09-09,0,6,1,1,0,0,0,충북,청주시,0,0,0,1,1,0,0,127.4964,36.6322,충북청주시,0,0,0,1,0,83,1,1
25465,2012-09-11,0,1,1,2,1,0,0,제주,제주시,0,0,0,0,0,0,0,126.3109,33.4587,제주제주시,0,0,0,0,0,90,1,1
25466,2012-09-14,0,4,1,1,0,0,0,전남,장성군,0,2,0,0,0,1,0,126.7803,35.2924,전남장성군,0,1,0,0,0,146,1,1
25469,2012-09-11,0,1,1,1,0,0,0,경북,경산시,0,0,1,0,3,0,0,128.7415,35.8146,경북경산시,0,0,0,0,0,52,1,0
25479,2012-09-25,0,1,1,1,0,0,0,경북,상주시,0,3,0,0,0,1,0,127.9485,36.3456,경북상주시,0,1,0,0,0,58,0,0
25480,2012-08-07,0,1,1,1,0,0,0,전남,순천시,0,0,0,0,0,0,0,127.5138,34.9444,전남순천시,0,0,0,0,0,27,1,1
25482,2012-08-06,1,0,1,1,0,0,0,인천,연수구,0,0,3,0,3,2,0,126.6681,37.4217,인천연수구,0,2,0,0,0,35,1,1
25483,2012-08-07,0,1,1,1,0,0,0,경기,안성시,0,0,1,0,3,0,0,127.3252,37.0142,경기안성시,0,0,0,0,0,23,1,0
25484,2012-08-06,0,0,1,1,0,0,0,강원,평창군,0,3,0,0,0,1,0,128.4511,37.5261,강원평창군,0,1,0,0,0,24,0,0
25486,2012-08-11,0,5,1,1,0,0,0,경기,화성시,0,0,0,0,0,1,0,126.8979,37.0804,경기화성시,0,1,0,1,0,50,1,1
25489,2012-08-09,1,3,1,3,2,0,0,충남,태안군,0,1,0,0,0,0,0,126.326,36.5826,충남태안군,1,0,0,0,0,169,1,1
25490,2012-08-16,0,3,1,1,0,0,0,충남,천안시,0,1,0,0,0,2,0,127.3052,36.7629,충남천안시,0,2,0,0,0,63,1,1
25492,2013-10-16,0,2,1,1,0,0,0,전남,순천시,0,3,0,0,0,0,0,127.4234,35.1029,전남순천시,0,0,0,0,0,27,0,0
25495,2013-10-14,0,0,1,2,1,0,0,경북,군위군,0,1,2,0,0,0,0,128.6915,36.1757,경북군위군,0,0,0,0,0,170,1,1
25496,2013-10-14,0,0,1,1,0,0,0,경북,경주시,0,2,0,0,0,0,0,129.1164,35.8438,경북경주시,0,0,0,0,0,100,1,1
25503,2013-10-13,0,6,1,1,0,0,0,경기,용인시,0,0,0,2,4,0,0,127.2415,37.329,경기용인시,0,0,0,1,0,51,1,1
25506,2013-10-21,1,0,1,1,0,0,0,강원,춘천시,0,0,0,0,0,2,0,127.7185,37.8618,강원춘천시,0,2,0,0,0,111,1,1
25513,2013-09-14,0,5,1,1,0,0,0,경기,양주시,0,2,0,0,0,0,0,126.9657,37.8451,경기양주시,0,0,0,1,0,59,1,1
25514,2013-09-12,0,3,1,1,0,0,0,경기,용인시,0,0,0,1,1,2,0,127.1893,37.2367,경기용인시,0,2,0,0,0,51,1,1
25517,2013-09-19,0,3,1,1,0,0,0,부산,강서구,0,0,0,2,4,0,0,128.8256,35.1023,부산강서구,0,0,0,1,0,206,1,1
25521,2013-09-26,0,3,1,2,0,1,0,경기,이천시,0,0,0,0,0,0,0,127.527,37.22,경기이천시,0,0,0,0,0,41,1,1
25523,2012-07-29,0,6,1,1,0,0,0,서울,마포구,0,2,0,0,0,0,0,126.9606,37.5582,서울마포구,0,0,0,1,0,159,1,1
25528,2012-08-03,0,4,1,1,0,0,0,경기,평택시,0,2,0,0,0,0,0,126.8183,37.0087,경기평택시,0,0,0,0,0,14,1,1
25529,2012-06-12,1,1,1,1,0,0,0,전북,익산시,0,0,0,0,0,2,0,126.9694,35.9372,전북익산시,0,2,0,0,0,125,1,1
25530,2012-06-21,0,3,1,1,0,0,0,인천,서구,0,2,0,0,0,0,0,126.678,37.499,인천서구,0,0,0,0,0,97,1,1
25531,2012-06-21,1,3,1,1,0,0,0,경기,시흥시,0,1,0,1,2,1,0,126.7549,37.3472,경기시흥시,0,1,0,0,0,73,1,1
25532,2012-06-20,0,2,1,1,0,0,0,경남,김해시,0,3,0,0,0,0,0,128.8531,35.2165,경남김해시,0,0,0,0,0,13,0,0
25534,2012-08-31,1,4,1,1,0,0,0,서울,마포구,0,1,0,0,3,0,0,126.9564,37.5576,서울마포구,0,0,0,0,0,159,1,1
25540,2012-09-08,0,5,1,1,0,0,0,서울,용산구,0,2,0,0,0,0,0,126.9703,37.5463,서울용산구,0,0,0,1,0,134,1,1
25542,2012-09-14,0,4,1,1,0,0,0,경북,구미시,0,1,0,1,1,2,0,128.3222,36.1293,경북구미시,0,2,0,0,0,144,1,1
25543,2012-09-12,0,2,1,1,0,0,0,강원,정선군,0,1,1,2,4,2,0,128.844,37.2072,강원정선군,0,2,0,0,0,198,1,0
25546,2012-09-17,0,0,1,1,0,0,0,대구,중구,0,1,0,0,0,0,0,128.5999,35.8746,대구중구,0,0,0,0,0,178,1,1
25548,2012-09-14,0,4,1,1,0,0,0,경북,군위군,0,1,0,0,0,1,0,128.5757,36.1191,경북군위군,0,1,0,0,0,170,1,1
25550,2012-09-22,0,5,1,1,0,0,0,서울,광진구,0,0,1,0,3,0,0,127.0777,37.5539,서울광진구,0,0,0,1,0,183,1,0
25552,2012-09-25,0,1,1,1,0,0,0,대전,서구,0,0,0,1,1,0,0,127.3708,36.3578,대전서구,0,0,0,0,0,4,1,1
25556,2012-08-06,1,0,1,1,0,0,0,경남,창원시(통합),0,0,0,0,0,0,0,128.6446,35.2457,경남창원시(통합),0,0,0,0,0,86,1,1
25561,2014-02-27,1,3,1,1,0,0,0,경기,광주시,0,0,3,1,2,2,0,127.2508,37.4159,경기광주시,0,2,0,0,0,9,1,1
25563,2014-03-03,1,0,1,1,0,0,0,대전,서구,0,1,0,0,3,2,0,127.3479,36.3191,대전서구,0,2,0,0,0,4,1,1
25565,2014-03-04,1,1,1,2,0,0,1,인천,부평구,0,1,0,0,0,7,0,126.7027,37.4919,인천부평구,0,7,0,0,0,44,1,1
25568,2014-03-03,0,0,1,1,0,0,0,서울,영등포구,0,0,3,0,3,2,0,126.9115,37.4956,서울영등포구,0,2,0,0,0,150,1,1
25573,2013-12-23,0,0,1,1,0,0,0,경기,성남시,0,2,0,1,2,2,0,127.1295,37.4296,경기성남시,0,2,0,0,0,95,1,1
25575,2013-12-24,0,1,1,1,0,0,0,부산,사하구,0,1,3,1,2,0,0,128.9721,35.1042,부산사하구,0,0,0,0,0,25,1,1
25578,2013-11-01,1,4,1,2,0,1,0,전남,완도군,0,1,0,2,4,2,0,126.7161,34.3661,전남완도군,0,2,0,0,0,141,1,1
25581,2013-10-29,0,1,1,1,0,0,0,경북,칠곡군,0,1,0,1,1,0,0,128.406,35.9868,경북칠곡군,0,0,0,0,0,21,1,1