index,발생년월일,주야,요일,사망자수,사상자수,중상자수,경상자수,부상신고자수,발생지시도,발생지시군구,사고유형_대분류,사고유형_중분류,법규위반,도로형태_대분류,도로형태,당사자종별_1당_대분류,당사자종별_2당_대분류,경도,위도,발생지,사고피해정도,사고차량타입,도시여부,주말/공휴일,인구수,발생지번호,보행자의위치,무단횡단여부
25582,2013-10-29,0,1,1,1,0,0,0,경남,창녕군,0,1,0,0,0,0,0,128.5265,35.451,경남창녕군,0,0,0,0,0,211,1,1
25584,2013-11-02,0,5,1,1,0,0,0,전남,여수시,0,1,3,1,2,0,0,127.7287,34.7467,전남여수시,0,0,0,1,0,102,1,1
25585,2013-11-10,1,6,1,1,0,0,0,서울,영등포구,0,0,0,1,1,0,0,126.8992,37.4888,서울영등포구,0,0,0,1,0,150,1,1
25586,2013-11-10,1,6,1,1,0,0,0,광주,서구,0,0,3,0,0,0,0,126.8729,35.135,광주서구,0,0,0,1,0,222,1,1
25588,2013-11-10,0,6,1,1,0,0,0,충북,청주시,0,1,0,0,0,0,0,127.4933,36.6324,충북청주시,0,0,0,1,0,83,1,1
25590,2013-11-07,1,3,1,1,0,0,0,경북,성주군,0,3,0,0,0,1,0,128.264,35.9815,경북성주군,0,1,0,0,0,168,0,0
25594,2014-03-23,1,6,1,1,0,0,0,부산,남구,0,1,0,0,0,0,0,129.1144,35.1336,부산남구,0,0,0,1,0,180,1,1
25595,2014-03-18,0,1,1,1,0,0,0,경기,수원시,0,0,0,0,0,0,0,127.0085,37.3021,경기수원시,0,0,0,0,0,99,1,1
25601,2013-12-29,0,6,1,1,0,0,0,전북,고창군,0,1,0,0,0,1,0,126.5428,35.4626,전북고창군,0,1,0,1,0,219,1,1
25602,2013-12-21,1,5,1,1,0,0,0,강원,고성군,0,0,0,0,0,1,0,128.4605,38.3871,강원고성군,0,1,0,1,0,217,1,1
25604,2013-12-28,0,5,1,1,0,0,0,충남,천안시,0,0,0,1,2,0,0,127.1531,36.857,충남천안시,0,0,0,1,0,63,1,1
25607,2013-12-15,0,6,1,1,0,0,0,충남,아산시,0,0,0,1,1,1,0,127.0273,36.7759,충남아산시,0,1,0,1,0,53,1,1
25609,2013-12-11,1,2,1,1,0,0,0,전남,나주시,0,1,0,1,2,2,0,126.7189,35.0357,전남나주시,0,2,0,0,0,33,1,1
25610,2013-12-18,0,2,1,1,0,0,0,충북,제천시,0,1,1,0,3,0,0,128.1886,37.1516,충북제천시,0,0,0,0,0,103,1,0
25611,2013-12-18,0,2,1,1,0,0,0,충남,계룡시,0,0,0,1,2,0,0,127.2422,36.2822,충남계룡시,0,0,0,0,0,223,1,1
25615,2014-02-18,1,1,1,1,0,0,0,서울,영등포구,0,1,0,1,2,0,0,126.9303,37.5201,서울영등포구,0,0,0,0,0,150,1,1
25616,2014-02-27,1,3,1,1,0,0,0,서울,노원구,0,0,0,0,0,2,0,127.0808,37.6705,서울노원구,0,2,0,0,0,18,1,1
25618,2014-03-03,0,0,1,1,0,0,0,부산,강서구,0,0,0,0,3,0,0,128.9329,35.2197,부산강서구,0,0,0,0,0,206,1,1
25619,2012-08-15,1,2,1,1,0,0,0,부산,동래구,0,0,0,0,0,0,0,129.071,35.2114,부산동래구,0,0,0,1,0,216,1,1
25620,2012-08-13,0,0,1,2,0,1,0,충남,아산시,0,1,0,0,0,0,0,127.0539,36.9353,충남아산시,0,0,0,0,0,53,1,1
25621,2013-11-14,0,3,1,1,0,0,0,부산,해운대구,0,0,3,0,0,0,0,129.1496,35.2301,부산해운대구,0,0,0,0,0,1,1,1
25622,2013-11-13,1,2,1,1,0,0,0,경기,고양시,0,1,0,0,0,2,0,126.777,37.6529,경기고양시,0,2,0,0,0,40,1,1
25623,2012-02-22,1,2,1,1,0,0,0,대전,동구,0,0,0,0,0,0,0,127.4323,36.332,대전동구,0,0,0,0,0,80,1,1
25626,2013-11-17,0,6,1,1,0,0,0,충북,음성군,0,0,0,0,0,0,0,127.6903,36.9215,충북음성군,0,0,0,1,0,110,1,1
25628,2013-11-18,0,0,1,1,0,0,0,광주,광산구,0,0,0,0,0,0,0,126.8073,35.1506,광주광산구,0,0,0,0,0,135,1,1
25634,2013-11-30,1,5,1,1,0,0,0,대구,수성구,0,1,0,0,0,2,0,128.6094,35.8268,대구수성구,0,2,0,1,0,37,1,1
25635,2013-12-01,0,6,1,1,0,0,0,경북,구미시,0,1,0,0,0,0,0,128.3561,36.1269,경북구미시,0,0,0,1,0,144,1,1
25636,2013-11-30,0,5,1,1,0,0,0,대전,동구,0,0,2,0,0,0,0,127.4378,36.3197,대전동구,0,0,0,1,0,80,1,1
25637,2013-11-30,0,5,1,1,0,0,0,경남,창원시(통합),0,2,0,1,1,0,0,128.5762,35.2283,경남창원시(통합),0,0,0,1,0,86,1,1
25638,2013-11-30,1,5,1,1,0,0,0,경기,시흥시,0,0,3,1,1,2,0,126.7339,37.3534,경기시흥시,0,2,0,1,0,73,1,1
25640,2013-10-26,1,5,1,1,0,0,0,인천,부평구,0,0,0,0,3,0,0,126.7394,37.4865,인천부평구,0,0,0,1,0,44,1,1
25642,2013-10-26,0,5,1,1,0,0,0,경기,파주시,0,0,2,1,2,1,0,126.7815,37.8765,경기파주시,0,1,0,1,0,175,1,1
25645,2013-10-28,0,0,1,1,0,0,0,경기,안산시,0,0,0,1,2,0,0,126.7804,37.2971,경기안산시,0,0,0,0,0,2,1,1
25647,2013-10-30,0,2,1,2,1,0,0,경기,양주시,0,1,0,1,2,1,0,127.0461,37.7985,경기양주시,0,1,0,0,0,59,1,1
25649,2013-11-05,1,1,1,1,0,0,0,경북,청도군,0,1,1,2,4,2,0,128.7459,35.6413,경북청도군,0,2,0,0,0,3,1,0
25652,2013-11-02,1,5,1,1,0,0,0,대전,서구,0,1,0,2,4,1,0,127.3759,36.3648,대전서구,0,1,0,1,0,4,1,1
25653,2013-11-02,1,5,1,1,0,0,0,경기,수원시,0,0,1,1,2,0,0,126.9869,37.289,경기수원시,0,0,0,1,0,99,1,0
25656,2013-11-09,0,5,1,1,0,0,0,부산,사상구,0,1,0,1,1,0,0,128.9854,35.1589,부산사상구,0,0,0,1,0,120,1,1
25658,2013-11-07,1,3,1,1,0,0,0,부산,사상구,0,0,0,0,0,3,0,128.98,35.1743,부산사상구,0,3,0,0,0,120,1,1
25661,2012-06-20,1,2,1,1,0,0,0,인천,계양구,0,1,0,0,0,0,0,126.7243,37.5352,인천계양구,0,0,0,0,0,7,1,1
25662,2012-06-30,0,5,1,1,0,0,0,경기,의정부시,0,0,2,1,1,0,0,127.0569,37.7406,경기의정부시,0,0,0,1,0,64,1,1
25663,2012-06-30,0,5,1,1,0,0,0,서울,중구,0,0,0,2,4,2,0,126.9772,37.5639,서울중구,0,2,0,1,0,8,1,1
25664,2012-06-30,0,5,1,1,0,0,0,부산,중구,0,0,0,0,0,0,0,129.0235,35.1006,부산중구,0,0,0,1,0,228,1,1
25666,2012-07-01,0,6,1,1,0,0,0,서울,강서구,0,1,0,1,2,0,0,126.8372,37.5553,서울강서구,0,0,0,1,0,43,1,1
25669,2012-07-03,1,1,1,1,0,0,0,광주,광산구,0,1,5,0,0,0,0,126.6805,35.128,광주광산구,0,0,0,0,0,135,1,1
25672,2012-07-08,0,6,1,1,0,0,0,경북,칠곡군,0,0,2,1,1,0,0,128.4008,36.0641,경북칠곡군,0,0,0,1,0,21,1,1
25675,2012-07-17,1,1,1,1,0,0,0,서울,금천구,0,0,0,0,0,1,0,126.9018,37.4663,서울금천구,0,1,0,0,0,109,1,1
25676,2012-07-17,0,1,1,1,0,0,0,부산,사상구,0,1,0,0,0,0,0,128.9755,35.1779,부산사상구,0,0,0,0,0,120,1,1
25677,2012-07-14,1,5,1,1,0,0,0,충남,부여군,0,1,0,1,1,0,0,126.9134,36.2727,충남부여군,0,0,0,1,0,129,1,1
25678,2012-07-14,0,5,1,1,0,0,0,경기,수원시,0,1,0,0,0,0,0,127.0348,37.2462,경기수원시,0,0,0,1,0,99,1,1
25680,2012-07-21,1,5,1,2,0,1,0,충남,논산시,0,1,0,0,0,0,0,127.0789,36.2143,충남논산시,0,0,0,1,0,61,1,1
25684,2012-07-19,0,3,1,1,0,0,0,경기,고양시,0,1,0,0,0,0,0,126.8441,37.5873,경기고양시,0,0,0,0,0,40,1,1
25685,2012-07-20,0,4,1,1,0,0,0,서울,강서구,0,1,0,0,0,0,0,126.8447,37.5334,서울강서구,0,0,0,0,0,43,1,1
25686,2012-07-20,0,4,1,1,0,0,0,경기,성남시,0,0,3,0,3,4,0,127.1502,37.4419,경기성남시,0,4,0,0,0,95,1,1
25688,2012-07-24,1,1,1,1,0,0,0,충남,계룡시,0,1,4,0,0,3,0,127.262,36.2687,충남계룡시,0,3,0,0,0,223,1,1
25692,2013-03-14,1,3,1,1,0,0,0,제주,제주시,0,0,1,1,2,1,0,126.5622,33.5046,제주제주시,0,1,0,0,0,90,1,0
25693,2013-03-14,1,3,1,1,0,0,0,서울,금천구,0,0,1,1,2,3,0,126.8994,37.457,서울금천구,0,3,0,0,0,109,1,0
25694,2013-03-12,1,1,1,1,0,0,0,강원,평창군,0,3,0,0,0,1,0,128.5719,37.6543,강원평창군,0,1,0,0,0,24,0,0
25696,2013-03-11,0,0,1,1,0,0,0,경남,창원시(통합),0,0,0,0,3,0,0,128.7013,35.2205,경남창원시(통합),0,0,0,0,0,86,1,1
25697,2013-03-19,0,1,1,1,0,0,0,인천,서구,0,1,0,0,0,0,0,126.6798,37.4904,인천서구,0,0,0,0,0,97,1,1
25699,2013-03-21,1,3,1,1,0,0,0,충북,진천군,0,0,0,0,0,0,0,127.449,36.938,충북진천군,0,0,0,0,0,60,1,1
25700,2013-03-16,1,5,1,2,0,1,0,충북,청주시,0,0,1,1,1,1,0,127.4618,36.6494,충북청주시,0,1,0,1,0,83,1,0
25705,2013-12-20,1,4,1,1,0,0,0,경기,화성시,0,1,0,1,1,3,0,126.8045,37.2057,경기화성시,0,3,0,0,0,50,1,1
25706,2013-12-20,1,4,1,1,0,0,0,전남,영광군,0,3,0,0,0,1,0,126.447,35.3959,전남영광군,0,1,0,0,0,127,0,0
25709,2013-12-07,0,5,1,1,0,0,0,대구,달서구,0,0,0,0,0,0,0,128.5324,35.8435,대구달서구,0,0,0,1,0,20,1,1
25711,2013-12-16,0,0,1,1,0,0,0,서울,강북구,0,0,0,0,0,0,0,127.0281,37.6216,서울강북구,0,0,0,0,0,200,1,1
25712,2013-12-17,1,1,1,1,0,0,0,대구,달서구,0,1,0,1,2,1,0,128.4739,35.8447,대구달서구,0,1,0,0,0,20,1,1
25715,2013-12-07,0,5,1,1,0,0,0,전남,목포시,0,0,0,0,0,0,0,126.4273,34.8073,전남목포시,0,0,0,1,0,153,1,1
25717,2014-02-19,1,2,1,1,0,0,0,제주,제주시,0,0,0,1,1,0,0,126.5336,33.4947,제주제주시,0,0,0,0,0,90,1,1
25719,2014-02-17,0,0,1,1,0,0,0,경기,오산시,0,1,0,0,0,0,0,127.055,37.1463,경기오산시,0,0,0,0,0,143,1,1
25721,2014-02-18,1,1,1,1,0,0,0,울산,동구,0,0,3,1,2,0,0,129.4262,35.4915,울산동구,0,0,0,0,0,225,1,1
25726,2014-03-01,0,5,1,1,0,0,0,경남,통영시,0,0,0,1,1,0,0,128.4135,34.8825,경남통영시,0,0,0,1,0,212,1,1
25730,2013-12-27,0,4,1,1,0,0,0,충남,홍성군,0,1,0,0,0,1,0,126.6168,36.4877,충남홍성군,0,1,0,0,0,38,1,1
25733,2013-12-08,0,6,1,1,0,0,0,서울,동작구,0,0,0,0,0,0,0,126.9509,37.4995,서울동작구,0,0,0,1,0,93,1,1
25734,2013-12-17,0,1,1,1,0,0,0,울산,중구,0,1,1,1,1,1,0,129.3433,35.5684,울산중구,0,1,0,0,0,205,1,0
25736,2013-12-08,1,6,1,1,0,0,0,경북,경주시,0,0,1,1,1,0,0,129.2048,35.8387,경북경주시,0,0,0,1,0,100,1,0
25737,2014-03-07,0,4,1,1,0,0,0,부산,남구,0,0,0,1,2,2,0,129.1123,35.1251,부산남구,0,2,0,0,0,180,1,1
25738,2014-03-07,1,4,1,1,0,0,0,충남,천안시,0,0,0,1,1,0,0,127.1658,36.8107,충남천안시,0,0,0,0,0,63,1,1
25740,2014-03-05,0,2,1,1,0,0,0,광주,남구,0,0,0,0,0,0,0,126.9001,35.1314,광주남구,0,0,0,0,0,190,1,1
25745,2014-03-05,1,2,1,1,0,0,0,경기,김포시,0,0,0,0,0,0,0,126.6576,37.6679,경기김포시,0,0,0,0,0,47,1,1
25746,2014-03-03,0,0,1,1,0,0,0,경기,연천군,0,0,2,1,2,0,0,127.1213,38.0253,경기연천군,0,0,0,0,0,106,1,1
25747,2014-03-09,0,6,1,1,0,0,0,충북,청주시,0,0,1,1,1,1,0,127.4804,36.6184,충북청주시,0,1,0,1,0,83,1,0
25749,2014-03-22,0,5,1,1,0,0,0,대전,동구,0,0,3,1,1,0,0,127.4431,36.3296,대전동구,0,0,0,1,0,80,1,1
25751,2014-03-19,1,2,1,1,0,0,0,대전,대덕구,0,2,0,0,0,0,0,127.4212,36.3611,대전대덕구,0,0,0,0,0,77,1,1
25758,2013-12-27,1,4,1,1,0,0,0,경기,수원시,0,1,3,0,3,3,0,127.0313,37.2446,경기수원시,0,3,0,0,0,99,1,1
25761,2013-12-26,1,3,1,1,0,0,0,강원,춘천시,0,1,1,0,3,2,0,127.7236,37.8772,강원춘천시,0,2,0,0,0,111,1,0
25763,2012-09-28,0,4,1,1,0,0,0,전북,익산시,0,3,0,0,0,1,0,126.9804,36.0972,전북익산시,0,1,0,0,0,125,0,0
25765,2012-09-29,0,5,2,2,0,0,0,인천,남구,0,1,0,0,3,0,0,126.6588,37.4679,인천남동구,0,0,0,1,0,29,1,1
25766,2012-09-29,1,5,1,1,0,0,0,서울,중구,0,0,0,0,3,0,0,127.011,37.5553,서울중구,0,0,0,1,0,8,1,1
25767,2012-11-24,0,5,1,1,0,0,0,대구,서구,0,0,0,0,3,0,0,128.576,35.8801,대구서구,0,0,0,1,0,107,1,1
25768,2012-11-22,1,3,1,1,0,0,0,경남,창원시(통합),0,0,0,0,0,2,0,128.5737,35.2068,경남창원시(통합),0,2,0,0,0,86,1,1
25769,2012-11-26,0,0,1,1,0,0,0,경남,창원시(통합),0,0,0,0,0,2,0,128.7644,35.1147,경남창원시(통합),0,2,0,0,0,86,1,1
25771,2012-11-27,0,1,1,1,0,0,0,대구,남구,0,0,0,0,0,0,0,128.581,35.8407,대구남구,0,0,0,0,0,145,1,1
25772,2012-11-23,0,4,1,1,0,0,0,경기,김포시,0,0,0,0,3,0,0,126.7122,37.6275,경기김포시,0,0,0,0,0,47,1,1
25777,2012-11-06,1,1,1,1,0,0,0,전남,순천시,0,0,0,0,0,1,0,127.5117,34.941,전남순천시,0,1,0,0,0,27,1,1
25778,2012-11-07,0,2,1,2,1,0,0,경기,김포시,0,1,0,0,0,1,0,126.5675,37.7033,경기김포시,0,1,0,0,0,47,1,1
25780,2012-11-11,0,6,1,1,0,0,0,경북,영덕군,0,0,0,2,4,1,0,129.3979,36.3783,경북영덕군,0,1,0,1,0,54,1,1
25782,2012-09-22,1,5,1,1,0,0,0,서울,도봉구,0,2,0,1,1,0,0,127.0227,37.6506,서울도봉구,0,0,0,1,0,98,1,1
25786,2012-10-27,0,5,1,1,0,0,0,충남,천안시,0,2,0,0,0,0,0,127.1704,36.7434,충남천안시,0,0,0,1,0,63,1,1
25787,2012-10-06,0,5,1,1,0,0,0,경기,남양주시,0,1,1,1,2,1,0,127.3062,37.6365,경기남양주시,0,1,0,1,0,70,1,0
25792,2013-10-23,1,2,1,1,0,0,0,인천,동구,0,0,0,1,1,0,0,126.6462,37.474,인천동구,0,0,0,0,0,207,1,1
25794,2013-10-30,0,2,1,1,0,0,0,경남,창원시(통합),0,0,3,0,3,1,0,128.5656,35.2313,경남창원시(통합),0,1,0,0,0,86,1,1
25797,2013-10-28,1,0,1,2,0,1,0,전북,순창군,0,0,2,1,1,0,0,127.1886,35.3926,전북순창군,0,0,0,0,0,131,1,1
25798,2013-10-30,1,2,1,1,0,0,0,경기,고양시,0,0,0,0,3,2,0,126.7911,37.6408,경기고양시,0,2,0,0,0,40,1,1
25801,2013-11-01,0,4,1,1,0,0,0,경기,김포시,0,0,0,0,0,0,0,126.5692,37.648,경기김포시,0,0,0,0,0,47,1,1
25802,2013-11-01,0,4,1,1,0,0,0,전남,목포시,0,0,0,1,2,0,0,126.4249,34.806,전남목포시,0,0,0,0,0,153,1,1
25803,2013-11-01,0,4,1,1,0,0,0,서울,성북구,0,3,0,1,1,2,0,127.0091,37.5962,서울성북구,0,2,0,0,0,167,0,0
25804,2013-11-10,1,6,1,1,0,0,0,인천,남동구,0,0,3,1,2,2,0,126.7177,37.4254,인천남동구,0,2,0,1,0,29,1,1
25805,2013-11-08,1,4,1,1,0,0,0,경남,함양군,0,3,0,0,0,1,0,127.7531,35.486,경남함양군,0,1,0,0,0,108,0,0
25812,2013-11-25,0,0,1,1,0,0,0,서울,동작구,0,0,0,1,2,0,0,126.9272,37.4948,서울동작구,0,0,0,0,0,93,1,1
25813,2013-12-01,1,6,1,1,0,0,0,부산,동구,0,1,0,1,1,0,0,129.0462,35.1182,부산동구,0,0,0,1,0,209,1,1
25814,2013-12-01,0,6,1,1,0,0,0,부산,사상구,0,1,0,0,3,2,0,128.9883,35.1735,부산사상구,0,2,0,1,0,120,1,1
25815,2013-12-03,1,1,1,1,0,0,0,전북,군산시,0,0,0,0,0,0,0,126.5931,35.9487,전북군산시,0,0,0,0,0,166,1,1
25822,2013-12-31,1,1,1,1,0,0,0,경남,창원시(통합),0,1,0,1,1,0,0,128.6177,35.2556,경남창원시(통합),0,0,0,0,0,86,1,1
25825,2013-12-30,0,0,1,2,1,0,0,서울,강북구,0,0,2,1,1,6,0,127.011,37.6423,서울강북구,0,6,0,0,0,200,1,1
25829,2013-11-25,1,0,1,1,0,0,0,인천,부평구,0,1,0,1,1,3,0,126.7311,37.4967,인천부평구,0,3,0,0,0,44,1,1
25833,2013-03-27,0,2,1,1,0,0,0,대구,수성구,0,0,2,0,3,0,0,128.6246,35.8433,대구수성구,0,0,0,0,0,37,1,1
25835,2013-03-24,0,6,1,1,0,0,0,강원,강릉시,0,2,0,0,0,0,0,128.8721,37.7625,강원강릉시,0,0,0,1,0,194,1,1
25837,2013-03-25,0,0,1,1,0,0,0,충남,예산군,0,2,0,0,0,0,0,126.7057,36.6901,충남예산군,0,0,0,0,0,187,1,1
25839,2013-03-25,1,0,1,1,0,0,0,충북,제천시,0,1,0,1,1,3,0,128.2243,37.1313,충북제천시,0,3,0,0,0,103,1,1
25840,2013-03-30,1,5,1,1,0,0,0,경남,남해군,0,0,1,0,3,0,0,127.8782,34.8174,경남남해군,0,0,0,1,0,197,1,0
25841,2013-03-30,0,5,1,1,0,0,0,경남,사천시,0,1,0,0,0,0,0,128.0835,35.0818,경남사천시,0,0,0,1,0,57,1,1
25843,2013-03-27,0,2,1,1,0,0,0,경기,평택시,0,2,0,1,2,2,0,127.1,36.9923,경기평택시,0,2,0,0,0,14,1,1
25845,2013-03-29,0,4,1,1,0,0,0,서울,강남구,0,0,3,0,3,0,0,127.1003,37.4884,서울강남구,0,0,0,0,0,89,1,1
25848,2013-03-27,0,2,1,1,0,0,0,충남,당진시,0,0,0,0,0,0,0,126.6295,36.8871,충남당진시,0,0,0,0,0,46,1,1
25852,2013-02-27,0,2,1,2,1,0,0,인천,부평구,0,1,3,1,2,4,0,126.7361,37.487,인천부평구,0,4,0,0,0,44,1,1
25854,2013-03-08,0,4,1,3,1,1,0,경기,남양주시,0,1,4,0,0,0,0,127.2326,37.6457,경기남양주시,0,0,0,0,0,70,1,1
25857,2013-03-05,1,1,1,1,0,0,0,서울,마포구,0,0,0,1,1,1,0,126.923,37.5451,서울마포구,0,1,0,0,0,159,1,1
25859,2013-03-15,1,4,1,1,0,0,0,경기,파주시,0,1,0,1,1,2,0,126.7776,37.7542,경기파주시,0,2,0,0,0,175,1,1
25860,2013-03-16,1,5,1,1,0,0,0,경남,김해시,0,1,0,0,0,1,0,128.8489,35.2243,경남김해시,0,1,0,1,0,13,1,1
25863,2013-07-23,1,1,1,1,0,0,0,부산,북구,0,1,1,0,3,2,0,129.0312,35.2121,부산북구,0,2,0,0,0,118,1,0
25865,2013-07-20,1,5,1,1,0,0,0,전북,순창군,0,2,0,0,0,0,0,127.1463,35.3669,전북순창군,0,0,0,1,0,131,1,1
25866,2013-07-21,0,6,1,1,0,0,0,경기,용인시,0,0,0,1,1,0,0,127.1341,37.269,경기용인시,0,0,0,1,0,51,1,1
25869,2013-07-25,1,3,1,1,0,0,0,강원,원주시,0,2,0,0,0,1,0,127.9565,37.3291,강원원주시,0,1,0,0,0,36,1,1
25871,2013-08-03,0,5,1,3,2,0,0,충북,진천군,0,1,0,1,2,0,0,127.4488,36.7608,충북진천군,1,0,0,1,0,60,1,1
25873,2013-07-30,0,1,1,1,0,0,0,전남,여수시,0,0,0,0,0,0,0,127.7407,34.7427,전남여수시,0,0,0,0,0,102,1,1
25876,2014-03-16,1,6,1,1,0,0,0,경기,평택시,0,1,1,1,1,2,0,127.088,36.9906,경기평택시,0,2,0,1,0,14,1,0
25881,2014-03-12,0,2,1,1,0,0,0,전북,김제시,0,1,0,0,0,0,0,126.992,35.7842,전북김제시,0,0,0,0,0,34,1,1
25883,2013-12-29,0,6,1,1,0,0,0,경기,가평군,0,2,0,0,0,0,0,127.4626,37.7765,경기가평군,0,0,0,1,0,176,1,1
25884,2013-12-18,0,2,1,1,0,0,0,전남,여수시,0,1,0,1,2,0,0,127.7276,34.752,전남여수시,0,0,0,0,0,102,1,1
25888,2013-12-24,0,1,1,1,0,0,0,경기,성남시,0,1,0,1,2,1,0,127.1499,37.4438,경기성남시,0,1,0,0,0,95,1,1
25892,2013-12-27,0,4,1,1,0,0,0,광주,서구,0,0,0,0,0,0,0,126.8602,35.1623,광주서구,0,0,0,0,0,222,1,1
25893,2013-12-23,0,0,1,1,0,0,0,전남,여수시,0,0,0,0,3,0,0,127.7397,34.7495,전남여수시,0,0,0,0,0,102,1,1
25894,2013-12-23,0,0,1,1,0,0,0,경기,고양시,0,1,1,0,0,0,0,126.834,37.633,경기고양시,0,0,0,0,0,40,1,0
25895,2013-12-26,1,3,2,2,0,0,0,광주,남구,0,1,3,1,2,0,0,126.8773,35.098,광주남구,0,0,0,0,0,190,1,1
25896,2013-12-18,0,2,1,1,0,0,0,경북,문경시,0,1,0,0,0,0,0,128.212,36.5897,경북문경시,0,0,0,0,0,74,1,1
25897,2013-12-09,0,0,1,1,0,0,0,충남,서산시,0,1,0,2,4,0,0,126.4626,36.784,충남서산시,0,0,0,0,0,69,1,1
25898,2013-12-07,0,5,1,1,0,0,0,서울,서대문구,0,0,0,0,0,0,0,126.9418,37.591,서울서대문구,0,0,0,1,0,195,1,1
25899,2014-03-07,1,4,1,1,0,0,0,강원,동해시,0,0,0,1,2,0,0,129.1252,37.5125,강원동해시,0,0,0,0,0,210,1,1
25901,2012-10-23,1,1,3,3,0,0,0,인천,서구,0,1,0,0,3,1,0,126.6826,37.4952,인천서구,1,1,0,0,0,97,1,1
25909,2012-10-18,0,3,1,1,0,0,0,부산,해운대구,0,0,0,0,0,0,0,129.116,35.19,부산해운대구,0,0,0,0,0,1,1,1
25910,2012-09-28,0,4,1,1,0,0,0,서울,강동구,0,1,0,0,0,1,0,127.1694,37.5452,서울강동구,0,1,0,0,0,91,1,1
25914,2012-10-05,0,4,1,1,0,0,0,부산,사상구,0,1,0,0,0,0,0,129.0001,35.1503,부산사상구,0,0,0,0,0,120,1,1
25916,2012-09-26,0,2,1,1,0,0,0,전북,군산시,0,1,0,0,0,0,0,126.8096,35.9473,전북군산시,0,0,0,0,0,166,1,1
25921,2012-10-08,1,0,1,1,0,0,0,서울,종로구,0,0,0,0,0,0,0,126.999,37.5924,서울종로구,0,0,0,0,0,116,1,1
25922,2012-10-12,0,4,1,1,0,0,0,경북,구미시,0,1,0,0,0,2,0,128.344,36.1253,경북구미시,0,2,0,0,0,144,1,1
25930,2012-10-18,0,3,1,1,0,0,0,충북,영동군,0,1,0,2,4,0,0,127.7212,36.228,충북영동군,0,0,0,0,0,75,1,1
25933,2012-06-21,0,3,1,1,0,0,0,서울,구로구,0,0,0,0,3,0,0,126.8472,37.4976,서울구로구,0,0,0,0,0,79,1,1
25934,2012-06-26,0,1,1,1,0,0,0,광주,북구,0,0,0,0,0,0,0,126.907,35.1575,광주북구,0,0,0,0,0,137,1,1
25935,2012-06-25,0,0,1,1,0,0,0,대전,중구,0,0,1,1,2,0,0,127.3993,36.3134,대전중구,0,0,0,0,0,39,1,0
25936,2012-06-25,0,0,1,1,0,0,0,경남,양산시,0,0,0,0,0,1,0,129.1099,35.3065,경남양산시,0,1,0,0,0,49,1,1
25937,2012-06-25,0,0,1,1,0,0,0,경북,구미시,0,1,0,0,0,0,0,128.368,36.0868,경북구미시,0,0,0,0,0,144,1,1
25939,2012-07-05,0,3,1,1,0,0,0,충북,충주시,0,0,0,0,0,0,0,127.936,36.9693,충북충주시,0,0,0,0,0,6,1,1
25940,2012-07-05,0,3,1,1,0,0,0,경기,의정부시,0,1,0,1,1,0,0,127.0482,37.7258,경기의정부시,0,0,0,0,0,64,1,1
25941,2012-07-08,1,6,1,2,0,1,0,경기,고양시,0,4,4,1,2,1,0,126.8496,37.6836,경기고양시,0,1,0,1,0,40,0,0
25943,2012-07-07,0,5,1,1,0,0,0,광주,서구,0,0,0,0,0,0,0,126.8358,35.1545,광주서구,0,0,0,1,0,222,1,1
25944,2012-07-12,0,3,1,1,0,0,0,경북,문경시,0,1,0,0,0,0,0,128.1995,36.6008,경북문경시,0,0,0,0,0,74,1,1
25946,2012-07-18,1,2,1,1,0,0,0,충남,아산시,0,0,0,1,2,1,0,126.9304,36.7939,충남아산시,0,1,0,0,0,53,1,1
25960,2012-07-01,0,6,1,1,0,0,0,경북,포항시,0,0,0,1,2,0,0,129.3473,36.0179,경북포항시,0,0,0,1,0,160,1,1
25961,2012-11-26,0,0,1,1,0,0,0,전북,정읍시,0,1,0,0,0,0,0,126.9307,35.6604,전북정읍시,0,0,0,0,0,12,1,1
25962,2012-11-21,0,2,1,1,0,0,0,경기,광명시,0,1,0,0,0,7,0,126.8742,37.4782,경기광명시,0,7,0,0,0,81,1,1
25967,2012-09-26,1,2,1,1,0,0,0,경기,용인시,0,0,0,0,3,0,0,127.1484,37.2756,경기용인시,0,0,0,0,0,51,1,1
25970,2012-10-26,0,4,1,1,0,0,0,울산,남구,0,0,0,0,3,0,0,129.3109,35.5258,울산남구,0,0,0,0,0,213,1,1
25973,2012-10-08,0,6,1,1,0,0,0,인천,서구,0,0,0,1,2,0,0,126.6684,37.6079,인천서구,0,0,0,0,0,97,1,1
25974,2012-10-10,1,2,1,1,0,0,0,전남,목포시,0,0,0,0,0,0,0,126.4239,34.8023,전남목포시,0,0,0,0,0,153,1,1
25979,2012-10-19,0,4,1,1,0,0,0,전남,순천시,0,1,0,0,0,0,0,127.4457,34.9214,전남순천시,0,0,0,0,0,27,1,1
25980,2012-10-16,0,1,1,1,0,0,0,경남,고성군,0,0,0,1,1,0,0,128.4043,34.9971,경남고성군,0,0,0,0,0,87,1,1