index,발생년월일,주야,요일,사망자수,사상자수,중상자수,경상자수,부상신고자수,발생지시도,발생지시군구,사고유형_대분류,사고유형_중분류,법규위반,도로형태_대분류,도로형태,당사자종별_1당_대분류,당사자종별_2당_대분류,경도,위도,발생지,사고피해정도,사고차량타입,도시여부,주말/공휴일,인구수,발생지번호,보행자의위치,무단횡단여부
25986,2012-10-13,0,5,1,1,0,0,0,강원,양양군,0,0,0,0,0,0,0,128.6094,38.1565,강원양양군,0,0,0,1,0,164,1,1
25988,2012-10-01,1,0,1,1,0,0,0,전북,익산시,0,0,0,0,0,0,0,126.9694,35.9371,전북익산시,0,0,0,1,0,125,1,1
25989,2012-09-27,0,3,1,1,0,0,0,충남,공주시,0,0,0,0,0,0,0,126.9716,36.6127,충남공주시,0,0,0,0,0,19,1,1
25990,2012-09-27,0,3,1,1,0,0,0,경기,수원시,0,2,0,0,0,1,0,127.0025,37.2641,경기수원시,0,1,0,0,0,99,1,1
25993,2012-09-28,1,4,1,1,0,0,0,경북,의성군,0,1,0,0,0,0,0,128.6835,36.2565,경북의성군,0,0,0,0,0,105,1,1
25995,2012-09-27,0,3,1,1,0,0,0,경북,구미시,0,0,1,0,3,0,0,128.4685,36.1348,경북구미시,0,0,0,0,0,144,1,0
26000,2012-11-23,0,4,1,1,0,0,0,광주,남구,0,0,0,0,0,2,0,126.8987,35.1204,광주남구,0,2,0,0,0,190,1,1
26002,2012-11-10,0,5,1,1,0,0,0,서울,영등포구,0,0,0,0,3,2,0,126.9053,37.5241,서울영등포구,0,2,0,1,0,150,1,1
26006,2013-08-08,1,3,1,1,0,0,0,부산,해운대구,0,0,1,0,3,1,0,129.1186,35.2054,부산해운대구,0,1,0,0,0,1,1,0
26008,2013-08-08,1,3,1,1,0,0,0,울산,중구,0,0,0,0,0,0,0,129.3375,35.5561,울산중구,0,0,0,0,0,205,1,1
26010,2013-08-13,0,1,1,1,0,0,0,대구,달성군,0,1,0,0,0,0,0,128.4609,35.7899,대구달성군,0,0,0,0,0,30,1,1
26012,2013-08-16,0,4,1,1,0,0,0,대구,달성군,0,3,0,0,0,0,0,128.444,35.6703,대구달성군,0,0,0,0,0,30,0,0
26016,2013-08-17,1,5,1,2,1,0,0,경남,창녕군,0,1,0,1,2,1,0,128.4937,35.5428,경남창녕군,0,1,0,1,0,211,1,1
26018,2013-08-25,0,6,1,1,0,0,0,대구,북구,0,1,0,0,0,0,0,128.5762,35.8917,대구북구,0,0,0,1,0,112,1,1
26022,2013-07-11,0,3,1,1,0,0,0,전남,고흥군,0,1,0,0,0,0,0,127.1364,34.5342,전남고흥군,0,0,0,0,0,191,1,1
26026,2013-07-22,0,0,1,1,0,0,0,강원,강릉시,0,0,1,0,3,2,0,128.9,37.7555,강원강릉시,0,2,0,0,0,194,1,0
26028,2013-07-25,1,3,1,1,0,0,0,경기,남양주시,0,1,0,0,0,1,0,127.1792,37.7157,경기남양주시,0,1,0,0,0,70,1,1
26032,2013-08-05,0,0,1,1,0,0,0,대구,달서구,0,0,0,0,0,0,0,128.553,35.8371,대구달서구,0,0,0,0,0,20,1,1
26037,2013-09-24,1,1,1,1,0,0,0,경남,김해시,0,1,0,0,0,0,0,128.9066,35.2559,경남김해시,0,0,0,0,0,13,1,1
26038,2013-09-23,1,0,1,1,0,0,0,서울,종로구,0,1,0,0,0,0,0,127.019,37.5734,서울종로구,0,0,0,0,0,116,1,1
26040,2013-10-01,0,1,1,1,0,0,0,전남,여수시,0,1,0,1,2,1,0,127.6792,34.7642,전남여수시,0,1,0,0,0,102,1,1
26043,2013-10-16,0,2,1,1,0,0,0,경기,안산시,0,0,0,0,0,1,0,126.8672,37.3097,경기안산시,0,1,0,0,0,2,1,1
26047,2013-10-14,1,0,1,1,0,0,0,충북,청주시,0,4,4,0,0,1,0,127.4416,36.6361,충북청주시,0,1,0,0,0,83,0,0
26048,2012-11-29,0,3,1,1,0,0,0,부산,강서구,0,0,0,0,0,0,0,128.8621,35.0902,부산강서구,0,0,0,0,0,206,1,1
26049,2012-11-24,0,5,1,1,0,0,0,서울,구로구,0,0,0,0,0,1,0,126.8713,37.4965,서울구로구,0,1,0,1,0,79,1,1
26051,2012-11-24,0,5,1,1,0,0,0,서울,성북구,0,0,0,0,3,0,0,127.0518,37.6152,서울성북구,0,0,0,1,0,167,1,1
26053,2012-11-12,1,0,1,1,0,0,0,충남,공주시,0,0,0,1,1,2,0,127.0061,36.3075,충남공주시,0,2,0,0,0,19,1,1
26056,2012-09-25,1,1,1,1,0,0,0,전북,진안군,0,1,4,0,0,1,0,127.3216,35.6733,전북진안군,0,1,0,0,0,192,1,1
26059,2012-10-24,1,2,1,1,0,0,0,전남,영암군,0,1,0,0,0,3,0,126.3927,34.7662,전남영암군,0,3,0,0,0,16,1,1
26060,2012-10-24,1,2,1,1,0,0,0,인천,남구,0,1,0,0,0,3,0,126.6644,37.4654,인천남동구,0,3,0,0,0,29,1,1
26063,2012-10-11,0,3,1,1,0,0,0,경기,화성시,0,1,0,0,0,0,0,126.8796,37.2056,경기화성시,0,0,0,0,0,50,1,1
26064,2012-10-12,0,4,1,1,0,0,0,전남,곡성군,0,3,0,1,2,1,0,127.3133,35.2734,전남곡성군,0,1,0,0,0,147,0,0
26066,2012-10-13,0,5,1,1,0,0,0,전북,군산시,0,0,0,1,1,0,0,126.6857,35.969,전북군산시,0,0,0,1,0,166,1,1
26067,2012-10-10,1,2,1,2,1,0,0,경남,합천군,0,0,0,0,0,4,0,128.1615,35.5581,경남합천군,0,4,0,0,0,133,1,1
26072,2012-10-18,1,3,1,1,0,0,0,인천,남구,0,1,3,1,2,2,0,126.6416,37.4598,인천남동구,0,2,0,0,0,29,1,1
26073,2012-08-09,1,3,1,1,0,0,0,서울,강북구,0,0,5,0,0,4,0,127.0384,37.6303,서울강북구,0,4,0,0,0,200,1,1
26075,2012-08-16,0,3,1,1,0,0,0,대구,수성구,0,0,0,0,0,0,0,128.6211,35.8402,대구수성구,0,0,0,0,0,37,1,1
26077,2012-08-21,0,1,1,1,0,0,0,서울,영등포구,0,1,0,0,0,1,0,126.8914,37.5336,서울영등포구,0,1,0,0,0,150,1,1
26084,2012-08-28,0,1,1,1,0,0,0,서울,동작구,0,1,0,0,3,0,0,126.9497,37.5008,서울동작구,0,0,0,0,0,93,1,1
26088,2012-09-01,1,5,1,1,0,0,0,전북,군산시,0,0,1,1,1,1,0,126.719,35.98,전북군산시,0,1,0,1,0,166,1,0
26089,2012-08-30,0,3,1,1,0,0,0,부산,사하구,0,1,0,2,4,0,0,128.9775,35.0615,부산사하구,0,0,0,0,0,25,1,1
26090,2012-07-01,0,6,1,1,0,0,0,전북,전주시,0,0,0,0,0,0,0,127.1323,35.7952,전북전주시,0,0,0,1,0,11,1,1
26091,2012-06-29,1,4,1,1,0,0,0,충북,충주시,0,1,0,0,3,0,0,127.9461,36.977,충북충주시,0,0,0,0,0,6,1,1
26092,2012-06-28,1,3,1,1,0,0,0,서울,노원구,0,0,0,0,0,3,0,127.0801,37.669,서울노원구,0,3,0,0,0,18,1,1
26102,2012-07-14,0,5,1,1,0,0,0,경기,남양주시,0,1,0,0,0,0,0,127.3436,37.6163,경기남양주시,0,0,0,1,0,70,1,1
26103,2013-11-09,1,5,1,2,0,1,0,광주,북구,0,0,0,0,3,2,0,126.9061,35.1682,광주북구,0,2,0,1,0,137,1,1
26105,2012-09-27,0,3,1,1,0,0,0,충북,청원군,0,1,0,0,0,0,0,127.442,36.5627,충북청주시,0,0,0,0,0,83,1,1
26107,2012-01-04,1,2,1,1,0,0,0,전남,장성군,0,1,0,1,1,1,0,126.7309,35.2668,전남장성군,0,1,0,0,0,146,1,1
26109,2012-10-11,0,3,1,1,0,0,0,전남,여수시,0,0,0,1,2,0,0,127.7113,34.7261,전남여수시,0,0,0,0,0,102,1,1
26110,2012-10-19,1,4,1,1,0,0,0,충남,서산시,0,0,3,1,2,0,0,126.4425,36.9017,충남서산시,0,0,0,0,0,69,1,1
26111,2012-08-01,0,2,1,1,0,0,0,경기,용인시,0,0,0,2,0,0,0,127.2116,37.2332,경기용인시,0,0,0,0,0,51,1,1
26114,2013-11-18,1,0,1,1,0,0,0,경기,고양시,0,0,1,1,1,2,0,126.836,37.6154,경기고양시,0,2,0,0,0,40,1,0
26116,2013-12-31,0,1,1,1,0,0,0,충남,천안시,0,0,3,1,1,5,0,127.1555,36.8482,충남천안시,0,5,0,0,0,63,1,1
26118,2013-12-31,0,1,1,1,0,0,0,경기,양주시,0,1,0,0,0,0,0,127.0794,37.7968,경기양주시,0,0,0,0,0,59,1,1
26119,2013-12-23,0,0,1,1,0,0,0,경남,양산시,0,0,1,0,3,2,0,129.0459,35.3589,경남양산시,0,2,0,0,0,49,1,0
26122,2013-10-26,1,5,1,1,0,0,0,경남,창원시(통합),0,0,0,0,0,0,0,128.5553,35.1688,경남창원시(통합),0,0,0,1,0,86,1,1
26125,2013-10-30,1,2,1,1,0,0,0,전북,고창군,0,1,0,1,1,1,0,126.6103,35.3502,전북고창군,0,1,0,0,0,219,1,1
26126,2013-10-28,0,0,1,1,0,0,0,경북,안동시,0,0,0,2,4,1,0,128.7207,36.5613,경북안동시,0,1,0,0,0,66,1,1
26128,2013-11-06,0,2,1,2,1,0,0,경북,경주시,0,1,0,0,0,0,0,129.2267,35.8301,경북경주시,0,0,0,0,0,100,1,1
26130,2013-11-02,0,5,1,1,0,0,0,대구,수성구,0,1,0,2,0,0,0,128.6845,35.86,대구수성구,0,0,0,1,0,37,1,1
26131,2012-08-18,0,5,1,2,1,0,0,경기,연천군,0,0,2,0,0,0,0,127.0646,38.0102,경기연천군,0,0,0,1,0,106,1,1
26132,2012-08-17,0,4,1,1,0,0,0,전북,완주군,0,2,0,0,0,0,0,127.1406,35.9131,전북완주군,0,0,0,0,0,28,1,1
26136,2012-08-22,0,2,1,1,0,0,0,서울,노원구,0,0,0,0,0,1,0,127.0647,37.6336,서울노원구,0,1,0,0,0,18,1,1
26138,2012-08-26,1,6,1,1,0,0,0,강원,원주시,0,1,0,0,0,2,0,128.0786,37.23,강원원주시,0,2,0,1,0,36,1,1
26142,2012-09-03,0,0,1,1,0,0,0,경기,동두천시,0,0,3,1,1,1,0,127.0519,37.8804,경기동두천시,0,1,0,0,0,94,1,1
26145,2012-09-06,0,3,1,1,0,0,0,서울,구로구,0,0,0,0,0,0,0,126.8813,37.49,서울구로구,0,0,0,0,0,79,1,1
26147,2012-09-09,0,6,1,1,0,0,0,경기,용인시,0,0,0,1,1,0,0,127.2235,37.2779,경기용인시,0,0,0,1,0,51,1,1
26151,2012-09-13,0,3,1,1,0,0,0,전남,나주시,0,0,0,1,1,2,0,126.7209,35.0358,전남나주시,0,2,0,0,0,33,1,1
26154,2012-09-11,1,1,1,1,0,0,0,경남,창원시(통합),0,1,3,1,1,1,0,128.8103,35.1041,경남창원시(통합),0,1,0,0,0,86,1,1
26155,2012-09-11,0,1,1,1,0,0,0,충북,충주시,0,0,0,0,0,1,0,127.9467,36.9693,충북충주시,0,1,0,0,0,6,1,1
26157,2012-09-18,0,1,1,1,0,0,0,제주,서귀포시,0,0,0,1,2,0,0,126.5064,33.2531,제주서귀포시,0,0,0,0,0,62,1,1
26158,2012-09-18,0,1,1,1,0,0,0,인천,서구,0,0,3,1,1,0,0,126.6856,37.6138,인천서구,0,0,0,0,0,97,1,1
26159,2012-09-17,1,0,1,1,0,0,0,전남,순천시,0,0,0,0,3,0,0,127.4845,34.9619,전남순천시,0,0,0,0,0,27,1,1
26166,2012-09-20,1,3,1,3,1,1,0,서울,은평구,0,0,0,0,0,2,0,126.9204,37.62,서울은평구,0,2,0,0,0,139,1,1
26169,2012-08-08,1,2,1,1,0,0,0,대전,유성구,0,1,0,0,0,1,0,127.3332,36.3502,대전유성구,0,1,0,0,0,148,1,1
26172,2012-08-10,0,4,1,1,0,0,0,대구,달서구,0,1,0,1,1,1,0,128.5505,35.81,대구달서구,0,1,0,0,0,20,1,1
26173,2013-11-15,0,4,1,1,0,0,0,경북,포항시,0,0,0,0,0,0,0,129.3488,35.9909,경북포항시,0,0,0,0,0,160,1,1
26182,2013-10-22,1,1,1,1,0,0,0,광주,광산구,0,0,3,1,1,2,0,126.7872,35.1255,광주광산구,0,2,0,0,0,135,1,1
26183,2013-10-22,1,1,1,1,0,0,0,대전,동구,0,2,0,0,0,0,0,127.4291,36.349,대전동구,0,0,0,0,0,80,1,1
26185,2013-10-21,0,0,1,1,0,0,0,경기,파주시,0,1,0,0,0,0,0,126.7921,37.768,경기파주시,0,0,0,0,0,175,1,1
26187,2013-10-19,0,5,1,1,0,0,0,광주,광산구,0,0,0,0,0,1,0,126.8006,35.1438,광주광산구,0,1,0,1,0,135,1,1
26189,2013-10-19,0,5,1,1,0,0,0,인천,강화군,0,0,0,0,0,0,0,126.5084,37.7392,인천강화군,0,0,0,1,0,92,1,1
26191,2013-09-01,1,6,1,1,0,0,0,전남,여수시,0,1,0,2,4,0,0,127.6679,34.7576,전남여수시,0,0,0,1,0,102,1,1
26195,2013-09-16,1,0,1,1,0,0,0,서울,영등포구,0,0,0,1,1,3,0,126.9128,37.5053,서울영등포구,0,3,0,0,0,150,1,1
26198,2013-09-28,0,5,1,1,0,0,0,부산,동래구,0,0,2,0,3,0,0,129.089,35.2008,부산동래구,0,0,0,1,0,216,1,1
26204,2012-07-28,0,5,1,1,0,0,0,충남,홍성군,0,1,0,0,0,0,0,126.6483,36.5619,충남홍성군,0,0,0,1,0,38,1,1
26207,2012-06-11,0,0,1,1,0,0,0,전남,여수시,0,1,3,1,1,2,0,127.7451,34.7399,전남여수시,0,2,0,0,0,102,1,1
26210,2012-06-17,0,6,1,1,0,0,0,서울,성동구,0,1,0,1,1,0,0,127.0313,37.5642,서울성동구,0,0,0,1,0,84,1,1
26211,2012-06-16,0,5,2,4,2,0,0,경남,밀양시,0,3,0,0,0,0,0,128.9287,35.492,경남밀양시,1,0,0,1,0,177,0,0
26217,2012-06-27,0,2,1,1,0,0,0,대전,서구,0,0,3,1,1,0,0,127.335,36.308,대전서구,0,0,0,0,0,4,1,1
26218,2012-09-06,1,3,1,1,0,0,0,서울,관악구,0,1,1,1,2,0,0,126.959,37.4779,서울관악구,0,0,0,0,0,188,1,0
26224,2012-09-17,1,0,1,1,0,0,0,경기,남양주시,0,1,0,0,0,0,0,127.2352,37.6478,경기남양주시,0,0,0,0,0,70,1,1
26226,2012-09-21,0,4,1,1,0,0,0,경기,고양시,0,2,0,0,0,2,0,126.8359,37.6278,경기고양시,0,2,0,0,0,40,1,1
26228,2012-09-22,0,5,1,1,0,0,0,대구,수성구,0,0,0,0,0,0,0,128.6166,35.8375,대구수성구,0,0,0,1,0,37,1,1
26229,2012-09-20,0,3,1,1,0,0,0,대구,중구,0,1,0,1,2,2,0,128.5948,35.8753,대구중구,0,2,0,0,0,178,1,1
26231,2012-09-21,0,4,1,1,0,0,0,경기,고양시,0,1,0,0,0,2,0,126.8655,37.6854,경기고양시,0,2,0,0,0,40,1,1
26232,2012-09-20,0,3,1,1,0,0,0,경기,파주시,0,1,0,0,0,6,0,126.7604,37.8911,경기파주시,0,6,0,0,0,175,1,1
26235,2012-09-25,0,1,1,2,1,0,0,서울,은평구,0,0,2,0,3,2,0,126.929,37.6494,서울은평구,0,2,0,0,0,139,1,1
26236,2012-09-25,0,1,1,1,0,0,0,경북,경주시,0,1,0,1,2,1,0,129.2436,36.058,경북경주시,0,1,0,0,0,100,1,1
26242,2014-03-09,0,6,1,1,0,0,0,대전,서구,0,0,0,0,0,0,0,127.3557,36.3522,대전서구,0,0,0,1,0,4,1,1
26244,2014-03-15,0,5,1,1,0,0,0,부산,북구,0,0,1,0,3,0,0,129.0186,35.2627,부산북구,0,0,0,1,0,118,1,0
26245,2014-03-15,0,5,1,2,1,0,0,대구,달성군,0,1,0,0,0,0,0,128.6354,35.7883,대구달성군,0,0,0,1,0,30,1,1
26250,2013-12-23,1,0,1,1,0,0,0,전남,함평군,0,1,0,2,4,1,0,126.4998,35.0869,전남함평군,0,1,0,0,0,157,1,1
26254,2013-12-22,0,6,1,1,0,0,0,경기,안산시,0,2,0,1,2,0,0,126.8523,37.3093,경기안산시,0,0,0,1,0,2,1,1
26256,2013-12-27,1,4,1,1,0,0,0,경북,포항시,0,1,0,0,0,0,0,129.3709,36.0555,경북포항시,0,0,0,0,0,160,1,1
26262,2013-11-09,1,5,1,1,0,0,0,인천,연수구,0,0,0,1,2,2,0,126.6853,37.4143,인천연수구,0,2,0,1,0,35,1,1
26264,2013-11-08,1,4,1,10,2,7,0,대전,서구,0,1,0,0,0,2,0,127.3647,36.3072,대전서구,2,2,0,0,0,4,1,1
26265,2013-11-08,1,4,1,1,0,0,0,전북,군산시,0,2,2,0,0,0,0,126.8685,35.9347,전북군산시,0,0,0,0,0,166,1,1
26266,2013-11-07,0,3,1,1,0,0,0,서울,은평구,0,2,0,0,0,2,0,126.8964,37.5816,서울은평구,0,2,0,0,0,139,1,1
26267,2013-11-08,1,4,1,1,0,0,0,서울,서대문구,0,0,0,0,3,1,0,126.9579,37.5743,서울서대문구,0,1,0,0,0,195,1,1
26269,2013-11-09,1,5,1,2,0,1,0,전남,순천시,0,0,0,1,2,1,0,127.3943,34.8437,전남순천시,0,1,0,1,0,27,1,1
26270,2013-11-14,1,3,1,1,0,0,0,충남,아산시,0,0,0,0,0,0,0,127.0543,36.775,충남아산시,0,0,0,0,0,53,1,1
26271,2013-11-14,0,3,1,1,0,0,0,광주,동구,0,1,3,2,4,0,0,126.9302,35.1286,광주동구,0,0,0,0,0,162,1,1
26273,2013-12-19,1,3,1,1,0,0,0,경기,고양시,0,2,0,0,0,0,0,126.7482,37.6842,경기고양시,0,0,0,0,0,40,1,1
26276,2013-12-12,1,3,1,1,0,0,0,경남,창원시(통합),0,4,1,1,2,1,0,128.5639,35.1916,경남창원시(통합),0,1,0,0,0,86,0,0
26277,2013-12-17,1,1,1,1,0,0,0,충남,논산시,0,0,2,0,3,1,0,127.0546,36.1958,충남논산시,0,1,0,0,0,61,1,1
26278,2013-12-17,1,1,1,1,0,0,0,경기,평택시,0,0,0,1,2,1,0,126.9334,37.0403,경기평택시,0,1,0,0,0,14,1,1
26281,2013-12-08,1,6,1,1,0,0,0,강원,춘천시,0,0,0,1,2,0,0,127.748,37.8827,강원춘천시,0,0,0,1,0,111,1,1
26285,2014-02-25,0,1,1,2,1,0,0,경남,김해시,0,1,1,1,1,0,0,128.9234,35.2278,경남김해시,0,0,0,0,0,13,1,0
26286,2014-02-26,0,2,1,1,0,0,0,부산,연제구,0,0,0,0,0,2,0,129.08,35.1867,부산연제구,0,2,0,0,0,221,1,1
26292,2014-03-05,0,2,1,1,0,0,0,대전,동구,0,4,3,0,3,0,0,127.4328,36.3554,대전동구,0,0,0,0,0,80,0,0
26297,2014-03-04,0,1,1,3,2,0,0,경기,시흥시,0,0,0,0,0,0,0,126.7847,37.3457,경기시흥시,1,0,0,0,0,73,1,1
26298,2014-03-14,0,4,1,1,0,0,0,대구,달성군,0,0,0,1,1,1,0,128.4886,35.8076,대구달성군,0,1,0,0,0,30,1,1
26299,2014-03-16,0,6,1,1,0,0,0,경기,화성시,0,1,0,2,4,1,0,126.8979,37.1056,경기화성시,0,1,0,1,0,50,1,1
26300,2014-03-15,1,5,1,1,0,0,0,전남,순천시,0,0,5,0,0,0,0,127.348,35.0306,전남순천시,0,0,0,1,0,27,1,1
26303,2012-04-18,0,2,1,1,0,0,0,충남,금산군,0,1,1,0,3,0,0,127.468,36.1885,충남금산군,0,0,0,0,0,68,1,0
26304,2012-03-09,0,4,1,1,0,0,0,경기,포천시,0,0,0,1,2,2,0,127.2043,37.895,경기포천시,0,2,0,0,0,171,1,1
26306,2013-11-30,0,5,1,1,0,0,0,서울,동작구,0,1,0,0,0,0,0,126.948,37.503,서울동작구,0,0,0,1,0,93,1,1
26310,2013-11-30,1,5,1,1,0,0,0,전남,순천시,0,0,0,0,0,0,0,127.4877,34.9633,전남순천시,0,0,0,1,0,27,1,1
26311,2013-11-27,0,2,1,1,0,0,0,경기,과천시,0,0,0,1,2,0,0,126.9881,37.4189,경기과천시,0,0,0,0,0,227,1,1
26312,2013-11-27,0,2,1,1,0,0,0,경기,시흥시,0,0,0,0,0,1,0,126.8367,37.4234,경기시흥시,0,1,0,0,0,73,1,1
26313,2013-10-30,0,2,1,1,0,0,0,부산,연제구,0,0,3,0,3,0,0,129.0706,35.1901,부산연제구,0,0,0,0,0,221,1,1
26314,2013-10-31,0,3,1,1,0,0,0,인천,남구,0,0,0,0,0,6,0,126.6833,37.4511,인천남동구,0,6,0,0,0,29,1,1
26317,2013-11-03,1,6,1,1,0,0,0,서울,서초구,0,1,0,1,1,2,0,126.9921,37.49,서울서초구,0,2,0,1,0,214,1,1
26318,2013-11-09,0,5,1,1,0,0,0,충북,청주시,0,1,0,0,0,0,0,127.4671,36.6352,충북청주시,0,0,0,1,0,83,1,1
26319,2013-11-06,0,2,1,1,0,0,0,서울,서초구,0,1,1,0,3,0,0,126.9936,37.4801,서울서초구,0,0,0,0,0,214,1,0
26321,2013-11-13,1,2,1,1,0,0,0,전북,익산시,0,1,0,1,2,1,0,126.9444,36.0034,전북익산시,0,1,0,0,0,125,1,1
26322,2013-11-13,1,2,1,1,0,0,0,전남,보성군,0,2,0,0,0,1,0,127.0879,34.6721,전남보성군,0,1,0,0,0,122,1,1
26326,2013-11-21,1,3,1,1,0,0,0,울산,중구,0,1,0,0,0,0,0,129.3341,35.5662,울산중구,0,0,0,0,0,205,1,1
26328,2013-11-20,1,2,1,1,0,0,0,세종,세종,0,0,3,1,1,1,0,127.2795,36.5556,세종세종,0,1,1,0,0,229,1,1
26330,2012-02-27,1,0,1,1,0,0,0,대전,동구,0,1,0,1,1,2,0,127.4399,36.3311,대전동구,0,2,0,0,0,80,1,1
26334,2013-11-28,1,3,1,1,0,0,0,대구,수성구,0,1,0,0,0,1,0,128.6364,35.823,대구수성구,0,1,0,0,0,37,1,1
26335,2013-11-28,0,3,2,4,1,1,0,전남,보성군,0,1,2,0,0,0,0,127.0906,34.7478,전남보성군,1,0,0,0,0,122,1,1
26336,2013-11-26,1,1,1,1,0,0,0,대구,달서구,0,1,0,0,0,3,0,128.5157,35.8505,대구달서구,0,3,0,0,0,20,1,1
26343,2013-11-25,1,0,1,1,0,0,0,전북,익산시,0,4,1,0,3,0,0,126.9514,35.9506,전북익산시,0,0,0,0,0,125,0,0
26344,2013-11-25,1,0,1,2,1,0,0,경기,성남시,0,0,0,0,0,2,0,127.1349,37.4419,경기성남시,0,2,0,0,0,95,1,1
26350,2013-12-10,1,1,1,1,0,0,0,서울,서초구,0,0,1,1,1,2,0,126.9868,37.4914,서울서초구,0,2,0,0,0,214,1,0
26352,2013-12-15,0,6,1,1,0,0,0,충남,당진시,0,0,0,0,3,1,0,126.6831,36.8729,충남당진시,0,1,0,1,0,46,1,1
26354,2013-12-13,0,4,1,1,0,0,0,강원,횡성군,0,1,0,0,0,0,0,127.9993,37.486,강원횡성군,0,0,0,0,0,31,1,1
26357,2013-12-18,1,2,1,1,0,0,0,대구,남구,0,4,0,0,3,0,0,128.5593,35.8381,대구남구,0,0,0,0,0,145,0,0
26359,2013-12-18,0,2,1,1,0,0,0,경남,김해시,0,0,0,0,0,1,0,128.7339,35.3064,경남김해시,0,1,0,0,0,13,1,1
26360,2014-02-20,0,3,1,1,0,0,0,인천,남구,0,0,0,0,0,1,0,126.6896,37.4597,인천남동구,0,1,0,0,0,29,1,1
26361,2014-02-17,0,0,1,1,0,0,0,대구,수성구,0,0,0,0,3,5,0,128.6156,35.8146,대구수성구,0,5,0,0,0,37,1,1
26365,2014-02-18,1,1,1,1,0,0,0,경기,파주시,0,0,0,1,2,0,0,126.7811,37.7552,경기파주시,0,0,0,0,0,175,1,1
26368,2014-03-02,0,6,1,1,0,0,0,경기,평택시,0,3,0,0,0,5,0,126.8993,36.9331,경기평택시,0,5,0,1,0,14,0,0
26370,2014-03-02,0,6,1,1,0,0,0,울산,남구,0,0,0,0,3,0,0,129.3106,35.5331,울산남구,0,0,0,1,0,213,1,1
26372,2014-03-02,0,6,1,1,0,0,0,강원,홍천군,0,3,0,0,0,0,0,128.1657,37.7255,강원홍천군,0,0,0,1,0,82,0,0
26374,2014-03-02,1,6,1,1,0,0,0,충남,태안군,0,0,0,1,2,0,0,126.3451,36.5206,충남태안군,0,0,0,1,0,169,1,1
26375,2014-03-01,0,5,1,1,0,0,0,전남,광양시,0,0,0,0,3,0,0,127.5818,34.9729,전남광양시,0,0,0,1,0,130,1,1
26377,2012-10-29,0,0,1,1,0,0,0,강원,철원군,0,1,0,0,0,1,0,127.4432,38.2428,강원철원군,0,1,0,0,0,184,1,1
26378,2013-12-23,1,0,1,1,0,0,0,전남,무안군,0,0,0,1,1,3,0,126.2687,35.0589,전남무안군,0,3,0,0,0,101,1,1
26380,2013-12-23,1,0,1,1,0,0,0,충남,논산시,0,0,0,1,1,4,0,127.0909,36.194,충남논산시,0,4,0,0,0,61,1,1
26382,2013-12-23,0,0,1,1,0,0,0,서울,도봉구,0,1,0,0,0,0,0,127.0365,37.6559,서울도봉구,0,0,0,0,0,98,1,1
26383,2014-03-14,0,4,1,1,0,0,0,경북,경주시,0,1,0,0,0,1,0,129.4993,35.8082,경북경주시,0,1,0,0,0,100,1,1
26384,2014-03-16,0,6,1,1,0,0,0,경기,수원시,0,1,0,0,0,0,0,126.9851,37.2479,경기수원시,0,0,0,1,0,99,1,1
26386,2014-03-14,1,4,1,1,0,0,0,부산,영도구,0,0,0,0,0,1,0,129.0424,35.0886,부산영도구,0,1,0,0,0,173,1,1
26392,2013-12-09,0,0,1,1,0,0,0,경남,밀양시,0,1,0,0,0,0,0,128.7614,35.542,경남밀양시,0,0,0,0,0,177,1,1
26393,2013-12-13,1,4,1,1,0,0,0,경기,평택시,0,1,0,0,0,1,0,127.0622,36.9656,경기평택시,0,1,0,0,0,14,1,1
26400,2014-02-28,0,4,1,1,0,0,0,대전,유성구,0,0,0,0,0,0,0,127.3342,36.3656,대전유성구,0,0,0,0,0,148,1,1
26405,2014-03-04,1,1,1,1,0,0,0,경기,시흥시,0,0,0,1,1,0,0,126.7771,37.4429,경기시흥시,0,0,0,0,0,73,1,1
26407,2014-03-02,1,6,1,3,0,2,0,울산,중구,0,2,2,0,0,0,0,129.3387,35.5612,울산중구,0,0,0,1,0,205,1,1
26410,2014-03-12,1,2,1,1,0,0,0,광주,북구,0,0,3,1,1,0,0,126.8801,35.1872,광주북구,0,0,0,0,0,137,1,1
26412,2014-03-05,1,2,1,1,0,0,0,경기,동두천시,0,0,0,0,0,0,0,127.0222,37.91,경기동두천시,0,0,0,0,0,94,1,1
26413,2014-03-04,0,1,1,1,0,0,0,경남,거창군,0,0,0,0,0,0,0,127.9198,35.6899,경남거창군,0,0,0,0,0,154,1,1
26414,2014-03-06,0,3,1,1,0,0,0,강원,고성군,0,1,0,0,0,0,0,128.5484,38.2758,강원고성군,0,0,0,0,0,217,1,1
26417,2014-03-11,0,1,1,1,0,0,0,전북,전주시,0,2,0,0,0,1,0,127.1212,35.8594,전북전주시,0,1,0,0,0,11,1,1
26418,2014-03-24,0,0,1,1,0,0,0,인천,중구,0,3,0,0,0,1,0,126.4085,37.439,인천중구,0,1,0,0,0,72,0,0
26423,2012-11-28,1,2,1,1,0,0,0,경남,밀양시,0,1,0,1,2,0,0,128.7864,35.4657,경남밀양시,0,0,0,0,0,177,1,1