index,발생년월일,주야,요일,사망자수,사상자수,중상자수,경상자수,부상신고자수,발생지시도,발생지시군구,사고유형_대분류,사고유형_중분류,법규위반,도로형태_대분류,도로형태,당사자종별_1당_대분류,당사자종별_2당_대분류,경도,위도,발생지,사고피해정도,사고차량타입,도시여부,주말/공휴일,인구수,발생지번호,보행자의위치,무단횡단여부
26425,2012-11-24,1,5,1,1,0,0,0,울산,북구,0,0,0,1,1,1,0,129.3489,35.6307,울산북구,0,1,0,1,0,158,1,1
26426,2012-11-25,0,6,1,2,1,0,0,경남,창원시(통합),0,0,0,0,0,2,0,128.5815,35.2371,경남창원시(통합),0,2,0,1,0,86,1,1
26427,2012-11-26,0,0,1,1,0,0,0,대구,서구,0,1,0,0,0,1,0,128.5711,35.8655,대구서구,0,1,0,0,0,107,1,1
26428,2012-11-12,0,0,1,2,0,1,0,부산,사상구,0,0,0,0,0,0,0,128.9761,35.1379,부산사상구,0,0,0,0,0,120,1,1
26429,2012-11-12,1,0,1,1,0,0,0,울산,북구,0,0,0,0,0,1,0,129.3845,35.545,울산북구,0,1,0,0,0,158,1,1
26431,2013-12-22,0,6,1,1,0,0,0,경기,고양시,0,0,1,1,2,1,0,126.7813,37.6482,경기고양시,0,1,0,1,0,40,1,0
26433,2013-12-26,0,3,1,1,0,0,0,경기,화성시,0,0,0,0,0,1,0,126.9381,37.0797,경기화성시,0,1,0,0,0,50,1,1
26434,2013-12-30,0,0,1,1,0,0,0,경남,진주시,0,1,0,0,0,2,0,128.0329,35.2177,경남진주시,0,2,0,0,0,42,1,1
26436,2013-12-16,1,0,1,1,0,0,0,부산,해운대구,0,1,3,1,2,5,0,129.1298,35.22,부산해운대구,0,5,0,0,0,1,1,1
26440,2013-12-15,0,6,1,1,0,0,0,경기,수원시,0,1,0,0,0,2,0,127.002,37.267,경기수원시,0,2,0,1,0,99,1,1
26442,2012-10-02,0,1,1,1,0,0,0,경기,안양시,0,0,0,0,0,0,0,126.9143,37.4025,경기안양시,0,0,0,0,0,151,1,1
26443,2012-09-28,0,4,1,1,0,0,0,경북,경산시,0,0,0,1,1,0,0,128.8572,35.7482,경북경산시,0,0,0,0,0,52,1,1
26444,2012-10-03,1,2,1,1,0,0,0,전북,임실군,0,1,0,0,0,0,0,127.1543,35.665,전북임실군,0,0,0,1,0,152,1,1
26445,2012-09-30,0,6,1,1,0,0,0,충남,서천군,0,1,0,0,0,0,0,126.7059,36.0073,충남서천군,0,0,0,1,0,10,1,1
26447,2012-11-23,1,4,1,1,0,0,0,경북,경주시,0,1,0,0,0,9,0,129.2963,35.9967,경북경주시,0,9,0,0,0,100,1,1
26449,2012-11-28,1,2,1,1,0,0,0,전남,여수시,0,1,0,1,1,1,0,127.6934,34.7687,전남여수시,0,1,0,0,0,102,1,1
26451,2012-11-28,1,2,1,1,0,0,0,전남,화순군,0,0,0,0,0,2,0,126.9745,35.0697,전남화순군,0,2,0,0,0,88,1,1
26452,2012-11-10,0,5,1,1,0,0,0,전남,목포시,0,1,0,1,2,0,0,126.4026,34.8074,전남목포시,0,0,0,1,0,153,1,1
26453,2012-11-11,0,6,1,1,0,0,0,전남,목포시,0,0,0,0,0,0,0,126.3908,34.7987,전남목포시,0,0,0,1,0,153,1,1
26454,2012-11-12,1,0,1,1,0,0,0,부산,남구,0,1,0,0,0,0,0,129.1119,35.119,부산남구,0,0,0,0,0,180,1,1
26455,2012-11-10,0,5,1,1,0,0,0,경기,용인시,0,0,2,1,1,0,0,127.1911,37.2794,경기용인시,0,0,0,1,0,51,1,1
26459,2012-10-27,0,5,1,1,0,0,0,인천,남동구,0,1,0,1,2,0,0,126.7012,37.4502,인천남동구,0,0,0,1,0,29,1,1
26462,2012-10-28,0,6,1,1,0,0,0,전남,나주시,0,1,0,0,0,0,0,126.8041,35.0438,전남나주시,0,0,0,1,0,33,1,1
26464,2012-10-07,0,6,1,1,0,0,0,경기,고양시,0,0,0,0,0,0,0,126.747,37.6764,경기고양시,0,0,0,1,0,40,1,1
26469,2012-10-11,0,3,1,1,0,0,0,충북,단양군,0,0,0,0,0,0,0,128.3442,36.9823,충북단양군,0,0,0,0,0,204,1,1
26470,2012-10-09,1,1,1,1,0,0,0,전남,해남군,0,1,0,0,0,1,0,126.3091,34.5962,전남해남군,0,1,0,0,0,119,1,1
26475,2013-11-22,1,4,1,1,0,0,0,울산,울주군,0,0,0,1,1,0,0,129.2485,35.5623,울산울주군,0,0,0,0,0,17,1,1
26478,2013-11-22,1,4,1,1,0,0,0,전북,전주시,0,0,0,0,0,0,0,127.1213,35.8606,전북전주시,0,0,0,0,0,11,1,1
26481,2013-10-24,0,3,1,1,0,0,0,경기,수원시,0,0,3,1,1,5,0,127.053,37.2458,경기수원시,0,5,0,0,0,99,1,1
26482,2013-10-24,0,3,1,1,0,0,0,경남,통영시,0,3,0,0,0,0,0,128.4432,34.8671,경남통영시,0,0,0,0,0,212,0,0
26484,2013-10-31,1,3,1,1,0,0,0,경남,통영시,0,0,3,1,2,2,0,128.4182,34.8801,경남통영시,0,2,0,0,0,212,1,1
26486,2013-11-02,1,5,1,1,0,0,0,경남,고성군,0,0,0,0,0,0,0,128.1236,34.9283,경남고성군,0,0,0,1,0,87,1,1
26487,2013-11-02,0,5,1,1,0,0,0,충북,충주시,0,1,0,0,0,0,0,127.9107,36.9769,충북충주시,0,0,0,1,0,6,1,1
26488,2013-11-02,0,5,1,1,0,0,0,경기,용인시,0,1,0,0,0,0,0,127.2357,37.3049,경기용인시,0,0,0,1,0,51,1,1
26491,2013-11-11,0,0,1,1,0,0,0,강원,인제군,0,2,0,0,0,0,0,128.2915,37.9171,강원인제군,0,0,0,0,0,124,1,1
26492,2013-11-07,1,3,1,1,0,0,0,제주,제주시,0,0,1,0,3,0,0,126.4078,33.4844,제주제주시,0,0,0,0,0,90,1,0
26494,2013-11-14,0,3,1,1,0,0,0,서울,중구,0,0,0,0,0,0,0,126.9725,37.5553,서울중구,0,0,0,0,0,8,1,1
26495,2013-11-14,0,3,1,1,0,0,0,부산,금정구,0,0,0,0,0,4,0,129.0867,35.2329,부산금정구,0,4,0,0,0,96,1,1
26497,2013-11-21,1,3,1,1,0,0,0,서울,노원구,0,2,0,1,1,0,0,127.0634,37.6408,서울노원구,0,0,0,0,0,18,1,1
26498,2013-11-20,0,2,1,1,0,0,0,경남,고성군,0,3,0,0,0,1,0,128.1822,34.9098,경남고성군,0,1,0,0,0,87,0,0
26499,2013-12-06,1,4,1,1,0,0,0,서울,종로구,0,0,3,0,0,0,0,127.002,37.5797,서울종로구,0,0,0,0,0,116,1,1
26500,2013-12-06,0,4,1,1,0,0,0,충남,아산시,0,0,1,0,0,0,0,127.0794,36.8226,충남아산시,0,0,0,0,0,53,1,0
26504,2013-12-31,0,1,1,1,0,0,0,경북,문경시,0,1,0,0,0,0,0,128.1113,36.723,경북문경시,0,0,0,0,0,74,1,1
26505,2013-12-31,0,1,1,1,0,0,0,제주,서귀포시,0,1,0,1,2,0,0,126.8365,33.328,제주서귀포시,0,0,0,0,0,62,1,1
26508,2013-11-25,0,0,1,3,2,0,0,부산,중구,0,0,1,0,0,0,0,129.0252,35.1012,부산중구,1,0,0,0,0,228,1,0
26510,2013-11-26,0,1,1,1,0,0,0,대전,중구,0,0,0,1,2,2,0,127.4027,36.3279,대전중구,0,2,0,0,0,39,1,1
26512,2012-11-13,0,1,1,1,0,0,0,전북,전주시,0,1,0,1,2,4,0,127.1365,35.7969,전북전주시,0,4,0,0,0,11,1,1
26513,2012-11-10,0,5,1,1,0,0,0,충남,당진시,0,0,0,0,0,0,0,126.6323,36.9005,충남당진시,0,0,0,1,0,46,1,1
26515,2012-11-10,0,5,1,1,0,0,0,충북,진천군,0,0,0,0,0,0,0,127.3587,36.8834,충북진천군,0,0,0,1,0,60,1,1
26519,2014-03-20,0,3,1,1,0,0,0,대구,남구,0,2,0,0,0,0,0,128.6027,35.841,대구남구,0,0,0,0,0,145,1,1
26521,2014-03-22,0,5,1,1,0,0,0,울산,남구,0,1,0,1,1,0,0,129.344,35.5399,울산남구,0,0,0,1,0,213,1,1
26526,2013-12-29,0,6,1,1,0,0,0,경기,남양주시,0,0,0,0,3,0,0,127.1628,37.6086,경기남양주시,0,0,0,1,0,70,1,1
26528,2013-12-27,0,4,1,1,0,0,0,서울,영등포구,0,0,1,1,1,2,0,126.9104,37.5107,서울영등포구,0,2,0,0,0,150,1,0
26530,2013-12-21,1,5,1,1,0,0,0,전남,목포시,0,1,0,1,1,1,0,126.3986,34.8078,전남목포시,0,1,0,1,0,153,1,1
26531,2013-12-22,0,6,1,1,0,0,0,충북,청주시,0,2,0,0,0,0,0,127.4384,36.6329,충북청주시,0,0,0,1,0,83,1,1
26532,2013-12-18,1,2,1,1,0,0,0,경남,진주시,0,0,0,1,2,1,0,128.1626,35.1683,경남진주시,0,1,0,0,0,42,1,1
26533,2013-12-07,1,5,1,1,0,0,0,강원,속초시,0,0,0,0,3,1,0,128.5392,38.1927,강원속초시,0,1,0,1,0,104,1,1
26535,2013-12-18,1,2,1,1,0,0,0,대구,동구,0,0,1,0,3,0,0,128.6183,35.8779,대구동구,0,0,0,0,0,26,1,0
26539,2014-03-12,1,2,1,3,2,0,0,대구,달서구,0,0,1,0,3,0,0,128.504,35.8355,대구달서구,1,0,0,0,0,20,1,0
26542,2014-03-13,0,3,1,1,0,0,0,경북,성주군,0,1,0,2,4,0,0,128.3425,35.8439,경북성주군,0,0,0,0,0,168,1,1
26543,2014-03-13,0,3,1,1,0,0,0,경기,여주시,0,0,0,1,2,2,0,127.636,37.2937,경기여주시,0,2,0,0,0,22,1,1
26548,2014-03-09,0,6,1,1,0,0,0,인천,남동구,0,1,0,0,0,2,0,126.7075,37.4491,인천남동구,0,2,0,1,0,29,1,1
26550,2014-03-05,0,2,1,1,0,0,0,전남,화순군,0,0,0,0,0,0,0,126.9924,35.0629,전남화순군,0,0,0,0,0,88,1,1
26553,2012-10-16,0,1,1,1,0,0,0,전북,고창군,0,0,0,1,1,0,0,126.6564,35.3821,전북고창군,0,0,0,0,0,219,1,1
26554,2012-10-21,1,6,1,1,0,0,0,전북,전주시,0,0,0,1,2,2,0,127.1459,35.8211,전북전주시,0,2,0,1,0,11,1,1
26558,2012-09-27,0,3,1,1,0,0,0,전남,장흥군,0,0,0,0,0,0,0,126.914,34.6157,전남장흥군,0,0,0,0,0,56,1,1
26559,2012-09-28,0,4,1,1,0,0,0,충북,충주시,0,0,0,0,0,4,0,127.9292,36.9825,충북충주시,0,4,0,0,0,6,1,1
26563,2012-10-24,1,2,1,1,0,0,0,서울,관악구,0,0,0,0,0,1,0,126.9127,37.4866,서울관악구,0,1,0,0,0,188,1,1
26565,2012-10-28,1,6,1,2,0,1,0,경기,남양주시,0,0,0,0,0,0,0,127.3024,37.6598,경기남양주시,0,0,0,1,0,70,1,1
26570,2012-10-26,0,4,1,1,0,0,0,전북,완주군,0,1,0,0,0,0,0,127.0218,35.8223,전북완주군,0,0,0,0,0,28,1,1
26571,2012-10-22,0,0,1,1,0,0,0,경북,안동시,0,0,0,0,0,0,0,128.7263,36.5669,경북안동시,0,0,0,0,0,66,1,1
26572,2012-10-08,0,0,1,1,0,0,0,광주,북구,0,2,0,0,0,0,0,126.9351,35.1809,광주북구,0,0,0,0,0,137,1,1
26573,2012-10-10,0,2,1,1,0,0,0,경북,포항시,0,1,0,0,0,8,0,129.3707,36.043,경북포항시,0,8,0,0,0,160,1,1
26582,2012-10-15,1,0,1,1,0,0,0,경북,영주시,0,0,0,1,1,1,0,128.6216,36.826,경북영주시,0,1,0,0,0,113,1,1
26583,2012-10-15,1,0,1,1,0,0,0,경남,사천시,0,1,0,0,0,0,0,128.1093,35.0684,경남사천시,0,0,0,0,0,57,1,1
26584,2012-10-14,0,6,1,1,0,0,0,전남,영암군,0,2,0,0,0,1,0,126.3857,34.7437,전남영암군,0,1,0,1,0,16,1,1
26591,2012-10-01,0,0,1,1,0,0,0,경남,창원시(통합),0,0,0,0,0,0,0,128.7093,35.3522,경남창원시(통합),0,0,0,1,0,86,1,1
26592,2012-11-27,1,1,1,1,0,0,0,대전,서구,0,0,0,0,0,0,0,127.3367,36.3014,대전서구,0,0,0,0,0,4,1,1
26593,2012-11-27,0,1,1,1,0,0,0,경기,여주시,0,0,0,0,0,0,0,127.4711,37.422,경기여주시,0,0,0,0,0,22,1,1
26594,2012-07-18,1,2,1,1,0,0,0,서울,강동구,0,4,4,2,4,0,0,127.1547,37.5491,서울강동구,0,0,0,0,0,91,0,0
26595,2012-07-25,0,2,1,1,0,0,0,인천,옹진군,0,1,0,0,0,2,0,126.0954,37.2286,인천옹진군,0,2,0,0,0,186,1,1
26597,2012-07-28,0,5,1,2,0,1,0,경북,경산시,0,0,0,1,1,4,0,128.7229,35.8317,경북경산시,0,4,0,1,0,52,1,1
26606,2013-10-06,0,6,1,1,0,0,0,서울,영등포구,0,4,0,0,0,0,0,126.898,37.4909,서울영등포구,0,0,0,1,0,150,0,0
26609,2013-10-10,0,3,1,1,0,0,0,경남,진주시,0,2,0,0,0,1,0,128.1088,35.2226,경남진주시,0,1,0,0,0,42,1,1
26610,2013-10-09,0,2,1,1,0,0,0,경북,예천군,0,4,1,0,3,0,0,128.4614,36.6481,경북예천군,0,0,0,1,0,55,0,0
26612,2013-08-31,0,5,1,1,0,0,0,충남,당진시,0,0,1,1,2,0,0,126.627,36.8896,충남당진시,0,0,0,1,0,46,1,0
26617,2013-09-10,0,1,1,1,0,0,0,부산,금정구,0,0,0,0,0,4,0,129.0973,35.2169,부산금정구,0,4,0,0,0,96,1,1
26618,2013-09-10,0,1,1,1,0,0,0,부산,금정구,0,1,0,1,1,0,0,129.0898,35.2736,부산금정구,0,0,0,0,0,96,1,1
26623,2013-09-16,0,0,1,1,0,0,0,대구,동구,0,1,0,2,4,1,0,128.6287,35.8775,대구동구,0,1,0,0,0,26,1,1
26624,2013-09-14,0,5,1,1,0,0,0,경기,평택시,0,1,0,0,0,0,0,127.0634,37.1089,경기평택시,0,0,0,1,0,14,1,1
26625,2013-09-13,1,4,1,1,0,0,0,경기,김포시,0,1,0,0,0,1,0,126.5301,37.7213,경기김포시,0,1,0,0,0,47,1,1
26628,2013-09-20,0,4,1,1,0,0,0,강원,원주시,0,1,0,1,2,0,0,127.9517,37.3292,강원원주시,0,0,0,1,0,36,1,1
26630,2013-09-16,1,0,1,1,0,0,0,전남,목포시,0,1,0,2,4,0,0,126.4482,34.806,전남목포시,0,0,0,0,0,153,1,1
26631,2013-09-16,1,0,1,1,0,0,0,전남,순천시,0,3,0,0,0,0,0,127.4786,34.971,전남순천시,0,0,0,0,0,27,0,0
26633,2013-09-17,0,1,1,1,0,0,0,경기,시흥시,0,1,0,0,3,0,0,126.7265,37.3535,경기시흥시,0,0,0,0,0,73,1,1
26634,2013-09-18,1,2,1,1,0,0,0,서울,도봉구,0,0,1,0,3,0,0,127.0413,37.6523,서울도봉구,0,0,0,1,0,98,1,0
26641,2012-06-29,1,4,1,1,0,0,0,전북,전주시,0,0,1,1,1,1,0,127.1122,35.8524,전북전주시,0,1,0,0,0,11,1,0
26642,2012-07-02,0,0,1,1,0,0,0,경남,창원시(통합),0,1,0,0,0,1,0,128.6798,35.1558,경남창원시(통합),0,1,0,0,0,86,1,1
26644,2012-07-02,1,0,1,1,0,0,0,경남,양산시,0,1,0,0,0,3,0,129.0271,35.3356,경남양산시,0,3,0,0,0,49,1,1
26649,2013-04-01,1,0,1,1,0,0,0,대전,유성구,0,0,0,0,0,0,0,127.3443,36.3485,대전유성구,0,0,0,0,0,148,1,1
26651,2013-04-02,0,1,1,1,0,0,0,인천,남동구,0,1,0,1,1,0,0,126.7159,37.4321,인천남동구,0,0,0,0,0,29,1,1
26652,2013-04-02,0,1,1,1,0,0,0,경남,양산시,0,0,0,2,4,0,0,128.9858,35.3072,경남양산시,0,0,0,0,0,49,1,1
26653,2013-04-01,1,0,1,1,0,0,0,광주,남구,0,1,1,2,4,1,0,126.8777,35.1052,광주남구,0,1,0,0,0,190,1,0
26655,2013-02-19,0,1,1,1,0,0,0,대구,북구,0,1,0,0,0,0,0,128.5773,35.8924,대구북구,0,0,0,0,0,112,1,1
26660,2013-03-05,1,1,1,1,0,0,0,경기,성남시,0,0,0,0,3,2,0,127.1677,37.4613,경기성남시,0,2,0,0,0,95,1,1
26663,2013-03-12,1,1,1,1,0,0,0,서울,서대문구,0,2,5,0,0,3,0,126.9186,37.5744,서울서대문구,0,3,0,0,0,195,1,1
26673,2013-03-21,0,3,1,1,0,0,0,부산,강서구,0,1,2,0,0,0,0,128.9105,35.2105,부산강서구,0,0,0,0,0,206,1,1
26675,2013-03-22,0,4,1,1,0,0,0,전남,목포시,0,0,0,0,0,0,0,126.4215,34.8117,전남목포시,0,0,0,0,0,153,1,1
26679,2013-08-13,1,1,1,1,0,0,0,인천,강화군,0,0,0,1,1,3,0,126.4913,37.7416,인천강화군,0,3,0,0,0,92,1,1
26680,2013-08-14,0,2,1,1,0,0,0,경남,김해시,0,1,0,0,0,0,0,128.9089,35.2402,경남김해시,0,0,0,0,0,13,1,1
26681,2013-08-15,1,3,1,1,0,0,0,경기,광주시,0,1,0,0,0,0,0,127.2989,37.4495,경기광주시,0,0,0,1,0,9,1,1
26683,2013-08-10,1,5,1,1,0,0,0,전북,완주군,0,2,0,0,0,0,0,127.2609,35.9899,전북완주군,0,0,0,1,0,28,1,1
26684,2013-08-17,0,5,1,1,0,0,0,경기,양주시,0,1,0,0,0,0,0,126.9681,37.8053,경기양주시,0,0,0,1,0,59,1,1
26685,2013-08-16,1,4,1,1,0,0,0,경북,군위군,0,0,0,1,1,1,0,128.5666,36.236,경북군위군,0,1,0,0,0,170,1,1
26689,2013-08-23,1,4,1,1,0,0,0,경기,고양시,0,1,0,0,0,1,0,126.7393,37.6933,경기고양시,0,1,0,0,0,40,1,1
26691,2013-03-05,1,1,1,1,0,0,0,부산,북구,0,0,0,1,2,2,0,129.0126,35.2287,부산북구,0,2,0,0,0,118,1,1
26692,2013-03-05,1,1,1,1,0,0,0,충북,청주시,0,1,0,0,0,2,0,127.4056,36.6226,충북청주시,0,2,0,0,0,83,1,1
26693,2013-03-03,1,6,1,1,0,0,0,서울,관악구,0,1,0,0,0,0,0,126.9448,37.4917,서울관악구,0,0,0,1,0,188,1,1
26695,2013-03-20,0,2,1,1,0,0,0,전남,고흥군,0,1,0,0,0,2,0,127.4623,34.4603,전남고흥군,0,2,0,0,0,191,1,1
26696,2013-03-20,1,2,1,1,0,0,0,서울,구로구,0,0,0,1,1,3,0,126.8582,37.4934,서울구로구,0,3,0,0,0,79,1,1
26699,2013-03-26,0,1,1,1,0,0,0,서울,송파구,0,0,0,0,0,1,0,127.1232,37.4846,서울송파구,0,1,0,0,0,156,1,1
26702,2013-03-22,0,4,1,1,0,0,0,경기,안산시,0,0,0,0,0,0,0,126.864,37.3011,경기안산시,0,0,0,0,0,2,1,1
26704,2013-03-21,1,3,1,2,1,0,0,경북,의성군,0,2,0,0,0,0,0,128.4375,36.3848,경북의성군,0,0,0,0,0,105,1,1
26708,2013-07-30,1,1,1,1,0,0,0,울산,울주군,0,1,0,1,1,0,0,129.1223,35.5643,울산울주군,0,0,0,0,0,17,1,1
26710,2013-08-05,0,0,1,1,0,0,0,서울,송파구,0,4,0,0,0,0,0,127.1136,37.491,서울송파구,0,0,0,0,0,156,0,0
26712,2013-08-30,0,4,1,1,0,0,0,경북,경산시,0,0,0,0,0,0,0,128.7469,35.8234,경북경산시,0,0,0,0,0,52,1,1
26715,2013-08-28,0,2,1,1,0,0,0,부산,금정구,0,0,0,0,3,0,0,129.0917,35.2335,부산금정구,0,0,0,0,0,96,1,1
26716,2013-08-28,0,2,1,1,0,0,0,서울,금천구,0,0,0,0,3,0,0,126.9044,37.4764,서울금천구,0,0,0,0,0,109,1,1
26717,2013-08-27,0,1,1,1,0,0,0,부산,사하구,0,1,4,1,2,0,0,128.9931,35.1003,부산사하구,0,0,0,0,0,25,1,1
26720,2013-08-13,1,1,1,1,0,0,0,강원,태백시,0,4,1,0,0,1,0,128.9872,37.1692,강원태백시,0,1,0,0,0,215,0,0
26722,2013-08-12,1,0,2,2,0,0,0,충남,예산군,0,3,0,0,0,0,0,126.6787,36.7022,충남예산군,0,0,0,0,0,187,0,0
26732,2013-07-23,1,1,1,1,0,0,0,전북,김제시,0,0,0,1,1,1,0,126.8818,35.805,전북김제시,0,1,0,0,0,34,1,1
26737,2013-09-10,0,1,1,1,0,0,0,인천,부평구,0,0,0,1,2,0,0,126.7306,37.4982,인천부평구,0,0,0,0,0,44,1,1
26741,2013-09-12,0,3,1,1,0,0,0,전남,목포시,0,0,0,1,1,1,0,126.3753,34.8105,전남목포시,0,1,0,0,0,153,1,1
26747,2013-09-18,0,2,1,1,0,0,0,서울,관악구,0,1,0,2,4,0,0,126.9179,37.474,서울관악구,0,0,0,1,0,188,1,1
26748,2013-09-20,0,4,1,1,0,0,0,전남,고흥군,0,3,0,0,0,0,0,127.3225,34.5325,전남고흥군,0,0,0,1,0,191,0,0
26752,2013-09-25,0,2,1,1,0,0,0,인천,남구,0,1,0,1,2,2,0,126.6795,37.448,인천남동구,0,2,0,0,0,29,1,1
26753,2013-09-26,1,3,1,1,0,0,0,경기,광주시,0,0,0,1,1,1,0,127.2561,37.4203,경기광주시,0,1,0,0,0,9,1,1
26756,2013-09-23,0,0,1,1,0,0,0,경기,용인시,0,0,0,0,0,0,0,127.2355,37.3048,경기용인시,0,0,0,0,0,51,1,1
26759,2013-09-24,0,1,1,1,0,0,0,충남,부여군,0,3,0,0,0,0,0,126.8547,36.3086,충남부여군,0,0,0,0,0,129,0,0
26762,2013-09-25,0,2,1,1,0,0,0,충남,태안군,0,0,0,0,0,0,0,126.3218,36.7533,충남태안군,0,0,0,0,0,169,1,1
26766,2013-09-29,0,6,1,1,0,0,0,전북,전주시,0,0,0,1,2,2,0,127.0619,35.8743,전북전주시,0,2,0,1,0,11,1,1
26767,2013-10-01,1,1,1,1,0,0,0,강원,동해시,0,4,4,0,0,0,0,129.1169,37.5182,강원동해시,0,0,0,0,0,210,0,0
26768,2013-09-30,1,0,1,1,0,0,0,경기,안성시,0,0,1,1,2,1,0,127.2668,37.0042,경기안성시,0,1,0,0,0,23,1,0
26769,2013-09-30,0,0,1,1,0,0,0,광주,남구,0,3,0,2,4,0,0,126.846,35.0731,광주남구,0,0,0,0,0,190,0,0
26773,2013-09-29,1,6,1,1,0,0,0,경북,구미시,0,1,0,1,1,0,0,128.3317,36.2079,경북구미시,0,0,0,1,0,144,1,1
26774,2013-10-07,0,0,1,1,0,0,0,대구,수성구,0,0,0,1,1,0,0,128.617,35.8573,대구수성구,0,0,0,0,0,37,1,1
26775,2013-10-07,0,0,1,1,0,0,0,대전,중구,0,0,2,0,0,0,0,127.425,36.3284,대전중구,0,0,0,0,0,39,1,1
26776,2012-09-18,0,1,1,1,0,0,0,서울,서초구,0,1,0,0,0,0,0,126.9885,37.4582,서울서초구,0,0,0,0,0,214,1,1
26782,2012-07-19,1,3,1,1,0,0,0,경북,포항시,0,1,3,1,1,0,0,129.3519,36.0648,경북포항시,0,0,0,0,0,160,1,1
26783,2012-07-28,1,5,1,1,0,0,0,대전,유성구,0,4,3,1,1,1,0,127.3947,36.4385,대전유성구,0,1,0,1,0,148,0,0
26784,2012-07-28,0,5,1,1,0,0,0,경남,사천시,0,0,0,1,1,0,0,128.0852,34.9332,경남사천시,0,0,0,1,0,57,1,1
26785,2012-07-27,0,4,1,1,0,0,0,대전,동구,0,0,3,1,2,0,0,127.438,36.3378,대전동구,0,0,0,0,0,80,1,1
26799,2012-06-30,1,5,1,1,0,0,0,인천,남동구,0,1,0,0,0,3,0,126.7186,37.4617,인천남동구,0,3,0,1,0,29,1,1
26800,2012-07-01,1,6,1,1,0,0,0,전북,완주군,0,2,0,0,0,0,0,127.109,35.6694,전북완주군,0,0,0,1,0,28,1,1
26805,2012-07-04,1,2,1,1,0,0,0,대전,동구,0,2,0,0,0,0,0,127.4158,36.34,대전동구,0,0,0,0,0,80,1,1
26810,2014-09-09,0,1,1,1,0,0,0,대구,북구,0,4,0,0,3,0,0,128.6059,35.8753,대구북구,0,0,0,1,0,112,0,0
26811,2014-02-09,0,6,1,1,0,0,0,경기,안산시,0,0,0,0,0,0,0,126.8694,37.3061,경기안산시,0,0,0,1,0,2,1,1
26814,2014-07-08,1,1,1,1,0,0,0,울산,중구,0,0,0,0,0,1,0,129.346,35.5862,울산중구,0,1,0,0,0,205,1,1
26815,2013-02-28,0,3,1,1,0,0,0,경남,창원시(통합),0,0,0,0,0,0,0,128.6146,35.2619,경남창원시(통합),0,0,0,0,0,86,1,1
26816,2013-03-02,0,5,1,1,0,0,0,경남,거제시,0,0,1,0,3,0,0,128.616,34.9609,경남거제시,0,0,0,1,0,15,1,0
26817,2013-08-23,0,4,1,1,0,0,0,서울,강서구,0,1,0,0,0,0,0,126.8159,37.5734,서울강서구,0,0,0,0,0,43,1,1
26818,2013-08-23,0,4,1,1,0,0,0,전북,전주시,0,2,0,0,3,0,0,127.1346,35.8696,전북전주시,0,0,0,0,0,11,1,1
26819,2013-08-23,1,4,1,1,0,0,0,대구,달성군,0,1,0,0,0,1,0,128.4393,35.8994,대구달성군,0,1,0,0,0,30,1,1
26821,2013-07-09,0,1,1,1,0,0,0,전북,남원시,0,2,0,0,0,0,0,127.3136,35.4071,전북남원시,0,0,0,0,0,193,1,1
26823,2013-07-18,1,3,1,1,0,0,0,강원,태백시,0,0,1,0,3,2,0,128.9679,37.1823,강원태백시,0,2,0,0,0,215,1,0
26824,2013-07-17,1,2,1,1,0,0,0,전남,목포시,0,1,0,0,0,0,0,126.4227,34.8134,전남목포시,0,0,0,0,0,153,1,1
26825,2013-07-17,0,2,1,1,0,0,0,전남,나주시,0,1,0,1,2,1,0,126.8125,35.052,전남나주시,0,1,0,0,0,33,1,1
26831,2013-07-25,1,3,1,1,0,0,0,서울,성북구,0,0,1,0,3,2,0,127.0379,37.6026,서울성북구,0,2,0,0,0,167,1,0
26833,2013-07-19,0,4,1,1,0,0,0,경기,여주시,0,1,0,1,2,0,0,127.6098,37.4095,경기여주시,0,0,0,0,0,22,1,1
26836,2013-08-02,0,4,1,1,0,0,0,경남,산청군,0,0,0,0,0,2,0,127.8965,35.2674,경남산청군,0,2,0,0,0,224,1,1
26841,2013-08-06,0,1,1,1,0,0,0,경기,동두천시,0,0,0,0,3,2,0,127.058,37.8992,경기동두천시,0,2,0,0,0,94,1,1
26845,2013-06-15,0,5,1,1,0,0,0,충남,보령시,0,0,0,0,0,2,0,126.6229,36.2075,충남보령시,0,2,0,1,0,136,1,1
26847,2013-06-16,0,6,1,1,0,0,0,경기,남양주시,0,1,0,0,0,0,0,127.2087,37.6335,경기남양주시,0,0,0,1,0,70,1,1
26859,2013-05-20,0,0,1,1,0,0,0,전남,순천시,0,2,0,1,1,0,0,127.4446,35.0386,전남순천시,0,0,0,0,0,27,1,1
26864,2013-08-05,0,0,1,1,0,0,0,충남,청양군,0,3,0,0,0,0,0,126.8738,36.3793,충남청양군,0,0,0,0,0,174,0,0
26867,2013-08-26,1,0,1,1,0,0,0,강원,철원군,0,4,0,1,1,0,0,127.2197,38.211,강원철원군,0,0,0,0,0,184,0,0
26868,2013-08-27,1,1,1,1,0,0,0,광주,동구,0,0,0,0,3,2,0,126.9167,35.1531,광주동구,0,2,0,0,0,162,1,1