index,발생년월일,주야,요일,사망자수,사상자수,중상자수,경상자수,부상신고자수,발생지시도,발생지시군구,사고유형_대분류,사고유형_중분류,법규위반,도로형태_대분류,도로형태,당사자종별_1당_대분류,당사자종별_2당_대분류,경도,위도,발생지,사고피해정도,사고차량타입,도시여부,주말/공휴일,인구수,발생지번호,보행자의위치,무단횡단여부
26870,2013-08-26,1,0,1,1,0,0,0,충북,옥천군,0,0,0,1,2,0,0,127.5698,36.3024,충북옥천군,0,0,0,0,0,142,1,1
26871,2013-08-27,0,1,1,1,0,0,0,경남,함양군,0,0,0,1,2,0,0,127.7736,35.527,경남함양군,0,0,0,0,0,108,1,1
26873,2013-08-27,1,1,1,1,0,0,0,경남,통영시,0,1,0,0,0,0,0,128.4162,34.9418,경남통영시,0,0,0,0,0,212,1,1
26875,2013-10-19,1,5,1,1,0,0,0,인천,부평구,0,1,0,0,0,1,0,126.727,37.5184,인천부평구,0,1,0,1,0,44,1,1
26876,2013-10-18,0,4,1,2,1,0,0,서울,관악구,0,0,3,0,3,4,0,126.9133,37.487,서울관악구,0,4,0,0,0,188,1,1
26877,2013-10-19,1,5,1,1,0,0,0,서울,영등포구,0,0,0,1,1,2,0,126.8961,37.524,서울영등포구,0,2,0,1,0,150,1,1
26878,2013-10-18,0,4,1,1,0,0,0,서울,동작구,0,0,0,1,1,0,0,126.9602,37.4939,서울동작구,0,0,0,0,0,93,1,1
26881,2013-10-26,0,5,1,1,0,0,0,경기,시흥시,0,0,0,1,1,0,0,126.7419,37.3433,경기시흥시,0,0,0,1,0,73,1,1
26882,2013-10-04,1,4,1,2,1,0,0,충남,천안시,0,0,0,1,1,0,0,127.1122,36.8019,충남천안시,0,0,0,0,0,63,1,1
26883,2013-10-03,1,3,1,1,0,0,0,대구,중구,0,1,0,0,0,0,0,128.5975,35.8598,대구중구,0,0,0,1,0,178,1,1
26886,2013-10-12,1,5,1,1,0,0,0,경남,김해시,0,1,1,1,1,0,0,128.8115,35.1753,경남김해시,0,0,0,1,0,13,1,0
26887,2013-10-12,0,5,1,1,0,0,0,서울,동작구,0,1,0,0,0,0,0,126.9647,37.5081,서울동작구,0,0,0,1,0,93,1,1
26888,2013-10-10,0,3,1,1,0,0,0,경북,경산시,0,1,1,1,1,0,0,128.7645,35.8146,경북경산시,0,0,0,0,0,52,1,0
26889,2013-10-11,0,4,1,1,0,0,0,서울,구로구,0,1,0,1,1,1,0,126.8367,37.4883,서울구로구,0,1,0,0,0,79,1,1
26891,2013-10-11,1,4,1,1,0,0,0,전북,진안군,0,3,0,0,0,1,0,127.4226,35.7891,전북진안군,0,1,0,0,0,192,0,0
26893,2013-10-09,1,2,1,1,0,0,0,경기,동두천시,0,0,1,0,3,3,0,127.0536,37.8929,경기동두천시,0,3,0,1,0,94,1,0
26894,2013-10-08,0,1,1,1,0,0,0,경기,파주시,0,0,0,0,0,1,0,126.7396,37.7239,경기파주시,0,1,0,0,0,175,1,1
26895,2013-10-09,0,2,1,1,0,0,0,충북,충주시,0,0,1,1,1,1,0,127.9257,36.9824,충북충주시,0,1,0,1,0,6,1,0
26896,2013-10-08,0,1,1,1,0,0,0,경기,용인시,0,0,0,1,1,0,0,127.2839,37.2329,경기용인시,0,0,0,0,0,51,1,1
26899,2013-10-09,0,2,1,1,0,0,0,경기,군포시,0,0,0,0,0,0,0,126.9476,37.3621,경기군포시,0,0,0,1,0,126,1,1
26900,2013-09-04,0,2,1,1,0,0,0,서울,강북구,0,0,3,1,1,0,0,127.0281,37.6171,서울강북구,0,0,0,0,0,200,1,1
26902,2013-09-02,1,0,1,1,0,0,0,대전,유성구,0,1,0,1,1,2,0,127.3403,36.3457,대전유성구,0,2,0,0,0,148,1,1
26903,2012-09-18,0,1,1,2,0,1,0,대전,중구,0,0,0,1,2,0,0,127.4315,36.319,대전중구,0,0,0,0,0,39,1,1
26904,2012-09-18,0,1,1,1,0,0,0,전북,전주시,0,0,1,1,1,4,0,127.1339,35.8082,전북전주시,0,4,0,0,0,11,1,0
26905,2012-09-22,0,5,1,1,0,0,0,대구,북구,0,0,0,0,3,0,0,128.6075,35.9013,대구북구,0,0,0,1,0,112,1,1
26907,2012-09-21,0,4,1,1,0,0,0,충남,서산시,0,0,1,0,3,0,0,126.4615,36.7838,충남서산시,0,0,0,0,0,69,1,0
26914,2012-08-07,0,1,1,1,0,0,0,경북,문경시,0,1,0,0,0,2,0,128.207,36.6292,경북문경시,0,2,0,0,0,74,1,1
26926,2012-08-21,0,1,1,1,0,0,0,인천,서구,0,0,1,2,4,0,0,126.6683,37.5177,인천서구,0,0,0,0,0,97,1,0
26927,2012-08-22,1,2,1,2,1,0,0,서울,용산구,0,4,0,1,2,0,0,126.9749,37.5493,서울용산구,0,0,0,0,0,134,0,0
26928,2012-08-29,1,2,1,1,0,0,0,경남,거창군,0,0,0,1,1,0,0,127.9092,35.6802,경남거창군,0,0,0,0,0,154,1,1
26929,2012-08-25,0,5,1,1,0,0,0,경기,시흥시,0,0,0,0,0,0,0,126.7442,37.3421,경기시흥시,0,0,0,1,0,73,1,1
26933,2012-08-29,0,2,1,1,0,0,0,서울,노원구,0,0,1,1,1,0,0,127.0541,37.6707,서울노원구,0,0,0,0,0,18,1,0
26939,2012-09-14,0,4,1,1,0,0,0,경기,안성시,0,2,0,1,2,2,0,127.2993,36.9809,경기안성시,0,2,0,0,0,23,1,1
26940,2012-09-21,0,4,1,1,0,0,0,경기,안양시,0,1,0,1,2,0,0,126.9493,37.4035,경기안양시,0,0,0,0,0,151,1,1
26941,2012-09-21,0,4,1,1,0,0,0,부산,해운대구,0,1,0,0,0,0,0,129.1584,35.2346,부산해운대구,0,0,0,0,0,1,1,1
26942,2012-09-18,1,1,1,1,0,0,0,서울,송파구,0,1,0,0,0,0,0,127.1016,37.5174,서울송파구,0,0,0,0,0,156,1,1
26946,2013-03-07,0,3,1,2,0,1,0,경남,거제시,0,1,0,0,0,4,0,128.6252,34.8901,경남거제시,0,4,0,0,0,15,1,1
26947,2013-03-07,0,3,1,1,0,0,0,경남,창원시(통합),0,4,3,1,2,4,0,128.5897,35.2459,경남창원시(통합),0,4,0,0,0,86,0,0
26949,2013-03-08,0,4,1,2,1,0,0,경남,의령군,0,3,0,0,0,4,0,128.3611,35.4915,경남의령군,0,4,0,0,0,189,0,0
26952,2013-03-05,0,1,1,1,0,0,0,경남,창원시(통합),0,1,0,0,0,0,0,128.4893,35.1153,경남창원시(통합),0,0,0,0,0,86,1,1
26953,2013-03-13,0,2,1,1,0,0,0,울산,북구,0,1,0,1,1,0,0,129.3828,35.5503,울산북구,0,0,0,0,0,158,1,1
26955,2013-03-11,1,0,1,1,0,0,0,대전,중구,0,0,0,0,0,0,0,127.3976,36.3179,대전중구,0,0,0,0,0,39,1,1
26956,2013-03-11,0,0,1,1,0,0,0,경기,용인시,0,0,0,0,0,1,0,127.2409,37.3131,경기용인시,0,1,0,0,0,51,1,1
26958,2013-03-12,1,1,1,1,0,0,0,서울,강서구,0,1,1,1,2,3,0,126.8384,37.5587,서울강서구,0,3,0,0,0,43,1,0
26960,2013-03-17,1,6,1,1,0,0,0,서울,서대문구,0,1,0,0,0,2,0,126.9687,37.5632,서울서대문구,0,2,0,1,0,195,1,1
26961,2013-03-16,1,5,1,1,0,0,0,부산,금정구,0,0,1,0,0,1,0,129.1087,35.219,부산금정구,0,1,0,1,0,96,1,0
26963,2013-03-17,0,6,1,1,0,0,0,경북,안동시,0,0,0,0,0,0,0,128.6476,36.588,경북안동시,0,0,0,1,0,66,1,1
26964,2013-03-26,0,1,1,1,0,0,0,인천,강화군,0,0,0,0,0,0,0,126.4543,37.7652,인천강화군,0,0,0,0,0,92,1,1
26966,2013-03-22,0,4,1,1,0,0,0,울산,북구,0,0,0,0,0,2,0,129.3608,35.5709,울산북구,0,2,0,0,0,158,1,1
26970,2013-02-22,0,4,1,1,0,0,0,대전,동구,0,0,0,0,0,0,0,127.4437,36.3314,대전동구,0,0,0,0,0,80,1,1
26971,2013-02-23,0,5,1,1,0,0,0,대전,서구,0,2,0,0,0,0,0,127.3792,36.3336,대전서구,0,0,0,1,0,4,1,1
26972,2013-02-27,0,2,1,1,0,0,0,서울,강남구,0,0,0,0,3,2,0,127.0235,37.5066,서울강남구,0,2,0,0,0,89,1,1
26973,2013-02-28,0,3,1,1,0,0,0,서울,강동구,0,0,0,1,2,0,0,127.1207,37.5308,서울강동구,0,0,0,0,0,91,1,1
26978,2013-08-08,1,3,1,1,0,0,0,서울,관악구,0,0,0,0,0,0,0,126.9379,37.485,서울관악구,0,0,0,0,0,188,1,1
26984,2013-08-12,0,0,1,3,0,1,1,경기,광주시,0,1,0,2,4,0,0,127.1925,37.3478,경기광주시,0,0,0,0,0,9,1,1
26986,2013-07-11,1,3,1,1,0,0,0,전북,군산시,0,0,1,0,3,3,0,126.6858,35.924,전북군산시,0,3,0,0,0,166,1,0
26994,2013-06-01,0,5,1,1,0,0,0,충남,천안시,0,0,1,0,0,0,0,127.1547,36.7985,충남천안시,0,0,0,1,0,63,1,0
26995,2013-05-29,0,2,1,1,0,0,0,경기,수원시,0,1,0,0,3,0,0,127.0525,37.2414,경기수원시,0,0,0,0,0,99,1,1
26997,2013-05-30,0,3,1,1,0,0,0,경북,청송군,0,3,0,0,0,1,0,129.0324,36.2712,경북청송군,0,1,0,0,0,203,0,0
26998,2013-05-30,1,3,1,1,0,0,0,경남,함안군,0,4,0,0,0,4,0,128.3815,35.2687,경남함안군,0,4,0,0,0,117,0,0
26999,2013-06-02,0,6,1,1,0,0,0,대구,수성구,0,0,0,0,3,0,0,128.616,35.8141,대구수성구,0,0,0,1,0,37,1,1
27005,2013-06-17,0,0,1,1,0,0,0,서울,중구,0,0,0,0,0,0,0,127.0064,37.5621,서울중구,0,0,0,0,0,8,1,1
27006,2013-06-15,1,5,1,1,0,0,0,광주,서구,0,1,0,1,1,0,0,126.833,35.1215,광주서구,0,0,0,1,0,222,1,1
27008,2013-06-15,0,5,1,1,0,0,0,충남,청양군,0,1,0,0,0,0,0,126.7894,36.4906,충남청양군,0,0,0,1,0,174,1,1
27009,2013-06-21,1,4,1,1,0,0,0,울산,동구,0,0,0,1,1,0,0,129.4324,35.5154,울산동구,0,0,0,0,0,225,1,1
27010,2013-06-21,1,4,1,1,0,0,0,서울,중구,0,0,0,0,3,0,0,126.9725,37.5547,서울중구,0,0,0,0,0,8,1,1
27014,2013-06-19,0,2,1,1,0,0,0,경남,산청군,0,0,0,0,0,0,0,127.9969,35.3244,경남산청군,0,0,0,0,0,224,1,1
27016,2012-08-02,0,3,1,1,0,0,0,서울,강남구,0,0,0,0,0,0,0,127.0301,37.5204,서울강남구,0,0,0,0,0,89,1,1
27017,2012-08-02,0,3,1,1,0,0,0,대전,유성구,0,1,2,0,0,0,0,127.3739,36.3992,대전유성구,0,0,0,0,0,148,1,1
27019,2012-07-30,1,0,1,1,0,0,0,서울,광진구,0,2,0,1,2,0,0,127.079,37.5563,서울광진구,0,0,0,0,0,183,1,1
27023,2012-06-19,0,1,1,2,1,0,0,광주,서구,0,0,0,0,0,0,0,126.881,35.1528,광주서구,0,0,0,0,0,222,1,1
27024,2012-06-18,1,0,1,1,0,0,0,부산,진구,0,1,0,1,1,0,0,129.0364,35.1625,부산진구,0,0,0,0,0,231,1,1
27027,2012-06-22,0,4,1,1,0,0,0,경북,경주시,0,1,0,1,1,0,0,129.2976,35.7771,경북경주시,0,0,0,0,0,100,1,1
27028,2012-06-20,1,2,1,1,0,0,0,서울,서대문구,0,1,1,0,0,1,0,126.9374,37.5887,서울서대문구,0,1,0,0,0,195,1,0
27033,2013-09-14,0,5,1,1,0,0,0,대전,동구,0,0,2,0,0,1,0,127.4248,36.3416,대전동구,0,1,0,1,0,80,1,1
27035,2013-09-14,0,5,1,1,0,0,0,전북,전주시,0,0,0,0,0,0,0,127.1104,35.8509,전북전주시,0,0,0,1,0,11,1,1
27038,2013-10-21,0,0,1,1,0,0,0,대구,남구,0,1,0,0,0,0,0,128.5695,35.8444,대구남구,0,0,0,0,0,145,1,1
27039,2013-10-20,0,6,1,1,0,0,0,대구,동구,0,0,1,0,3,0,0,128.6211,35.8826,대구동구,0,0,0,1,0,26,1,0
27040,2013-10-18,0,4,2,2,0,0,0,경북,청송군,0,4,0,1,1,1,0,129.0441,36.5266,경북청송군,0,1,0,0,0,203,0,0
27041,2013-10-18,0,4,1,3,1,0,1,경기,용인시,0,0,0,0,0,4,0,127.1229,37.3316,경기용인시,0,4,0,0,0,51,1,1
27046,2013-10-28,0,0,1,1,0,0,0,충북,진천군,0,2,0,0,0,0,0,127.439,36.8613,충북진천군,0,0,0,0,0,60,1,1
27049,2013-04-11,1,3,1,1,0,0,0,광주,광산구,0,1,1,1,2,2,0,126.68,35.1287,광주광산구,0,2,0,0,0,135,1,0
27052,2013-08-24,0,5,1,1,0,0,0,경남,함안군,0,1,0,0,0,0,0,128.4885,35.3829,경남함안군,0,0,0,1,0,117,1,1
27053,2013-09-01,0,6,1,1,0,0,0,경기,이천시,0,0,0,0,0,0,0,127.5218,37.2307,경기이천시,0,0,0,1,0,41,1,1
27056,2013-01-05,1,5,1,1,0,0,0,경남,하동군,0,1,0,1,2,1,0,127.81,34.9968,경남하동군,0,1,0,1,0,172,1,1
27060,2013-08-24,0,5,1,1,0,0,0,강원,평창군,0,0,0,0,0,0,0,128.3824,37.5964,강원평창군,0,0,0,1,0,24,1,1
27070,2013-09-10,0,1,1,1,0,0,0,경기,포천시,0,0,0,0,0,6,0,127.1634,37.8499,경기포천시,0,6,0,0,0,171,1,1
27072,2013-10-10,0,3,1,1,0,0,0,충북,충주시,0,1,0,0,0,0,0,127.9155,37.0104,충북충주시,0,0,0,0,0,6,1,1
27075,2013-02-19,0,1,1,1,0,0,0,경기,용인시,0,0,1,0,3,0,0,127.109,37.3293,경기용인시,0,0,0,0,0,51,1,0
27077,2013-10-26,1,5,1,1,0,0,0,인천,연수구,0,1,0,0,0,4,0,126.6502,37.4278,인천연수구,0,4,0,1,0,35,1,1
27078,2013-11-08,0,4,1,1,0,0,0,광주,북구,0,1,0,0,0,0,0,126.9201,35.1785,광주북구,0,0,0,0,0,137,1,1
27079,2013-11-06,0,2,1,1,0,0,0,경북,포항시,0,1,0,0,0,0,0,129.5151,35.926,경북포항시,0,0,0,0,0,160,1,1
27080,2013-11-11,0,0,1,1,0,0,0,울산,남구,0,0,0,0,0,0,0,129.3063,35.5425,울산남구,0,0,0,0,0,213,1,1
27081,2013-11-11,0,0,1,1,0,0,0,경남,합천군,0,0,0,1,1,1,0,128.2083,35.5724,경남합천군,0,1,0,0,0,133,1,1
27083,2013-04-06,0,5,1,1,0,0,0,대구,중구,0,0,0,0,3,0,0,128.6051,35.8725,대구중구,0,0,0,1,0,178,1,1
27087,2013-06-18,0,1,1,1,0,0,0,충북,청주시,0,1,0,1,2,0,0,127.4953,36.617,충북청주시,0,0,0,0,0,83,1,1
27089,2013-04-11,0,3,1,1,0,0,0,강원,철원군,0,0,0,0,0,0,0,127.4245,38.2095,강원철원군,0,0,0,0,0,184,1,1
27091,2013-07-29,0,0,1,1,0,0,0,인천,남동구,0,1,0,1,2,0,0,126.7294,37.4485,인천남동구,0,0,0,0,0,29,1,1
27095,2013-07-31,0,2,1,1,0,0,0,광주,광산구,0,0,0,0,0,0,0,126.818,35.1823,광주광산구,0,0,0,0,0,135,1,1
27096,2013-08-01,1,3,1,1,0,0,0,대전,대덕구,0,1,0,0,0,1,0,127.4214,36.4186,대전대덕구,0,1,0,0,0,77,1,1
27097,2013-07-31,1,2,1,1,0,0,0,인천,남구,0,0,4,0,0,1,0,126.6711,37.4688,인천남동구,0,1,0,0,0,29,1,1
27102,2013-08-14,0,2,1,1,0,0,0,충남,당진시,0,2,0,0,0,2,0,126.7459,36.8849,충남당진시,0,2,0,0,0,46,1,1
27103,2013-08-14,0,2,1,2,0,1,0,제주,서귀포시,0,0,0,0,0,1,0,126.6114,33.2606,제주서귀포시,0,1,0,0,0,62,1,1
27104,2013-08-15,0,3,1,1,0,0,0,충남,홍성군,0,1,0,0,0,4,0,126.6614,36.5978,충남홍성군,0,4,0,1,0,38,1,1
27105,2013-08-15,0,3,1,1,0,0,0,충남,당진시,0,1,0,0,0,0,0,126.6755,36.9579,충남당진시,0,0,0,1,0,46,1,1
27106,2013-08-13,0,1,1,1,0,0,0,인천,남동구,0,1,0,1,2,0,0,126.7321,37.4433,인천남동구,0,0,0,0,0,29,1,1
27114,2013-08-18,0,6,1,1,0,0,0,충북,충주시,0,3,0,0,0,0,0,127.9035,36.9377,충북충주시,0,0,0,1,0,6,0,0
27116,2013-07-09,0,1,1,1,0,0,0,서울,구로구,0,1,0,0,0,0,0,126.8353,37.4981,서울구로구,0,0,0,0,0,79,1,1
27118,2013-07-18,1,3,1,1,0,0,0,대구,수성구,0,1,0,1,1,2,0,128.6492,35.8775,대구수성구,0,2,0,0,0,37,1,1
27119,2013-07-17,1,2,1,3,1,1,0,충남,금산군,0,1,0,0,0,0,0,127.4144,36.1616,충남금산군,0,0,0,0,0,68,1,1
27121,2013-09-17,0,1,1,1,0,0,0,전북,김제시,0,2,0,0,0,0,0,126.7853,35.7589,전북김제시,0,0,0,0,0,34,1,1
27123,2013-09-18,0,2,1,1,0,0,0,부산,해운대구,0,0,3,0,3,0,0,129.1533,35.2321,부산해운대구,0,0,0,1,0,1,1,1
27124,2013-09-16,1,0,1,1,0,0,0,경기,성남시,0,0,3,1,1,0,0,127.1281,37.3947,경기성남시,0,0,0,0,0,95,1,1
27128,2013-09-27,1,4,1,1,0,0,0,경기,김포시,0,0,0,0,0,0,0,126.7003,37.649,경기김포시,0,0,0,0,0,47,1,1
27131,2013-09-23,1,0,1,1,0,0,0,경기,남양주시,0,1,0,1,2,2,0,127.3028,37.6576,경기남양주시,0,2,0,0,0,70,1,1
27132,2013-09-23,1,0,1,1,0,0,0,서울,구로구,0,0,3,0,3,0,0,126.8742,37.4997,서울구로구,0,0,0,0,0,79,1,1
27134,2012-06-26,0,1,1,1,0,0,0,경기,의정부시,0,0,0,0,0,0,0,127.0432,37.7384,경기의정부시,0,0,0,0,0,64,1,1
27137,2012-06-24,0,6,1,1,0,0,0,전북,순창군,0,0,0,0,0,0,0,127.1769,35.3808,전북순창군,0,0,0,1,0,131,1,1
27143,2012-07-06,0,4,1,1,0,0,0,전남,목포시,0,2,0,0,0,1,0,126.3695,34.8065,전남목포시,0,1,0,0,0,153,1,1
27146,2012-07-06,0,4,1,1,0,0,0,경기,성남시,0,0,0,1,2,1,0,127.1371,37.4401,경기성남시,0,1,0,0,0,95,1,1
27147,2012-07-11,0,2,1,1,0,0,0,경기,이천시,0,2,0,0,0,1,0,127.481,37.1586,경기이천시,0,1,0,0,0,41,1,1
27149,2012-07-14,1,5,1,1,0,0,0,전남,구례군,0,0,0,0,0,1,0,127.4571,35.1705,전남구례군,0,1,0,1,0,161,1,1
27151,2012-07-22,0,6,1,1,0,0,0,경북,경주시,0,0,0,0,0,0,0,129.2117,35.864,경북경주시,0,0,0,1,0,100,1,1
27154,2012-07-25,1,2,1,1,0,0,0,전북,남원시,0,2,5,0,0,0,0,127.3862,35.4129,전북남원시,0,0,0,0,0,193,1,1
27155,2012-07-25,0,2,1,1,0,0,0,충남,서산시,0,0,0,0,0,0,0,126.5187,36.7363,충남서산시,0,0,0,0,0,69,1,1
27156,2012-07-23,0,0,1,1,0,0,0,전북,전주시,0,0,0,0,0,0,0,127.1134,35.8322,전북전주시,0,0,0,0,0,11,1,1
27158,2012-07-29,0,6,1,1,0,0,0,광주,동구,0,0,0,0,0,0,0,126.9315,35.1259,광주동구,0,0,0,1,0,162,1,1
27164,2013-03-28,0,3,1,4,2,1,0,경기,안산시,0,0,0,1,1,0,0,126.8575,37.3064,경기안산시,1,0,0,0,0,2,1,1
27169,2013-04-09,0,1,1,1,0,0,0,전북,전주시,0,0,1,1,2,0,0,127.1168,35.7937,전북전주시,0,0,0,0,0,11,1,0
27170,2013-04-11,1,3,1,1,0,0,0,경기,가평군,0,1,0,0,3,0,0,127.3666,37.7928,경기가평군,0,0,0,0,0,176,1,1
27172,2013-02-20,1,2,1,1,0,0,0,서울,영등포구,0,0,0,0,0,1,0,126.9199,37.5229,서울영등포구,0,1,0,0,0,150,1,1
27180,2013-03-16,0,5,1,1,0,0,0,대구,수성구,0,0,0,1,1,0,0,128.6123,35.8408,대구수성구,0,0,0,1,0,37,1,1
27185,2013-09-12,0,3,1,1,0,0,0,경기,양평군,0,0,0,0,0,0,0,127.7063,37.5516,경기양평군,0,0,0,0,0,48,1,1
27186,2013-09-02,0,0,1,1,0,0,0,전북,익산시,0,0,0,1,1,0,0,126.9911,35.9493,전북익산시,0,0,0,0,0,125,1,1
27188,2013-04-01,0,0,1,1,0,0,0,충남,당진시,0,2,0,0,0,1,0,126.7699,36.7924,충남당진시,0,1,0,0,0,46,1,1
27196,2013-04-15,0,0,1,1,0,0,0,서울,강서구,0,0,0,0,0,2,0,126.7997,37.5791,서울강서구,0,2,0,0,0,43,1,1
27202,2013-04-20,1,5,1,1,0,0,0,전남,나주시,0,0,3,1,2,3,0,126.7449,35.0354,전남나주시,0,3,0,1,0,33,1,1
27203,2013-04-20,0,5,1,1,0,0,0,충북,증평군,0,0,0,0,0,0,0,127.5736,36.7838,충북증평군,0,0,0,1,0,138,1,1
27204,2013-04-22,1,0,1,2,1,0,0,경북,예천군,0,1,0,0,0,0,0,128.4562,36.6553,경북예천군,0,0,0,0,0,55,1,1
27205,2013-04-20,0,5,1,1,0,0,0,광주,서구,0,0,1,0,0,0,0,126.8474,35.1508,광주서구,0,0,0,1,0,222,1,0
27207,2013-04-22,1,0,1,1,0,0,0,서울,광진구,0,0,2,0,0,1,0,127.0744,37.5593,서울광진구,0,1,0,0,0,183,1,1
27210,2013-02-27,1,2,1,1,0,0,0,경기,포천시,0,0,0,1,1,0,0,127.2092,37.9013,경기포천시,0,0,0,0,0,171,1,1
27211,2013-03-03,0,6,1,1,0,0,0,경기,성남시,0,0,0,0,0,0,0,127.1361,37.4467,경기성남시,0,0,0,1,0,95,1,1
27214,2013-03-07,0,3,1,1,0,0,0,경남,거제시,0,1,0,0,0,0,0,128.6035,34.8234,경남거제시,0,0,0,0,0,15,1,1
27215,2013-03-05,0,1,1,1,0,0,0,전북,완주군,0,0,0,1,1,0,0,127.2154,35.7621,전북완주군,0,0,0,0,0,28,1,1
27220,2013-03-09,0,5,1,1,0,0,0,경남,창원시(통합),0,1,0,0,0,0,0,128.5628,35.2121,경남창원시(통합),0,0,0,1,0,86,1,1
27225,2013-03-12,1,1,4,5,1,0,0,경북,군위군,0,3,0,0,0,4,0,128.5723,36.2595,경북군위군,1,4,0,0,0,170,0,0
27232,2013-04-20,1,5,1,2,1,0,0,경남,창원시(통합),0,4,2,0,0,0,0,128.6584,35.1656,경남창원시(통합),0,0,0,1,0,86,0,0
27238,2013-04-06,1,5,1,1,0,0,0,부산,서구,0,0,3,0,3,3,0,129.0139,35.1136,부산서구,0,3,0,1,0,226,1,1
27240,2013-04-01,1,0,1,1,0,0,0,경기,성남시,0,2,0,1,2,2,0,127.129,37.4338,경기성남시,0,2,0,0,0,95,1,1
27242,2013-04-09,1,1,1,1,0,0,0,경기,수원시,0,4,4,0,0,3,0,127.0038,37.2617,경기수원시,0,3,0,0,0,99,0,0
27244,2013-04-11,1,3,1,1,0,0,0,경기,양주시,0,2,0,1,2,1,0,126.9814,37.8245,경기양주시,0,1,0,0,0,59,1,1
27245,2013-04-10,0,2,1,1,0,0,0,충북,청주시,0,0,1,1,1,0,0,127.4728,36.6166,충북청주시,0,0,0,0,0,83,1,0
27253,2013-02-28,0,3,1,1,0,0,0,대전,유성구,0,0,0,0,0,0,0,127.3155,36.3026,대전유성구,0,0,0,0,0,148,1,1
27254,2013-02-28,0,3,1,1,0,0,0,광주,북구,0,1,3,0,3,4,0,126.9068,35.1841,광주북구,0,4,0,0,0,137,1,1
27257,2013-10-05,0,5,1,1,0,0,0,강원,원주시,0,0,0,0,0,0,0,127.9559,37.3408,강원원주시,0,0,0,1,0,36,1,1
27259,2013-09-29,0,6,1,1,0,0,0,서울,중구,0,1,0,0,0,0,0,126.9925,37.5576,서울중구,0,0,0,1,0,8,1,1
27260,2013-09-27,0,4,1,1,0,0,0,경북,경주시,0,1,0,0,0,0,0,129.1885,35.7466,경북경주시,0,0,0,0,0,100,1,1
27263,2013-09-28,0,5,1,1,0,0,0,전북,익산시,0,0,0,1,1,1,0,126.9575,35.9412,전북익산시,0,1,0,1,0,125,1,1
27271,2013-10-07,1,0,1,5,1,3,0,경기,파주시,0,0,3,0,3,0,0,126.7796,37.8621,경기파주시,1,0,0,0,0,175,1,1
27272,2013-10-17,0,3,1,2,0,1,0,경북,울진군,0,1,0,1,1,0,0,129.3432,36.7212,경북울진군,0,0,0,0,0,208,1,1
27275,2013-09-04,0,2,1,2,0,0,1,경남,진주시,0,2,0,0,0,0,0,128.0951,35.1225,경남진주시,0,0,0,0,0,42,1,1
27276,2013-09-09,1,0,1,1,0,0,0,서울,성동구,0,0,1,1,2,0,0,127.0505,37.5401,서울성동구,0,0,0,0,0,84,1,0
27286,2013-02-05,1,1,1,2,1,0,0,경남,진주시,0,0,1,1,1,2,0,128.1173,35.1842,경남진주시,0,2,0,0,0,42,1,0
27291,2013-03-06,0,2,1,1,0,0,0,경북,칠곡군,0,1,0,0,0,0,0,128.4102,35.9114,경북칠곡군,0,0,0,0,0,21,1,1
27292,2013-03-10,0,6,1,1,0,0,0,강원,춘천시,0,0,0,0,3,0,0,127.7211,37.9246,강원춘천시,0,0,0,1,0,111,1,1
27295,2013-03-16,1,5,1,1,0,0,0,경기,안양시,0,1,0,0,0,0,0,126.8977,37.4068,경기안양시,0,0,0,1,0,151,1,1
27298,2013-03-31,0,6,1,1,0,0,0,경기,평택시,0,1,0,1,2,0,0,127.0952,36.9911,경기평택시,0,0,0,1,0,14,1,1
27299,2013-03-29,0,4,1,1,0,0,0,경남,진주시,0,1,0,0,0,1,0,127.9948,35.2419,경남진주시,0,1,0,0,0,42,1,1
27304,2013-04-02,1,1,1,1,0,0,0,전남,여수시,0,0,0,0,0,0,0,127.7311,34.7323,전남여수시,0,0,0,0,0,102,1,1
27305,2013-04-03,1,2,1,1,0,0,0,경남,합천군,0,1,0,1,1,1,0,128.1599,35.5675,경남합천군,0,1,0,0,0,133,1,1
27306,2013-04-09,0,1,1,1,0,0,0,전남,여수시,0,0,0,1,1,1,0,127.6708,34.8133,전남여수시,0,1,0,0,0,102,1,1
27307,2013-04-11,0,3,1,1,0,0,0,제주,제주시,0,0,1,0,0,1,0,126.5617,33.5103,제주제주시,0,1,0,0,0,90,1,0
27308,2013-04-09,1,1,1,1,0,0,0,경기,포천시,0,1,0,2,4,3,0,127.1349,37.841,경기포천시,0,3,0,0,0,171,1,1
27312,2013-02-26,0,1,1,1,0,0,0,경북,봉화군,0,3,0,0,0,1,0,128.9671,36.8248,경북봉화군,0,1,0,0,0,149,0,0
27313,2013-08-12,0,0,1,1,0,0,0,전남,여수시,0,2,0,0,0,0,0,127.7256,34.7393,전남여수시,0,0,0,0,0,102,1,1
27316,2013-08-22,1,3,1,1,0,0,0,경기,부천시,0,3,0,0,0,1,0,126.8083,37.5218,경기부천시,0,1,0,0,0,65,0,0