index,발생년월일,주야,요일,사망자수,사상자수,중상자수,경상자수,부상신고자수,발생지시도,발생지시군구,사고유형_대분류,사고유형_중분류,법규위반,도로형태_대분류,도로형태,당사자종별_1당_대분류,당사자종별_2당_대분류,경도,위도,발생지,사고피해정도,사고차량타입,도시여부,주말/공휴일,인구수,발생지번호,보행자의위치,무단횡단여부
27768,2013-03-11,1,0,1,1,0,0,0,충북,청주시,0,0,0,1,2,1,0,127.4703,36.6265,충북청주시,0,1,0,0,0,83,1,1
27769,2013-03-19,1,1,1,1,0,0,0,서울,용산구,0,0,1,0,3,0,0,127.0149,37.525,서울용산구,0,0,0,0,0,134,1,0
27771,2013-03-15,0,4,1,1,0,0,0,경남,밀양시,0,0,0,0,0,0,0,128.605,35.3934,경남밀양시,0,0,0,0,0,177,1,1
27774,2013-03-17,0,6,1,1,0,0,0,경기,남양주시,0,1,0,0,0,4,0,127.2122,37.586,경기남양주시,0,4,0,1,0,70,1,1
27775,2013-03-25,0,0,1,1,0,0,0,전남,나주시,0,1,0,0,0,0,0,126.719,35.0346,전남나주시,0,0,0,0,0,33,1,1
27779,2013-03-27,1,2,1,1,0,0,0,대구,북구,0,0,0,0,3,2,0,128.5515,35.9567,대구북구,0,2,0,0,0,112,1,1
27780,2013-03-28,1,3,1,1,0,0,0,서울,성북구,0,0,0,0,0,0,0,127.0092,37.5898,서울성북구,0,0,0,0,0,167,1,1
27784,2013-11-14,0,3,1,2,1,0,0,경기,파주시,0,0,0,0,0,0,0,126.8617,37.843,경기파주시,0,0,0,0,0,175,1,1
27789,2013-10-14,1,0,2,4,2,0,0,광주,서구,0,3,0,0,0,0,0,126.8641,35.1535,광주서구,1,0,0,0,0,222,0,0
27792,2013-03-27,0,2,1,1,0,0,0,경북,경산시,0,1,0,0,0,0,0,128.8187,35.8655,경북경산시,0,0,0,0,0,52,1,1
27793,2013-03-27,0,2,1,1,0,0,0,경북,상주시,0,1,0,1,1,0,0,128.1591,36.4198,경북상주시,0,0,0,0,0,58,1,1
27797,2013-04-15,0,0,1,1,0,0,0,대전,동구,0,0,0,0,3,0,0,127.4413,36.3517,대전동구,0,0,0,0,0,80,1,1
27799,2013-04-14,1,6,1,1,0,0,0,전남,고흥군,0,1,2,1,2,0,0,127.1951,34.5328,전남고흥군,0,0,0,1,0,191,1,1
27801,2013-04-14,0,6,1,2,1,0,0,대구,동구,0,0,0,0,3,0,0,128.6715,35.8794,대구동구,0,0,0,1,0,26,1,1
27806,2013-04-14,0,6,1,1,0,0,0,충남,공주시,0,2,0,0,0,0,0,127.2596,36.3782,충남공주시,0,0,0,1,0,19,1,1
27807,2013-04-21,1,6,1,1,0,0,0,강원,횡성군,0,1,0,0,0,1,0,128.1844,37.584,강원횡성군,0,1,0,1,0,31,1,1
27808,2013-04-18,1,3,1,1,0,0,0,충남,예산군,0,0,0,0,0,0,0,126.6982,36.7419,충남예산군,0,0,0,0,0,187,1,1
27809,2013-04-04,0,3,1,1,0,0,0,제주,제주시,0,0,0,0,0,1,0,126.7021,33.5111,제주제주시,0,1,0,0,0,90,1,1
27810,2013-04-05,0,4,1,1,0,0,0,강원,춘천시,0,1,0,0,0,0,0,127.7291,37.8746,강원춘천시,0,0,0,0,0,111,1,1
27811,2013-02-27,0,2,1,1,0,0,0,제주,제주시,0,0,0,1,2,0,0,126.2569,33.3354,제주제주시,0,0,0,0,0,90,1,1
27816,2013-03-09,0,5,1,1,0,0,0,전북,전주시,0,0,0,1,2,0,0,127.1318,35.8009,전북전주시,0,0,0,1,0,11,1,1
27819,2013-03-05,0,1,1,1,0,0,0,전북,익산시,0,1,0,0,0,1,0,127.0701,36.0673,전북익산시,0,1,0,0,0,125,1,1
27824,2013-03-18,0,0,1,1,0,0,0,인천,부평구,0,1,0,0,0,1,0,126.7116,37.4819,인천부평구,0,1,0,0,0,44,1,1
27825,2013-03-13,0,2,1,1,0,0,0,경기,안성시,0,0,0,0,0,1,0,127.3079,37.0775,경기안성시,0,1,0,0,0,23,1,1
27826,2013-03-14,1,3,1,1,0,0,0,울산,북구,0,0,3,1,1,0,0,129.3875,35.5381,울산북구,0,0,0,0,0,158,1,1
27828,2013-04-18,1,3,1,1,0,0,0,경남,통영시,0,2,0,0,0,0,0,128.4116,34.8938,경남통영시,0,0,0,0,0,212,1,1
27832,2013-04-03,0,2,1,1,0,0,0,경기,포천시,0,0,0,1,1,0,0,127.1357,37.8166,경기포천시,0,0,0,0,0,171,1,1
27835,2013-04-07,0,6,1,1,0,0,0,울산,중구,0,0,0,1,2,0,0,129.3062,35.5556,울산중구,0,0,0,1,0,205,1,1
27836,2013-04-06,0,5,1,16,2,13,0,서울,구로구,0,1,0,0,0,0,0,126.8563,37.4881,서울구로구,2,0,0,1,0,79,1,1
27839,2013-04-14,1,6,1,1,0,0,0,서울,관악구,0,0,0,0,0,1,0,126.9141,37.484,서울관악구,0,1,0,1,0,188,1,1
27843,2013-04-16,1,1,1,1,0,0,0,서울,동작구,0,1,4,0,0,2,0,126.9356,37.4933,서울동작구,0,2,0,0,0,93,1,1
27846,2013-04-16,1,1,1,1,0,0,0,광주,남구,0,2,0,0,0,0,0,126.8802,35.1074,광주남구,0,0,0,0,0,190,1,1
27847,2013-04-11,0,3,1,1,0,0,0,경기,의왕시,0,1,0,2,4,0,0,126.9815,37.3928,경기의왕시,0,0,0,0,0,199,1,1
27852,2013-02-26,1,1,1,1,0,0,0,경북,울진군,0,0,0,0,0,0,0,129.4718,36.723,경북울진군,0,0,0,0,0,208,1,1
27854,2013-07-18,0,3,1,2,1,0,0,전북,완주군,0,2,0,0,0,0,0,127.0221,35.8201,전북완주군,0,0,0,0,0,28,1,1
27856,2013-07-18,0,3,1,1,0,0,0,대전,유성구,0,0,0,0,0,1,0,127.3847,36.4258,대전유성구,0,1,0,0,0,148,1,1
27857,2013-07-16,1,1,1,1,0,0,0,경기,안산시,0,1,0,1,1,2,0,126.8548,37.2952,경기안산시,0,2,0,0,0,2,1,1
27860,2013-07-21,0,6,1,1,0,0,0,대구,수성구,0,0,2,0,0,0,0,128.6933,35.8301,대구수성구,0,0,0,1,0,37,1,1
27861,2013-10-03,0,3,1,1,0,0,0,전북,전주시,0,1,0,1,1,0,0,127.12,35.7926,전북전주시,0,0,0,1,0,11,1,1
27862,2013-09-05,0,3,1,1,0,0,0,경기,수원시,0,0,0,0,0,2,0,127.0065,37.2818,경기수원시,0,2,0,0,0,99,1,1
27867,2013-05-24,0,4,1,1,0,0,0,전남,무안군,0,1,0,0,0,0,0,126.4662,34.977,전남무안군,0,0,0,0,0,101,1,1
27874,2013-06-04,1,1,1,1,0,0,0,대구,달서구,0,1,1,0,3,0,0,128.5344,35.831,대구달서구,0,0,0,0,0,20,1,0
27875,2013-06-03,0,0,1,1,0,0,0,경남,양산시,0,0,3,1,1,0,0,129.0129,35.3246,경남양산시,0,0,0,0,0,49,1,1
27885,2013-06-28,1,4,1,1,0,0,0,부산,수영구,0,0,0,0,0,3,0,129.0998,35.1731,부산수영구,0,3,0,0,0,45,1,1
27890,2013-07-08,0,0,1,1,0,0,0,경북,경주시,0,0,0,0,0,1,0,129.2299,35.8813,경북경주시,0,1,0,0,0,100,1,1
27892,2013-07-02,0,1,1,1,0,0,0,경남,창원시(통합),0,2,0,0,0,2,0,128.5129,35.1472,경남창원시(통합),0,2,0,0,0,86,1,1
27895,2013-05-19,0,6,1,1,0,0,0,경기,김포시,0,1,0,0,0,0,0,126.7229,37.6186,경기김포시,0,0,0,1,0,47,1,1
27897,2013-04-09,0,1,1,1,0,0,0,전북,군산시,0,0,0,1,1,1,0,126.7331,35.9755,전북군산시,0,1,0,0,0,166,1,1
27902,2013-03-03,0,6,1,1,0,0,0,경기,하남시,0,0,0,0,3,0,0,127.2212,37.5228,경기하남시,0,0,0,1,0,67,1,1
27903,2013-02-28,0,3,1,1,0,0,0,서울,강서구,0,1,0,0,0,2,0,126.8449,37.546,서울강서구,0,2,0,0,0,43,1,1
27904,2013-03-01,0,4,1,1,0,0,0,서울,관악구,0,1,0,0,0,0,0,126.936,37.4863,서울관악구,0,0,0,1,0,188,1,1
27905,2013-03-02,0,5,1,1,0,0,0,서울,마포구,0,0,0,0,0,0,0,126.9493,37.5447,서울마포구,0,0,0,1,0,159,1,1
27906,2013-03-04,0,0,1,1,0,0,0,서울,영등포구,0,1,0,0,0,8,0,126.8816,37.5226,서울영등포구,0,8,0,0,0,150,1,1
27907,2013-03-03,0,6,1,1,0,0,0,경북,포항시,0,1,0,0,3,0,0,129.3415,36.112,경북포항시,0,0,0,1,0,160,1,1
27908,2013-03-09,0,5,1,1,0,0,0,전남,목포시,0,0,3,1,2,0,0,126.3781,34.8126,전남목포시,0,0,0,1,0,153,1,1
27909,2013-03-07,0,3,1,1,0,0,0,경기,용인시,0,1,0,1,2,0,0,127.2525,37.3365,경기용인시,0,0,0,0,0,51,1,1
27911,2013-03-06,1,2,1,1,0,0,0,경남,거창군,0,0,2,0,0,0,0,127.8544,35.7011,경남거창군,0,0,0,0,0,154,1,1
27914,2013-03-15,1,4,1,1,0,0,0,충북,충주시,0,1,0,1,2,0,0,127.9373,36.9627,충북충주시,0,0,0,0,0,6,1,1
27915,2013-03-13,1,2,1,1,0,0,0,경기,고양시,0,0,0,0,0,4,0,126.8446,37.7085,경기고양시,0,4,0,0,0,40,1,1
27920,2013-08-30,1,4,1,1,0,0,0,충남,태안군,0,3,0,0,0,3,0,126.2778,36.7569,충남태안군,0,3,0,0,0,169,0,0
27921,2013-08-29,0,3,1,2,1,0,0,서울,구로구,0,0,0,0,0,0,0,126.8869,37.4814,서울구로구,0,0,0,0,0,79,1,1
27923,2013-08-28,0,2,1,1,0,0,0,서울,구로구,0,0,0,0,0,1,0,126.895,37.484,서울구로구,0,1,0,0,0,79,1,1
27925,2013-07-14,0,6,1,1,0,0,0,광주,북구,0,2,0,0,0,0,0,126.9112,35.1701,광주북구,0,0,0,1,0,137,1,1
27927,2013-07-18,0,3,1,1,0,0,0,서울,마포구,0,1,0,1,2,0,0,126.9512,37.5438,서울마포구,0,0,0,0,0,159,1,1
27938,2013-08-10,1,5,1,1,0,0,0,대전,유성구,0,1,0,1,2,1,0,127.3217,36.3799,대전유성구,0,1,0,1,0,148,1,1
27939,2013-08-08,1,3,1,2,0,1,0,전남,고흥군,0,0,0,1,1,1,0,127.2924,34.5044,전남고흥군,0,1,0,0,0,191,1,1
27941,2013-03-18,0,0,1,1,0,0,0,경남,김해시,0,0,0,1,2,1,0,128.8855,35.2266,경남김해시,0,1,0,0,0,13,1,1
27943,2013-03-23,1,5,1,1,0,0,0,경남,창원시(통합),0,0,0,0,0,1,0,128.5717,35.2123,경남창원시(통합),0,1,0,1,0,86,1,1
27946,2013-04-17,0,2,1,1,0,0,0,강원,강릉시,0,0,0,0,0,0,0,128.8801,37.7641,강원강릉시,0,0,0,0,0,194,1,1
27949,2013-07-17,0,2,1,1,0,0,0,서울,서초구,0,4,3,1,2,2,0,127.0253,37.4649,서울서초구,0,2,0,0,0,214,0,0
27960,2013-09-04,0,2,1,1,0,0,0,서울,동작구,0,1,0,1,2,0,0,126.9388,37.5048,서울동작구,0,0,0,0,0,93,1,1
27961,2013-09-05,1,3,1,1,0,0,0,부산,중구,0,0,1,0,3,1,0,129.0246,35.0997,부산중구,0,1,0,0,0,228,1,0
27968,2013-08-20,0,1,1,1,0,0,0,서울,동대문구,0,0,1,1,2,0,0,127.0726,37.564,서울동대문구,0,0,0,0,0,201,1,0
27969,2013-08-20,0,1,1,2,0,1,0,전남,목포시,0,1,1,0,3,4,0,126.3989,34.8092,전남목포시,0,4,0,0,0,153,1,0
27973,2013-08-22,1,3,1,1,0,0,0,경기,안산시,0,0,0,0,0,1,0,126.7595,37.3067,경기안산시,0,1,0,0,0,2,1,1
27975,2013-08-22,0,3,1,1,0,0,0,충남,아산시,0,1,0,0,0,1,0,126.9259,36.7678,충남아산시,0,1,0,0,0,53,1,1
27979,2013-08-30,0,4,1,1,0,0,0,경남,합천군,0,1,0,0,0,1,0,128.0451,35.5168,경남합천군,0,1,0,0,0,133,1,1
27980,2013-08-31,0,5,1,1,0,0,0,충남,논산시,0,2,0,0,0,1,0,127.1373,36.2787,충남논산시,0,1,0,1,0,61,1,1
27981,2013-07-11,1,3,1,1,0,0,0,대구,남구,0,0,0,0,0,0,0,128.5743,35.8578,대구남구,0,0,0,0,0,145,1,1
27984,2013-09-09,1,0,1,1,0,0,0,강원,속초시,0,0,0,0,0,0,0,128.5831,38.1852,강원속초시,0,0,0,0,0,104,1,1
27992,2013-09-20,0,4,1,1,0,0,0,대구,서구,0,0,0,0,0,0,0,128.5742,35.8862,대구서구,0,0,0,1,0,107,1,1
27995,2013-09-18,1,2,1,3,2,0,0,경기,안양시,0,0,1,0,3,0,0,126.9613,37.3996,경기안양시,1,0,0,1,0,151,1,0
27996,2013-09-17,0,1,1,1,0,0,0,경남,함양군,0,0,0,1,1,1,0,127.81,35.6338,경남함양군,0,1,0,0,0,108,1,1
27999,2013-09-23,0,0,1,1,0,0,0,경기,여주시,0,0,5,1,1,1,0,127.5859,37.3345,경기여주시,0,1,0,0,0,22,1,1
28003,2013-09-22,0,6,1,1,0,0,0,강원,원주시,0,0,0,1,1,0,0,127.9512,37.3952,강원원주시,0,0,0,1,0,36,1,1
28005,2013-10-01,0,1,1,1,0,0,0,경기,용인시,0,3,0,0,0,0,0,127.3792,37.1677,경기용인시,0,0,0,0,0,51,0,0
28014,2013-10-04,1,4,1,1,0,0,0,경기,평택시,0,1,0,0,0,3,0,127.1266,37.014,경기평택시,0,3,0,0,0,14,1,1
28017,2013-09-02,0,0,1,1,0,0,0,전남,나주시,0,1,0,0,0,0,0,126.7116,34.9472,전남나주시,0,0,0,0,0,33,1,1
28018,2013-09-02,1,0,2,2,0,0,0,전남,영광군,0,3,0,0,0,0,0,126.5107,35.2748,전남영광군,0,0,0,0,0,127,0,0
28019,2013-09-01,1,6,1,1,0,0,0,경기,남양주시,0,0,0,0,0,1,0,127.3014,37.6582,경기남양주시,0,1,0,1,0,70,1,1
28021,2012-07-20,0,4,1,1,0,0,0,충북,충주시,0,1,0,0,0,0,0,127.9306,36.9696,충북충주시,0,0,0,0,0,6,1,1
28024,2012-07-19,1,3,1,1,0,0,0,전남,구례군,0,0,0,0,0,1,0,127.4678,35.2076,전남구례군,0,1,0,0,0,161,1,1
28025,2012-07-19,1,3,1,1,0,0,0,대전,동구,0,2,0,0,0,1,0,127.4292,36.3502,대전동구,0,1,0,0,0,80,1,1
28026,2012-07-19,1,3,1,1,0,0,0,서울,성북구,0,0,0,1,1,1,0,127.0326,37.6023,서울성북구,0,1,0,0,0,167,1,1
28027,2012-07-25,1,2,1,1,0,0,0,강원,강릉시,0,1,0,2,4,1,0,128.9167,37.7645,강원강릉시,0,1,0,0,0,194,1,1
28028,2012-03-22,0,3,1,1,0,0,0,전남,곡성군,0,0,0,0,0,1,0,127.2998,35.2808,전남곡성군,0,1,0,0,0,147,1,1
28029,2012-04-06,0,4,1,1,0,0,0,제주,서귀포시,0,0,1,1,1,0,0,126.7084,33.282,제주서귀포시,0,0,0,0,0,62,1,0
28032,2012-03-02,1,4,1,1,0,0,0,경남,창원시(통합),0,0,0,0,3,1,0,128.4876,35.1158,경남창원시(통합),0,1,0,0,0,86,1,1
28033,2012-12-13,0,3,1,1,0,0,0,경기,용인시,0,1,0,0,0,0,0,127.2062,37.2141,경기용인시,0,0,0,0,0,51,1,1
28034,2012-11-19,1,0,1,1,0,0,0,경남,하동군,0,3,0,0,0,3,0,127.7579,35.0592,경남하동군,0,3,0,0,0,172,0,0
28040,2012-05-11,0,4,1,1,0,0,0,대전,동구,0,0,0,0,0,0,0,127.434,36.3287,대전동구,0,0,0,0,0,80,1,1
28041,2012-05-08,0,1,1,1,0,0,0,충북,음성군,0,1,0,0,0,0,0,127.6817,37.1168,충북음성군,0,0,0,0,0,110,1,1
28045,2012-02-12,0,6,1,1,0,0,0,대전,유성구,0,0,0,0,3,0,0,127.3474,36.3614,대전유성구,0,0,0,1,0,148,1,1
28048,2012-12-24,1,0,1,1,0,0,0,대구,달서구,0,0,1,0,3,1,0,128.5407,35.8338,대구달서구,0,1,0,0,0,20,1,0
28049,2012-11-18,0,6,1,1,0,0,0,서울,강동구,0,0,0,2,4,1,0,127.1369,37.5294,서울강동구,0,1,0,1,0,91,1,1
28053,2013-08-05,0,0,1,1,0,0,0,경북,청송군,0,0,0,1,2,0,0,129.0715,36.3305,경북청송군,0,0,0,0,0,203,1,1
28054,2013-08-12,0,0,1,1,0,0,0,경기,파주시,0,0,1,0,0,1,0,126.7765,37.759,경기파주시,0,1,0,0,0,175,1,0
28055,2013-08-10,0,5,1,1,0,0,0,경남,거제시,0,0,1,0,3,0,0,128.6226,34.8801,경남거제시,0,0,0,1,0,15,1,0
28056,2013-08-23,0,4,2,2,0,0,0,서울,강남구,0,1,0,0,0,0,0,127.0516,37.5125,서울강남구,0,0,0,0,0,89,1,1
28057,2013-08-23,0,4,1,3,2,0,0,경남,창원시(통합),0,0,0,1,1,0,0,128.5796,35.2348,경남창원시(통합),1,0,0,0,0,86,1,1
28060,2013-08-30,0,4,1,1,0,0,0,부산,중구,0,2,0,0,0,0,0,129.0224,35.1078,부산중구,0,0,0,0,0,228,1,1
28062,2013-08-26,0,0,1,2,0,1,0,경기,이천시,0,0,0,1,2,0,0,127.5268,37.2204,경기이천시,0,0,0,0,0,41,1,1
28063,2013-08-27,1,1,1,1,0,0,0,전남,목포시,0,1,0,1,2,3,0,126.3959,34.7959,전남목포시,0,3,0,0,0,153,1,1
28064,2013-08-27,1,1,1,1,0,0,0,경기,안산시,0,0,3,0,3,2,0,126.828,37.3213,경기안산시,0,2,0,0,0,2,1,1
28065,2013-08-26,0,0,1,1,0,0,0,충북,음성군,0,0,0,0,0,0,0,127.6363,36.9997,충북음성군,0,0,0,0,0,110,1,1
28067,2013-09-06,1,4,1,1,0,0,0,경북,경주시,0,1,0,0,3,2,0,129.2071,35.8447,경북경주시,0,2,0,0,0,100,1,1
28069,2013-07-09,1,1,1,1,0,0,0,전남,나주시,0,1,0,0,0,3,0,126.6419,34.9511,전남나주시,0,3,0,0,0,33,1,1
28071,2013-07-15,0,0,1,1,0,0,0,서울,강남구,0,2,0,1,2,0,0,127.0564,37.5207,서울강남구,0,0,0,0,0,89,1,1
28072,2013-09-29,0,6,1,1,0,0,0,경기,군포시,0,1,0,2,4,0,0,126.9265,37.3332,경기군포시,0,0,0,1,0,126,1,1
28073,2013-09-28,0,5,1,1,0,0,0,서울,영등포구,0,0,0,1,2,2,0,126.9062,37.5171,서울영등포구,0,2,0,1,0,150,1,1
28074,2013-10-04,1,4,1,1,0,0,0,울산,울주군,0,0,0,1,1,3,0,129.154,35.4468,울산울주군,0,3,0,0,0,17,1,1
28076,2013-10-13,0,6,1,1,0,0,0,경남,사천시,0,0,1,0,3,0,0,128.1053,35.0716,경남사천시,0,0,0,1,0,57,1,0
28077,2013-10-20,0,6,1,4,2,1,0,경북,포항시,0,1,5,0,0,0,0,129.407,35.9611,경북포항시,1,0,0,1,0,160,1,1
28079,2013-10-22,1,1,1,1,0,0,0,경남,창녕군,0,1,0,0,0,1,0,128.4203,35.5684,경남창녕군,0,1,0,0,0,211,1,1
28080,2013-10-21,1,0,1,1,0,0,0,경남,창원시(통합),0,1,0,1,1,0,0,128.7089,35.3386,경남창원시(통합),0,0,0,0,0,86,1,1
28082,2013-10-19,0,5,1,1,0,0,0,전남,곡성군,0,0,0,1,1,1,0,127.1522,35.2691,전남곡성군,0,1,0,1,0,147,1,1
28083,2013-10-19,1,5,1,1,0,0,0,서울,은평구,0,0,0,0,0,1,0,126.9113,37.6131,서울은평구,0,1,0,1,0,139,1,1
28085,2013-10-18,0,4,1,1,0,0,0,부산,금정구,0,1,3,0,0,0,0,129.1089,35.2696,부산금정구,0,0,0,0,0,96,1,1
28086,2013-10-19,0,5,1,1,0,0,0,울산,중구,0,0,0,1,1,1,0,129.3411,35.5557,울산중구,0,1,0,1,0,205,1,1
28088,2013-10-20,0,6,1,1,0,0,0,경기,성남시,0,2,4,0,0,0,0,127.1089,37.3479,경기성남시,0,0,0,1,0,95,1,1
28089,2013-10-26,0,5,1,1,0,0,0,울산,동구,0,1,0,1,1,2,0,129.4131,35.4846,울산동구,0,2,0,1,0,225,1,1
28092,2013-10-04,1,4,1,2,1,0,0,충북,제천시,0,0,1,1,2,1,0,128.2105,37.1415,충북제천시,0,1,0,0,0,103,1,0
28093,2013-10-11,1,4,1,1,0,0,0,전북,정읍시,0,4,1,1,1,0,0,126.8543,35.5658,전북정읍시,0,0,0,0,0,12,0,0
28094,2013-07-18,0,3,1,1,0,0,0,서울,동대문구,0,1,0,0,0,0,0,127.038,37.5723,서울동대문구,0,0,0,0,0,201,1,1
28095,2013-07-18,0,3,1,1,0,0,0,경북,경주시,0,1,0,0,0,1,0,129.3758,35.8004,경북경주시,0,1,0,0,0,100,1,1
28099,2013-07-16,1,1,1,1,0,0,0,전남,여수시,0,0,0,1,1,1,0,127.7322,34.7393,전남여수시,0,1,0,0,0,102,1,1
28100,2013-07-16,0,1,1,1,0,0,0,경남,창원시(통합),0,1,0,0,0,0,0,128.6694,35.1539,경남창원시(통합),0,0,0,0,0,86,1,1
28101,2013-10-09,0,2,1,1,0,0,0,전남,목포시,0,1,1,0,0,2,0,126.3696,34.8017,전남목포시,0,2,0,1,0,153,1,0
28102,2013-10-10,1,3,1,1,0,0,0,제주,제주시,0,0,0,0,3,0,0,126.5581,33.5154,제주제주시,0,0,0,0,0,90,1,1
28104,2013-10-16,1,2,1,1,0,0,0,충남,당진시,0,1,0,0,0,1,0,126.6223,36.8876,충남당진시,0,1,0,0,0,46,1,1
28108,2013-10-16,0,2,1,1,0,0,0,충남,공주시,0,0,0,0,0,2,0,127.1226,36.641,충남공주시,0,2,0,0,0,19,1,1
28109,2013-10-14,0,0,1,1,0,0,0,충남,금산군,0,1,0,0,0,0,0,127.526,36.1725,충남금산군,0,0,0,0,0,68,1,1
28113,2013-09-08,0,6,1,1,0,0,0,경기,안산시,0,1,1,0,0,0,0,126.8084,37.3354,경기안산시,0,0,0,1,0,2,1,0
28115,2013-09-06,0,4,1,1,0,0,0,서울,양천구,0,0,0,0,0,0,0,126.8494,37.5267,서울양천구,0,0,0,0,0,140,1,1
28117,2013-09-15,1,6,1,1,0,0,0,부산,금정구,0,1,0,1,2,0,0,129.095,35.2269,부산금정구,0,0,0,1,0,96,1,1
28126,2013-09-28,0,5,1,1,0,0,0,대전,중구,0,1,0,1,2,0,0,127.3941,36.3176,대전중구,0,0,0,1,0,39,1,1
28129,2013-10-04,0,4,1,1,0,0,0,충북,보은군,0,2,0,0,0,0,0,127.7196,36.4799,충북보은군,0,0,0,0,0,32,1,1
28132,2013-10-02,1,2,1,2,1,0,0,경기,안산시,0,1,0,0,0,0,0,126.7972,37.3349,경기안산시,0,0,0,0,0,2,1,1
28134,2013-10-08,0,1,1,1,0,0,0,경북,경주시,0,1,0,0,0,3,0,129.3319,35.6945,경북경주시,0,3,0,0,0,100,1,1
28135,2013-10-08,1,1,1,1,0,0,0,부산,남구,0,1,0,1,2,0,0,129.0677,35.1276,부산남구,0,0,0,0,0,180,1,1
28137,2013-10-08,0,1,1,1,0,0,0,부산,금정구,0,1,0,1,2,2,0,129.0927,35.2324,부산금정구,0,2,0,0,0,96,1,1
28140,2012-07-30,0,0,1,1,0,0,0,부산,진구,0,1,0,0,0,0,0,129.0734,35.1716,부산진구,0,0,0,0,0,231,1,1
28142,2012-07-27,0,4,1,1,0,0,0,경북,청송군,0,0,0,0,0,2,0,129.1175,36.5125,경북청송군,0,2,0,0,0,203,1,1
28144,2012-08-02,0,3,1,1,0,0,0,경기,고양시,0,0,0,0,3,1,0,126.7883,37.7133,경기고양시,0,1,0,0,0,40,1,1
28146,2012-08-01,1,2,1,1,0,0,0,경기,화성시,0,3,0,1,1,0,0,127.0666,37.2343,경기화성시,0,0,0,0,0,50,0,0
28150,2012-06-16,0,5,1,1,0,0,0,전남,목포시,0,1,0,0,0,1,0,126.393,34.7929,전남목포시,0,1,0,1,0,153,1,1
28153,2012-06-27,0,2,1,1,0,0,0,울산,남구,0,2,0,0,0,0,0,129.3141,35.535,울산남구,0,0,0,0,0,213,1,1
28155,2012-07-02,0,0,1,2,1,0,0,서울,노원구,0,0,0,0,0,4,0,127.0767,37.6486,서울노원구,0,4,0,0,0,18,1,1
28158,2012-07-06,0,4,1,1,0,0,0,인천,강화군,0,1,0,0,0,0,0,126.4845,37.7477,인천강화군,0,0,0,0,0,92,1,1
28159,2012-07-14,0,5,1,1,0,0,0,전남,여수시,0,0,0,1,2,0,0,127.6947,34.7684,전남여수시,0,0,0,1,0,102,1,1
28163,2012-07-16,0,0,1,1,0,0,0,전남,장흥군,0,1,0,0,0,0,0,126.8771,34.6783,전남장흥군,0,0,0,0,0,56,1,1
28165,2012-07-14,0,5,1,1,0,0,0,세종,세종,0,1,0,1,2,2,0,127.3004,36.6024,세종세종,0,2,1,1,0,229,1,1
28167,2012-07-19,0,3,1,1,0,0,0,경북,영주시,0,0,0,0,0,1,0,128.6125,36.8227,경북영주시,0,1,0,0,0,113,1,1
28170,2012-07-27,0,0,1,1,0,0,0,대전,대덕구,0,0,0,1,1,1,0,127.4159,36.3482,대전대덕구,0,1,0,0,0,77,1,1
28171,2012-07-27,1,4,1,1,0,0,0,경남,김해시,0,1,0,0,0,2,0,128.8775,35.295,경남김해시,0,2,0,0,0,13,1,1
28178,2013-11-18,0,0,1,1,0,0,0,울산,남구,0,4,0,1,2,3,0,129.2626,35.5561,울산남구,0,3,0,0,0,213,0,0
28181,2012-10-06,0,5,1,1,0,0,0,전남,나주시,0,1,0,0,3,0,0,126.6554,35.0141,전남나주시,0,0,0,1,0,33,1,1
28186,2012-08-03,0,4,1,1,0,0,0,전북,완주군,0,0,0,0,0,0,0,127.28,36.09,전북완주군,0,0,0,0,0,28,1,1
28187,2012-06-13,0,2,1,1,0,0,0,광주,북구,0,0,1,0,0,0,0,126.9254,35.1885,광주북구,0,0,0,0,0,137,1,0
28190,2013-02-08,0,4,1,1,0,0,0,서울,영등포구,0,0,1,0,3,2,0,126.914,37.5188,서울영등포구,0,2,0,0,0,150,1,0
28191,2013-02-16,0,5,1,1,0,0,0,인천,부평구,0,1,0,0,0,2,0,126.7207,37.5068,인천부평구,0,2,0,1,0,44,1,1
28193,2014-04-13,0,6,1,1,0,0,0,서울,금천구,0,1,0,0,0,0,0,126.9034,37.4746,서울금천구,0,0,0,1,0,109,1,1
28195,2014-04-14,1,0,1,1,0,0,0,충남,아산시,0,0,1,0,0,0,0,126.9333,36.7737,충남아산시,0,0,0,0,0,53,1,0
28196,2014-04-12,1,5,1,1,0,0,0,서울,동대문구,0,0,0,0,3,1,0,127.0404,37.5786,서울동대문구,0,1,0,1,0,201,1,1
28200,2014-04-25,0,4,1,1,0,0,0,서울,송파구,0,1,0,0,0,0,0,127.1221,37.4817,서울송파구,0,0,0,0,0,156,1,1
28201,2014-04-25,0,4,2,3,1,0,0,울산,남구,0,0,0,0,0,0,0,129.2694,35.5497,울산남구,1,0,0,0,0,213,1,1
28212,2014-05-03,1,5,1,4,1,2,0,경기,부천시,0,0,0,0,3,2,0,126.8006,37.5322,경기부천시,1,2,0,1,0,65,1,1