index,발생년월일,주야,요일,사망자수,사상자수,중상자수,경상자수,부상신고자수,발생지시도,발생지시군구,사고유형_대분류,사고유형_중분류,법규위반,도로형태_대분류,도로형태,당사자종별_1당_대분류,당사자종별_2당_대분류,경도,위도,발생지,사고피해정도,사고차량타입,도시여부,주말/공휴일,인구수,발생지번호,보행자의위치,무단횡단여부
28737,2013-06-05,1,2,1,1,0,0,0,경남,창원시(통합),0,0,0,0,3,0,0,128.5582,35.2011,경남창원시(통합),0,0,0,0,0,86,1,1
28738,2013-06-03,0,0,1,3,2,0,0,경남,창원시(통합),0,1,0,0,0,3,0,128.6135,35.1744,경남창원시(통합),1,3,0,0,0,86,1,1
28740,2013-06-07,0,4,1,1,0,0,0,전북,완주군,0,0,0,0,0,0,0,127.0825,35.9106,전북완주군,0,0,0,0,0,28,1,1
28741,2013-06-08,0,5,1,2,0,0,1,경남,산청군,0,1,0,1,1,0,0,127.7934,35.4635,경남산청군,0,0,0,1,0,224,1,1
28743,2013-06-08,1,5,1,2,1,0,0,경기,성남시,0,0,0,0,0,1,0,127.132,37.4405,경기성남시,0,1,0,1,0,95,1,1
28745,2013-06-11,1,1,1,1,0,0,0,울산,남구,0,0,0,1,2,1,0,129.2942,35.5354,울산남구,0,1,0,0,0,213,1,1
28747,2013-06-12,1,2,1,1,0,0,0,경남,거제시,0,0,0,1,1,2,0,128.6754,34.9143,경남거제시,0,2,0,0,0,15,1,1
28748,2013-06-11,0,1,1,1,0,0,0,경기,성남시,0,0,3,1,2,2,0,127.1286,37.4166,경기성남시,0,2,0,0,0,95,1,1
28752,2012-06-19,1,1,1,1,0,0,0,충북,청주시,0,0,1,0,3,3,0,127.4518,36.6189,충북청주시,0,3,0,0,0,83,1,0
28757,2012-06-29,1,4,1,1,0,0,0,전남,영광군,0,3,0,0,0,0,0,126.4229,35.2801,전남영광군,0,0,0,0,0,127,0,0
28765,2012-07-20,0,4,1,1,0,0,0,충남,부여군,0,1,0,0,0,0,0,127.0159,36.2235,충남부여군,0,0,0,0,0,129,1,1
28767,2012-07-26,0,3,1,1,0,0,0,경기,수원시,0,1,0,0,0,1,0,126.9482,37.2665,경기수원시,0,1,0,0,0,99,1,1
28771,2012-07-30,1,0,1,1,0,0,0,경남,진주시,0,0,0,0,0,1,0,128.1092,35.1796,경남진주시,0,1,0,0,0,42,1,1
28773,2012-07-31,1,1,1,1,0,0,0,충북,제천시,0,1,0,0,0,0,0,128.2221,37.1282,충북제천시,0,0,0,0,0,103,1,1
28775,2012-06-12,0,1,1,1,0,0,0,서울,강서구,0,0,0,0,0,1,0,126.8222,37.5441,서울강서구,0,1,0,0,0,43,1,1
28778,2012-06-19,1,1,1,1,0,0,0,경기,고양시,0,0,0,0,3,2,0,126.7608,37.6703,경기고양시,0,2,0,0,0,40,1,1
28779,2012-06-19,0,1,1,1,0,0,0,전남,나주시,0,0,0,1,1,0,0,126.7156,35.0333,전남나주시,0,0,0,0,0,33,1,1
28781,2012-06-18,1,0,1,1,0,0,0,대전,중구,0,0,5,0,0,0,0,127.3968,36.3246,대전중구,0,0,0,0,0,39,1,1
28785,2014-01-26,0,6,1,1,0,0,0,경기,수원시,0,0,0,0,0,0,0,127.0033,37.2775,경기수원시,0,0,0,1,0,99,1,1
28786,2014-06-15,0,6,1,1,0,0,0,대구,수성구,0,0,0,0,0,0,0,128.6268,35.8658,대구수성구,0,0,0,1,0,37,1,1
28787,2012-09-09,0,6,1,1,0,0,0,울산,남구,0,1,0,0,0,0,0,129.3087,35.5075,울산남구,0,0,0,1,0,213,1,1
28793,2012-09-12,1,2,1,1,0,0,0,경기,남양주시,0,4,3,1,2,1,0,127.151,37.6499,경기남양주시,0,1,0,0,0,70,0,0
28798,2012-09-15,0,5,1,1,0,0,0,전남,순천시,0,4,1,0,3,1,0,127.5236,34.943,전남순천시,0,1,0,1,0,27,0,0
28805,2012-08-19,0,6,1,2,0,1,0,서울,서초구,0,1,3,0,3,0,0,126.9822,37.4881,서울서초구,0,0,0,1,0,214,1,1
28808,2012-08-23,0,3,1,1,0,0,0,부산,동구,0,0,0,0,0,0,0,129.0565,35.1417,부산동구,0,0,0,0,0,209,1,1
28809,2012-08-22,0,2,1,1,0,0,0,경남,창원시(통합),0,0,0,0,0,0,0,128.5836,35.2214,경남창원시(통합),0,0,0,0,0,86,1,1
28811,2012-08-27,1,0,1,1,0,0,0,서울,종로구,0,4,3,0,0,1,0,126.9904,37.5763,서울종로구,0,1,0,0,0,116,0,0
28813,2012-09-01,0,5,1,1,0,0,0,대구,북구,0,1,0,0,0,1,0,128.596,35.9071,대구북구,0,1,0,1,0,112,1,1
28814,2012-09-01,1,5,2,6,2,2,0,전북,순창군,0,3,2,0,0,0,0,127.117,35.3722,전북순창군,1,0,0,1,0,131,0,0
28815,2012-08-31,1,4,1,1,0,0,0,경남,진주시,0,4,4,0,0,2,0,128.0935,35.1736,경남진주시,0,2,0,0,0,42,0,0
28816,2012-08-31,0,4,1,1,0,0,0,경기,평택시,0,2,0,0,0,0,0,127.116,36.9712,경기평택시,0,0,0,0,0,14,1,1
28819,2012-09-05,1,2,1,1,0,0,0,경기,파주시,0,0,0,1,2,2,0,126.735,37.8416,경기파주시,0,2,0,0,0,175,1,1
28820,2012-09-05,0,2,1,1,0,0,0,충북,진천군,0,3,0,0,0,1,0,127.5107,36.9139,충북진천군,0,1,0,0,0,60,0,0
28824,2013-12-05,0,3,1,1,0,0,0,충남,당진시,0,0,1,1,2,0,0,126.6271,36.8895,충남당진시,0,0,0,0,0,46,1,0
28828,2013-10-24,0,3,1,1,0,0,0,전북,군산시,0,0,0,1,1,0,0,126.6924,35.9616,전북군산시,0,0,0,0,0,166,1,1
28829,2013-10-24,1,3,1,1,0,0,0,경기,이천시,0,3,0,0,0,1,0,127.49,37.2875,경기이천시,0,1,0,0,0,41,0,0
28831,2013-09-07,0,5,1,1,0,0,0,전남,순천시,0,0,0,0,0,0,0,127.5145,34.9468,전남순천시,0,0,0,1,0,27,1,1
28832,2013-09-07,0,5,1,1,0,0,0,전남,보성군,0,2,0,0,0,1,0,127.3093,34.838,전남보성군,0,1,0,1,0,122,1,1
28833,2013-09-14,0,5,1,1,0,0,0,충북,청주시,0,0,0,0,0,0,0,127.4793,36.6428,충북청주시,0,0,0,1,0,83,1,1
28836,2013-09-11,0,2,1,1,0,0,0,경북,포항시,0,1,0,1,1,0,0,129.3705,36.0563,경북포항시,0,0,0,0,0,160,1,1
28840,2013-09-30,1,0,1,1,0,0,0,충남,홍성군,0,1,0,1,2,1,0,126.6711,36.6009,충남홍성군,0,1,0,0,0,38,1,1
28842,2013-09-28,0,5,1,1,0,0,0,전북,군산시,0,1,0,0,0,0,0,126.4978,35.8472,전북군산시,0,0,0,1,0,166,1,1
28845,2013-10-18,0,4,1,1,0,0,0,대전,중구,0,0,0,0,3,0,0,127.3927,36.3264,대전중구,0,0,0,0,0,39,1,1
28849,2013-09-21,1,5,1,1,0,0,0,경북,경산시,0,0,0,0,3,0,0,128.8275,35.9156,경북경산시,0,0,0,1,0,52,1,1
28853,2013-07-14,0,6,1,1,0,0,0,전북,김제시,0,0,0,0,0,0,0,126.9139,35.8079,전북김제시,0,0,0,1,0,34,1,1
28855,2013-06-22,1,5,1,1,0,0,0,전북,김제시,0,1,0,0,0,0,0,126.8992,35.789,전북김제시,0,0,0,1,0,34,1,1
28859,2012-06-14,0,3,1,3,2,0,0,서울,광진구,0,0,2,1,1,0,0,127.0788,37.5679,서울광진구,1,0,0,0,0,183,1,1
28861,2013-07-20,0,5,1,2,0,0,1,서울,서초구,0,4,2,0,0,4,0,127.0209,37.4861,서울서초구,0,4,0,1,0,214,0,0
28862,2013-07-29,0,0,1,1,0,0,0,경북,구미시,0,1,1,0,3,0,0,128.3484,36.1202,경북구미시,0,0,0,0,0,144,1,0
28864,2013-08-29,0,3,1,1,0,0,0,충북,옥천군,0,2,0,0,0,1,0,127.6292,36.2017,충북옥천군,0,1,0,0,0,142,1,1
28868,2014-10-27,1,0,1,1,0,0,0,광주,북구,0,4,4,0,0,1,0,126.8718,35.1977,광주북구,0,1,0,0,0,137,0,0
28871,2013-01-04,0,4,1,1,0,0,0,경북,성주군,0,2,0,0,0,2,0,128.0729,35.9186,경북성주군,0,2,0,0,0,168,1,1
28874,2013-04-30,0,1,1,1,0,0,0,서울,마포구,0,0,0,0,0,0,0,126.8998,37.5661,서울마포구,0,0,0,0,0,159,1,1
28877,2013-03-18,0,0,1,1,0,0,0,경기,양평군,0,0,0,0,0,0,0,127.4899,37.4974,경기양평군,0,0,0,0,0,48,1,1
28883,2013-09-23,1,0,1,1,0,0,0,울산,중구,0,0,1,0,3,3,0,129.3358,35.5642,울산중구,0,3,0,0,0,205,1,0
28884,2013-10-02,0,2,1,1,0,0,0,충남,홍성군,0,0,0,0,0,0,0,126.631,36.5363,충남홍성군,0,0,0,0,0,38,1,1
28885,2013-10-02,1,2,1,1,0,0,0,충남,태안군,0,0,1,0,0,1,0,126.2911,36.755,충남태안군,0,1,0,0,0,169,1,0
28886,2013-10-17,0,3,1,1,0,0,0,서울,중구,0,0,0,0,0,0,0,127.0062,37.5593,서울중구,0,0,0,0,0,8,1,1
28889,2013-06-04,1,1,1,2,0,1,0,서울,강서구,0,1,0,0,0,1,0,126.8387,37.5769,서울강서구,0,1,0,0,0,43,1,1
28890,2013-06-30,1,6,1,1,0,0,0,경북,칠곡군,0,1,0,0,0,0,0,128.4362,36.0292,경북칠곡군,0,0,0,1,0,21,1,1
28891,2012-04-12,0,3,1,1,0,0,0,전북,김제시,0,1,0,0,0,0,0,127.0058,35.8708,전북김제시,0,0,0,0,0,34,1,1
28893,2014-10-29,0,2,1,1,0,0,0,전북,익산시,0,0,2,0,0,1,0,126.9759,35.951,전북익산시,0,1,0,0,0,125,1,1
28895,2012-02-24,1,4,1,1,0,0,0,제주,제주시,0,1,0,0,0,2,0,126.8467,33.5235,제주제주시,0,2,0,0,0,90,1,1
28899,2014-07-22,0,1,1,1,0,0,0,부산,동래구,0,0,0,0,0,0,0,129.0708,35.2075,부산동래구,0,0,0,0,0,216,1,1
28900,2014-07-21,0,0,1,1,0,0,0,경남,함안군,0,1,0,0,0,0,0,128.4776,35.2657,경남함안군,0,0,0,0,0,117,1,1
28903,2014-04-08,1,1,1,1,0,0,0,전북,전주시,0,2,0,0,0,0,0,127.1601,35.8281,전북전주시,0,0,0,0,0,11,1,1
28904,2014-01-14,1,1,1,1,0,0,0,충남,서산시,0,0,0,1,2,0,0,126.4628,36.7763,충남서산시,0,0,0,0,0,69,1,1
28907,2014-11-06,1,3,1,1,0,0,0,경기,성남시,0,1,0,0,3,1,0,127.1199,37.4444,경기성남시,0,1,0,0,0,95,1,1
28908,2014-01-28,0,1,1,1,0,0,0,서울,동대문구,0,2,0,0,0,0,0,127.0621,37.5899,서울동대문구,0,0,0,0,0,201,1,1
28909,2014-07-20,1,6,1,1,0,0,0,충북,청주시,0,1,0,1,1,0,0,127.5056,36.6367,충북청주시,0,0,0,1,0,83,1,1
28910,2014-04-24,0,3,1,1,0,0,0,경기,수원시,0,1,0,1,2,2,0,127.0461,37.2383,경기수원시,0,2,0,0,0,99,1,1
28912,2014-11-09,0,6,1,2,1,0,0,부산,진구,0,0,0,0,0,0,0,129.025,35.1534,부산진구,0,0,0,1,0,231,1,1
28913,2014-02-24,1,0,1,1,0,0,0,충남,천안시,0,0,0,0,0,0,0,127.1164,36.8166,충남천안시,0,0,0,0,0,63,1,1
28916,2014-06-30,1,0,1,1,0,0,0,경남,합천군,0,2,0,0,0,2,0,128.1124,35.5438,경남합천군,0,2,0,0,0,133,1,1
28919,2013-07-27,0,5,1,1,0,0,0,전남,무안군,0,0,4,0,0,0,0,126.4296,34.8401,전남무안군,0,0,0,1,0,101,1,1
28921,2013-07-25,1,3,1,1,0,0,0,부산,강서구,0,0,0,0,3,1,0,128.9501,35.1433,부산강서구,0,1,0,0,0,206,1,1
28924,2013-08-05,1,0,1,1,0,0,0,전남,여수시,0,1,0,0,0,0,0,127.709,34.7695,전남여수시,0,0,0,0,0,102,1,1
28925,2013-07-31,1,2,1,1,0,0,0,강원,원주시,0,0,2,1,1,1,0,127.9465,37.3549,강원원주시,0,1,0,0,0,36,1,1
28929,2013-07-31,1,2,1,1,0,0,0,광주,동구,0,1,0,0,0,1,0,126.9326,35.155,광주동구,0,1,0,0,0,162,1,1
28935,2012-07-04,1,2,1,1,0,0,0,경남,남해군,0,1,0,0,0,1,0,127.8747,34.8825,경남남해군,0,1,0,0,0,197,1,1
28936,2012-07-03,1,1,1,1,0,0,0,전남,여수시,0,0,1,0,3,0,0,127.6704,34.7584,전남여수시,0,0,0,0,0,102,1,0
28940,2012-07-06,0,4,1,1,0,0,0,경남,창원시(통합),0,0,3,0,3,6,0,128.5045,35.2345,경남창원시(통합),0,6,0,0,0,86,1,1
28941,2012-07-07,1,5,1,1,0,0,0,서울,중구,0,2,0,1,1,0,0,126.9875,37.5647,서울중구,0,0,0,1,0,8,1,1
28943,2012-07-17,0,1,1,1,0,0,0,충북,음성군,0,1,0,1,2,0,0,127.5147,36.973,충북음성군,0,0,0,0,0,110,1,1
28944,2012-07-17,0,1,1,1,0,0,0,충북,충주시,0,1,0,0,0,1,0,127.9283,36.9729,충북충주시,0,1,0,0,0,6,1,1
28947,2012-07-18,1,2,1,1,0,0,0,광주,남구,0,0,0,0,0,3,0,126.8986,35.1216,광주남구,0,3,0,0,0,190,1,1
28952,2012-07-29,0,6,1,1,0,0,0,경기,김포시,0,2,0,0,0,1,0,126.7198,37.6014,경기김포시,0,1,0,1,0,47,1,1
28956,2012-08-02,0,3,1,1,0,0,0,제주,제주시,0,0,0,1,1,0,0,126.5403,33.4876,제주제주시,0,0,0,0,0,90,1,1
28959,2013-03-11,1,0,1,1,0,0,0,제주,제주시,0,0,1,0,3,0,0,126.335,33.4624,제주제주시,0,0,0,0,0,90,1,0
28963,2013-03-25,1,0,1,1,0,0,0,서울,금천구,0,0,0,0,0,0,0,126.8845,37.4642,서울금천구,0,0,0,0,0,109,1,1
28964,2013-03-26,1,1,1,1,0,0,0,경북,김천시,0,1,0,1,2,2,0,127.9787,36.0712,경북김천시,0,2,0,0,0,76,1,1
28968,2013-03-29,0,4,1,1,0,0,0,전북,전주시,0,0,0,0,0,0,0,127.1369,35.842,전북전주시,0,0,0,0,0,11,1,1
28971,2013-04-05,1,4,1,1,0,0,0,경기,성남시,0,1,0,0,0,1,0,127.1529,37.454,경기성남시,0,1,0,0,0,95,1,1
28973,2013-09-03,1,1,1,1,0,0,0,충북,음성군,0,1,0,1,1,1,0,127.69,36.9368,충북음성군,0,1,0,0,0,110,1,1
28975,2013-06-13,0,3,1,1,0,0,0,경북,군위군,0,2,0,0,0,0,0,128.5642,36.2058,경북군위군,0,0,0,0,0,170,1,1
28978,2013-07-02,0,1,1,1,0,0,0,충남,논산시,0,2,2,1,1,0,0,127.1368,36.2138,충남논산시,0,0,0,0,0,61,1,1
28980,2013-01-19,1,5,1,1,0,0,0,제주,제주시,0,0,0,0,0,0,0,126.2263,33.3881,제주제주시,0,0,0,1,0,90,1,1
28981,2013-02-19,0,1,1,1,0,0,0,인천,남동구,0,0,0,0,0,2,0,126.7069,37.444,인천남동구,0,2,0,0,0,29,1,1
28983,2013-02-14,0,3,1,3,2,0,0,울산,울주군,0,1,0,1,2,0,0,129.2085,35.464,울산울주군,1,0,0,0,0,17,1,1
28986,2013-03-23,0,5,1,1,0,0,0,경기,수원시,0,1,3,1,1,0,0,127.068,37.2484,경기수원시,0,0,0,1,0,99,1,1
28989,2013-03-29,1,4,1,1,0,0,0,경기,용인시,0,0,0,1,1,1,0,127.1496,37.2901,경기용인시,0,1,0,0,0,51,1,1
28994,2013-04-07,0,6,1,1,0,0,0,경북,포항시,0,0,0,0,3,0,0,129.3801,36.0605,경북포항시,0,0,0,1,0,160,1,1
29003,2013-04-13,0,5,1,1,0,0,0,경기,남양주시,0,0,0,0,0,0,0,127.2038,37.6329,경기남양주시,0,0,0,1,0,70,1,1
29005,2013-04-20,0,5,1,2,1,0,0,충북,청주시,0,0,0,0,0,0,0,127.4794,36.6508,충북청주시,0,0,0,1,0,83,1,1
29009,2013-03-09,1,5,1,1,0,0,0,부산,금정구,0,0,0,0,0,2,0,129.0943,35.2181,부산금정구,0,2,0,1,0,96,1,1
29010,2013-03-07,0,3,1,2,0,0,1,전남,화순군,0,1,0,0,0,1,0,126.9845,35.0593,전남화순군,0,1,0,0,0,88,1,1
29011,2013-04-06,0,5,1,1,0,0,0,대구,동구,0,0,0,0,3,2,0,128.6229,35.8782,대구동구,0,2,0,1,0,26,1,1
29013,2013-04-01,1,0,1,1,0,0,0,서울,강남구,0,1,0,0,0,2,0,127.0652,37.5018,서울강남구,0,2,0,0,0,89,1,1
29017,2013-04-01,0,0,1,1,0,0,0,경남,창원시(통합),0,2,0,0,0,1,0,128.5189,35.1537,경남창원시(통합),0,1,0,0,0,86,1,1
29019,2013-04-10,0,2,1,1,0,0,0,충남,공주시,0,0,1,1,2,1,0,127.1279,36.4705,충남공주시,0,1,0,0,0,19,1,0
29020,2013-02-21,0,3,1,1,0,0,0,경기,용인시,0,0,0,0,0,0,0,127.1089,37.3343,경기용인시,0,0,0,0,0,51,1,1
29026,2013-03-09,1,5,1,1,0,0,0,서울,영등포구,0,0,0,0,0,1,0,126.8815,37.5233,서울영등포구,0,1,0,1,0,150,1,1
29030,2013-03-15,1,4,1,1,0,0,0,충남,서천군,0,3,0,0,0,0,0,126.7709,36.1435,충남서천군,0,0,0,0,0,10,0,0
29031,2013-03-16,0,5,1,1,0,0,0,전남,여수시,0,0,3,1,1,0,0,127.6968,34.7486,전남여수시,0,0,0,1,0,102,1,1
29033,2013-04-14,0,6,1,1,0,0,0,경남,남해군,0,2,0,0,0,0,0,128.0346,34.8265,경남남해군,0,0,0,1,0,197,1,1
29036,2013-04-22,1,0,1,1,0,0,0,충북,청주시,0,1,0,0,0,1,0,127.4617,36.6489,충북청주시,0,1,0,0,0,83,1,1
29037,2013-04-21,0,6,1,1,0,0,0,전북,완주군,0,1,0,0,0,0,0,127.125,35.9153,전북완주군,0,0,0,1,0,28,1,1
29038,2013-04-20,0,5,1,1,0,0,0,경기,안산시,0,0,0,0,0,0,0,126.8374,37.319,경기안산시,0,0,0,1,0,2,1,1
29043,2013-04-06,0,5,1,2,1,0,0,전남,순천시,0,0,0,1,2,0,0,127.5219,34.9681,전남순천시,0,0,0,1,0,27,1,1
29045,2013-04-05,0,4,1,1,0,0,0,경남,양산시,0,1,0,0,0,0,0,129.0479,35.3662,경남양산시,0,0,0,0,0,49,1,1
29047,2013-04-02,0,1,1,1,0,0,0,전남,광양시,0,0,0,1,2,0,0,127.6487,34.9636,전남광양시,0,0,0,0,0,130,1,1
29048,2013-04-02,0,1,1,1,0,0,0,전남,영암군,0,1,2,0,0,0,0,126.6892,34.8155,전남영암군,0,0,0,0,0,16,1,1
29052,2013-04-02,0,1,1,1,0,0,0,경남,고성군,0,2,0,0,0,0,0,128.3023,34.9377,경남고성군,0,0,0,0,0,87,1,1
29055,2013-08-02,1,4,1,2,0,1,0,전북,김제시,0,1,0,0,0,0,0,126.9317,35.7721,전북김제시,0,0,0,0,0,34,1,1
29060,2013-08-14,0,2,1,1,0,0,0,인천,옹진군,0,3,0,2,4,1,0,124.7333,37.9547,인천옹진군,0,1,0,0,0,186,0,0
29068,2013-07-18,1,3,1,1,0,0,0,대구,서구,0,1,0,0,0,5,0,128.5756,35.8828,대구서구,0,5,0,0,0,107,1,1
29070,2013-07-16,0,1,1,1,0,0,0,인천,남구,0,1,0,1,1,0,0,126.6862,37.4637,인천남동구,0,0,0,0,0,29,1,1
29072,2013-07-22,0,0,1,1,0,0,0,부산,영도구,0,0,0,1,1,0,0,129.0594,35.0974,부산영도구,0,0,0,0,0,173,1,1
29073,2013-07-23,0,1,1,1,0,0,0,전남,해남군,0,0,0,0,0,1,0,126.4068,34.571,전남해남군,0,1,0,0,0,119,1,1
29078,2013-07-27,0,5,1,1,0,0,0,경남,통영시,0,0,0,0,0,0,0,128.4211,34.9518,경남통영시,0,0,0,1,0,212,1,1
29086,2013-09-12,0,3,1,1,0,0,0,서울,성동구,0,1,0,0,0,0,0,127.0234,37.5702,서울성동구,0,0,0,0,0,84,1,1
29087,2013-09-11,0,2,1,1,0,0,0,서울,서대문구,0,1,0,0,0,0,0,126.9147,37.5777,서울서대문구,0,0,0,0,0,195,1,1
29090,2013-09-17,1,1,1,1,0,0,0,서울,영등포구,0,0,0,0,0,1,0,126.9045,37.5049,서울영등포구,0,1,0,0,0,150,1,1
29093,2013-10-01,0,1,1,1,0,0,0,경기,평택시,0,0,3,0,3,0,0,127.0925,37.0147,경기평택시,0,0,0,0,0,14,1,1
29094,2013-10-01,0,1,1,1,0,0,0,경기,안성시,0,1,0,0,0,1,0,127.2696,36.9915,경기안성시,0,1,0,0,0,23,1,1
29096,2013-10-02,0,2,1,1,0,0,0,경남,사천시,0,1,0,0,0,0,0,128.0754,34.9549,경남사천시,0,0,0,0,0,57,1,1
29102,2012-04-28,0,5,1,1,0,0,0,경기,오산시,0,0,3,1,2,0,0,127.0782,37.1371,경기오산시,0,0,0,1,0,143,1,1
29112,2013-01-22,1,1,1,1,0,0,0,충남,아산시,0,1,0,2,4,0,0,127.0159,36.7475,충남아산시,0,0,0,0,0,53,1,1
29117,2012-05-12,0,5,1,1,0,0,0,경기,성남시,0,2,0,0,0,2,0,127.1285,37.4361,경기성남시,0,2,0,1,0,95,1,1
29119,2012-04-12,1,3,1,1,0,0,0,전남,여수시,0,0,0,1,1,0,0,127.5569,34.8135,전남여수시,0,0,0,0,0,102,1,1
29120,2012-04-15,1,6,1,1,0,0,0,경기,성남시,0,1,0,0,0,7,0,127.1251,37.4049,경기성남시,0,7,0,1,0,95,1,1
29122,2012-04-14,0,5,1,1,0,0,0,전남,순천시,0,0,0,0,0,0,0,127.2076,35.0866,전남순천시,0,0,0,1,0,27,1,1
29123,2012-04-19,0,3,1,1,0,0,0,경기,고양시,0,0,2,1,2,0,0,126.7778,37.6827,경기고양시,0,0,0,0,0,40,1,1
29126,2012-01-17,0,1,1,1,0,0,0,전북,김제시,0,0,0,0,0,0,0,126.8655,35.8159,전북김제시,0,0,0,0,0,34,1,1
29128,2012-11-04,0,6,1,1,0,0,0,경북,청송군,0,3,0,0,0,0,0,129.0121,36.5507,경북청송군,0,0,0,1,0,203,0,0
29129,2012-12-13,0,3,1,1,0,0,0,충북,청주시,0,0,0,1,2,1,0,127.4591,36.6431,충북청주시,0,1,0,0,0,83,1,1
29130,2012-10-28,1,6,1,2,1,0,0,전북,정읍시,0,0,0,0,0,0,0,126.8914,35.5334,전북정읍시,0,0,0,1,0,12,1,1
29139,2014-04-12,1,5,1,1,0,0,0,경남,창원시(통합),0,0,2,0,0,0,0,128.6384,35.3179,경남창원시(통합),0,0,0,1,0,86,1,1
29143,2014-09-21,0,6,1,1,0,0,0,전남,순천시,0,1,0,0,0,0,0,127.4597,35.1407,전남순천시,0,0,0,1,0,27,1,1
29147,2014-01-26,1,6,1,1,0,0,0,대전,중구,0,0,0,0,0,0,0,127.4202,36.3204,대전중구,0,0,0,1,0,39,1,1
29149,2014-05-28,1,2,1,1,0,0,0,경남,창원시(통합),0,1,4,2,4,0,0,128.6751,35.2369,경남창원시(통합),0,0,0,0,0,86,1,1
29154,2012-08-10,0,4,1,1,0,0,0,충북,영동군,0,1,0,0,0,1,0,127.7175,36.1131,충북영동군,0,1,0,0,0,75,1,1
29155,2012-09-03,1,0,1,1,0,0,0,인천,서구,0,0,0,0,0,0,0,126.6617,37.5868,인천서구,0,0,0,0,0,97,1,1
29156,2014-04-06,0,6,1,1,0,0,0,서울,동작구,0,0,3,0,3,7,0,126.9515,37.4988,서울동작구,0,7,0,1,0,93,1,1
29157,2014-05-04,0,6,1,1,0,0,0,전북,익산시,0,1,0,0,0,0,0,127.0099,36.0781,전북익산시,0,0,0,1,0,125,1,1
29162,2014-09-20,0,5,1,1,0,0,0,경기,수원시,0,0,0,0,0,0,0,127.0336,37.2666,경기수원시,0,0,0,1,0,99,1,1
29164,2012-06-14,1,3,1,1,0,0,0,경기,이천시,0,2,3,1,1,6,0,127.4483,37.2856,경기이천시,0,6,0,0,0,41,1,1
29167,2012-04-01,0,6,1,1,0,0,0,충북,옥천군,0,2,0,0,0,1,0,127.6279,36.2529,충북옥천군,0,1,0,1,0,142,1,1
29168,2012-03-31,0,5,1,1,0,0,0,울산,중구,0,0,0,0,0,0,0,129.3108,35.5529,울산중구,0,0,0,1,0,205,1,1
29171,2012-02-22,1,2,1,1,0,0,0,경기,수원시,0,4,0,1,1,0,0,126.9868,37.2513,경기수원시,0,0,0,0,0,99,0,0
29173,2012-12-01,0,5,1,1,0,0,0,전남,순천시,0,2,0,0,0,0,0,127.4764,34.89,전남순천시,0,0,0,1,0,27,1,1
29174,2012-12-16,1,6,1,2,1,0,0,부산,동구,0,0,0,0,0,0,0,129.0401,35.1193,부산동구,0,0,0,1,0,209,1,1
29178,2012-10-21,0,5,1,1,0,0,0,울산,중구,0,0,0,1,2,0,0,129.3463,35.5806,울산중구,0,0,0,1,0,205,1,1
29179,2012-10-10,0,2,1,1,0,0,0,충북,음성군,0,4,0,0,0,1,0,127.5386,37.0421,충북음성군,0,1,0,0,0,110,0,0
29185,2014-03-25,0,1,1,1,0,0,0,경북,김천시,0,4,0,1,2,2,0,128.0357,36.1345,경북김천시,0,2,0,0,0,76,0,0
29186,2014-04-03,0,3,1,1,0,0,0,대구,달성군,0,2,0,1,2,0,0,128.6499,35.755,대구달성군,0,0,0,0,0,30,1,1
29191,2014-04-10,0,3,1,1,0,0,0,경남,진주시,0,1,0,0,0,0,0,128.0713,35.1803,경남진주시,0,0,0,0,0,42,1,1
29193,2014-04-10,0,3,1,1,0,0,0,충남,홍성군,0,1,0,0,0,0,0,126.6968,36.5263,충남홍성군,0,0,0,0,0,38,1,1
29194,2014-04-11,0,4,1,1,0,0,0,울산,동구,0,4,0,0,0,0,0,129.4262,35.5187,울산동구,0,0,0,0,0,225,0,0
29196,2014-04-11,0,4,1,1,0,0,0,강원,양구군,0,0,5,1,1,0,0,128.0328,38.1079,강원양구군,0,0,0,0,0,115,1,1
29197,2014-04-11,0,4,1,2,1,0,0,경기,안산시,0,0,0,2,4,2,0,126.8481,37.3278,경기안산시,0,2,0,0,0,2,1,1
29198,2014-04-08,0,1,1,1,0,0,0,대구,수성구,0,1,0,0,3,0,0,128.6587,35.8532,대구수성구,0,0,0,0,0,37,1,1
29201,2014-04-17,1,3,1,1,0,0,0,서울,종로구,0,4,0,0,3,1,0,126.9592,37.6069,서울종로구,0,1,0,0,0,116,0,0
29205,2014-04-16,1,2,1,1,0,0,0,대구,중구,0,1,0,1,1,1,0,128.5794,35.8713,대구중구,0,1,0,0,0,178,1,1
29207,2014-04-13,0,6,1,1,0,0,0,충남,금산군,0,1,0,0,0,1,0,127.4852,36.2009,충남금산군,0,1,0,1,0,68,1,1
29208,2014-04-22,1,1,1,1,0,0,0,부산,금정구,0,0,1,1,2,0,0,129.1159,35.2252,부산금정구,0,0,0,0,0,96,1,0
29214,2014-04-25,0,4,1,1,0,0,0,서울,강남구,0,0,0,0,3,0,0,127.0328,37.4868,서울강남구,0,0,0,0,0,89,1,1
29216,2014-04-20,0,6,1,3,2,0,0,서울,은평구,0,0,1,0,3,0,0,126.9184,37.5892,서울은평구,1,0,0,1,0,139,1,0