index,발생년월일,주야,요일,사망자수,사상자수,중상자수,경상자수,부상신고자수,발생지시도,발생지시군구,사고유형_대분류,사고유형_중분류,법규위반,도로형태_대분류,도로형태,당사자종별_1당_대분류,당사자종별_2당_대분류,경도,위도,발생지,사고피해정도,사고차량타입,도시여부,주말/공휴일,인구수,발생지번호,보행자의위치,무단횡단여부
29220,2014-05-04,0,6,1,1,0,0,0,서울,서초구,0,1,0,0,0,0,0,127.0725,37.462,서울서초구,0,0,0,1,0,214,1,1
29221,2014-05-11,0,6,1,1,0,0,0,충남,아산시,0,0,0,2,4,6,0,127.0129,36.7847,충남아산시,0,6,0,1,0,53,1,1
29229,2014-04-04,0,4,1,1,0,0,0,전남,장흥군,0,3,0,0,0,0,0,126.8878,34.6655,전남장흥군,0,0,0,0,0,56,0,0
29230,2014-04-06,0,6,1,1,0,0,0,경기,화성시,0,1,0,0,3,0,0,126.9284,37.1577,경기화성시,0,0,0,1,0,50,1,1
29234,2014-04-09,1,2,1,1,0,0,0,전남,곡성군,0,1,0,0,0,5,0,127.206,35.3112,전남곡성군,0,5,0,0,0,147,1,1
29237,2014-04-14,1,0,1,1,0,0,0,경북,칠곡군,0,0,1,1,2,0,0,128.4218,35.9704,경북칠곡군,0,0,0,0,0,21,1,0
29240,2014-04-23,0,2,1,1,0,0,0,제주,제주시,0,1,0,0,0,0,0,126.5048,33.4932,제주제주시,0,0,0,0,0,90,1,1
29241,2014-04-21,0,0,1,1,0,0,0,경남,밀양시,0,0,0,0,3,1,0,128.7365,35.5055,경남밀양시,0,1,0,0,0,177,1,1
29244,2014-05-13,0,1,1,1,0,0,0,전북,익산시,0,0,0,0,0,1,0,126.9534,35.9616,전북익산시,0,1,0,0,0,125,1,1
29245,2014-05-01,1,3,1,1,0,0,0,인천,서구,0,0,0,0,0,0,0,126.6686,37.5124,인천서구,0,0,0,0,0,97,1,1
29253,2014-05-03,0,5,1,1,0,0,0,경기,이천시,0,1,0,0,0,1,0,127.4514,37.214,경기이천시,0,1,0,1,0,41,1,1
29266,2014-04-12,0,5,1,1,0,0,0,경기,안산시,0,1,0,0,0,0,0,126.8184,37.3422,경기안산시,0,0,0,1,0,2,1,1
29269,2014-04-04,1,4,1,1,0,0,0,경남,함안군,0,0,0,0,0,0,0,128.348,35.2726,경남함안군,0,0,0,0,0,117,1,1
29270,2014-04-01,0,1,1,1,0,0,0,경북,안동시,0,1,0,2,4,0,0,128.7361,36.5637,경북안동시,0,0,0,0,0,66,1,1
29271,2014-04-06,0,6,1,1,0,0,0,서울,영등포구,0,2,0,1,1,2,0,126.8842,37.5167,서울영등포구,0,2,0,1,0,150,1,1
29274,2014-04-22,0,1,1,1,0,0,0,대전,대덕구,0,1,0,0,0,1,0,127.4287,36.4532,대전대덕구,0,1,0,0,0,77,1,1
29275,2014-05-02,1,4,1,2,0,1,0,서울,은평구,0,0,1,0,3,4,0,126.9248,37.6206,서울은평구,0,4,0,0,0,139,1,0
29277,2014-04-29,0,1,1,1,0,0,0,대구,달서구,0,3,0,1,1,0,0,128.5529,35.8255,대구달서구,0,0,0,0,0,20,0,0
29278,2014-05-12,0,0,1,1,0,0,0,충남,아산시,0,1,0,2,4,0,0,127.0346,36.8984,충남아산시,0,0,0,0,0,53,1,1
29282,2014-04-29,1,1,1,1,0,0,0,광주,서구,0,0,0,0,3,2,0,126.8772,35.1616,광주서구,0,2,0,0,0,222,1,1
29285,2014-04-27,0,6,1,1,0,0,0,서울,노원구,0,0,1,1,2,0,0,127.0714,37.6288,서울노원구,0,0,0,1,0,18,1,0
29289,2014-03-30,0,6,2,2,0,0,0,서울,강서구,0,0,0,0,0,2,0,126.8121,37.5612,서울강서구,0,2,0,1,0,43,1,1
29290,2013-06-24,0,0,1,1,0,0,0,경북,김천시,0,1,0,0,3,0,0,128.0906,36.1369,경북김천시,0,0,0,0,0,76,1,1
29296,2014-02-25,0,1,1,1,0,0,0,경기,화성시,0,0,0,0,0,2,0,126.9479,37.2193,경기화성시,0,2,0,0,0,50,1,1
29301,2014-01-27,1,0,1,1,0,0,0,경기,남양주시,0,0,3,1,2,0,0,127.2003,37.6323,경기남양주시,0,0,0,0,0,70,1,1
29310,2013-06-11,0,1,1,1,0,0,0,경북,영천시,0,0,1,1,2,1,0,128.9372,35.9635,경북영천시,0,1,0,0,0,5,1,0
29315,2013-06-16,1,6,1,1,0,0,0,경기,고양시,0,1,0,0,0,0,0,126.7738,37.6853,경기고양시,0,0,0,1,0,40,1,1
29317,2013-06-16,1,6,1,1,0,0,0,경기,시흥시,0,0,3,0,0,0,0,126.792,37.4389,경기시흥시,0,0,0,1,0,73,1,1
29319,2013-06-14,0,4,1,1,0,0,0,서울,동대문구,0,1,0,1,1,0,0,127.051,37.5681,서울동대문구,0,0,0,0,0,201,1,1
29323,2013-06-18,1,1,1,1,0,0,0,서울,강북구,0,0,0,0,0,0,0,127.0223,37.6424,서울강북구,0,0,0,0,0,200,1,1
29324,2014-04-30,1,2,1,5,2,2,0,경기,수원시,0,4,0,0,0,0,0,126.9716,37.2997,경기수원시,1,0,0,0,0,99,0,0
29327,2014-04-04,1,4,1,1,0,0,0,경기,화성시,0,0,1,0,3,2,0,127.056,37.2015,경기화성시,0,2,0,0,0,50,1,0
29330,2014-04-12,1,5,1,1,0,0,0,충남,천안시,0,1,0,0,0,0,0,127.1545,36.8573,충남천안시,0,0,0,1,0,63,1,1
29331,2014-04-05,0,5,1,1,0,0,0,충북,청원군,0,1,0,0,0,0,0,127.5475,36.5169,충북청주시,0,0,0,1,0,83,1,1
29332,2014-04-28,0,0,1,1,0,0,0,부산,사상구,0,0,2,0,0,0,0,128.988,35.1588,부산사상구,0,0,0,0,0,120,1,1
29333,2014-03-27,0,3,1,1,0,0,0,경북,문경시,0,2,0,0,0,1,0,128.121,36.6924,경북문경시,0,1,0,0,0,74,1,1
29335,2014-03-25,0,1,1,1,0,0,0,전남,광양시,0,3,0,0,0,2,0,127.7107,34.9445,전남광양시,0,2,0,0,0,130,0,0
29338,2014-04-10,1,3,1,1,0,0,0,경기,고양시,0,1,1,0,0,1,0,126.905,37.7202,경기고양시,0,1,0,0,0,40,1,0
29340,2014-04-19,0,5,1,1,0,0,0,제주,제주시,0,0,0,1,1,0,0,126.6588,33.5368,제주제주시,0,0,0,1,0,90,1,1
29343,2014-05-11,0,6,1,1,0,0,0,서울,송파구,0,0,0,0,3,2,0,127.1052,37.5071,서울송파구,0,2,0,1,0,156,1,1
29344,2014-04-29,0,1,1,1,0,0,0,서울,영등포구,0,1,0,0,0,0,0,126.901,37.5144,서울영등포구,0,0,0,0,0,150,1,1
29345,2013-06-14,1,4,1,1,0,0,0,경기,가평군,0,0,2,0,0,0,0,127.5066,37.8545,경기가평군,0,0,0,0,0,176,1,1
29346,2013-07-05,0,4,1,2,0,1,0,경남,창원시(통합),0,0,1,0,3,0,0,128.6779,35.1529,경남창원시(통합),0,0,0,0,0,86,1,0
29347,2013-07-04,0,3,1,1,0,0,0,경기,김포시,0,2,0,0,0,0,0,126.5366,37.7252,경기김포시,0,0,0,0,0,47,1,1
29350,2013-06-28,0,4,1,1,0,0,0,강원,삼척시,0,0,0,0,0,0,0,129.1911,37.4234,강원삼척시,0,0,0,0,0,78,1,1
29351,2013-06-28,0,4,1,1,0,0,0,부산,사상구,0,1,0,0,0,1,0,128.9801,35.1912,부산사상구,0,1,0,0,0,120,1,1
29352,2013-06-28,1,4,1,2,1,0,0,부산,북구,0,1,0,1,2,0,0,128.9915,35.2003,부산북구,0,0,0,0,0,118,1,1
29356,2013-06-23,0,6,1,1,0,0,0,전남,나주시,0,3,0,0,0,0,0,126.8232,35.0333,전남나주시,0,0,0,1,0,33,0,0
29358,2013-05-26,0,6,1,1,0,0,0,대구,서구,0,0,0,0,0,0,0,128.5766,35.8786,대구서구,0,0,0,1,0,107,1,1
29359,2013-05-25,1,5,1,1,0,0,0,경기,시흥시,0,0,1,0,3,1,0,126.8114,37.3638,경기시흥시,0,1,0,1,0,73,1,0
29360,2013-05-30,0,3,1,1,0,0,0,경기,부천시,0,0,0,0,0,0,0,126.8089,37.483,경기부천시,0,0,0,0,0,65,1,1
29362,2013-05-31,1,4,1,1,0,0,0,경기,고양시,0,0,0,0,3,2,0,126.7644,37.6691,경기고양시,0,2,0,0,0,40,1,1
29363,2013-05-27,0,0,1,1,0,0,0,경기,수원시,0,0,0,1,1,2,0,127.0257,37.2364,경기수원시,0,2,0,0,0,99,1,1
29365,2013-06-08,0,5,1,1,0,0,0,전북,부안군,0,1,0,0,0,0,0,126.6769,35.6824,전북부안군,0,0,0,1,0,185,1,1
29369,2013-06-10,0,0,1,1,0,0,0,충남,청양군,0,0,0,0,0,0,0,126.9406,36.3969,충남청양군,0,0,0,0,0,174,1,1
29370,2013-06-07,0,4,1,1,0,0,0,광주,광산구,0,2,0,0,0,0,0,126.8155,35.1335,광주광산구,0,0,0,0,0,135,1,1
29371,2013-06-11,0,1,1,1,0,0,0,충북,진천군,0,1,0,0,0,0,0,127.4649,36.8704,충북진천군,0,0,0,0,0,60,1,1
29372,2013-06-13,0,3,1,1,0,0,0,전북,전주시,0,0,3,0,3,0,0,127.1476,35.8253,전북전주시,0,0,0,0,0,11,1,1
29373,2013-06-15,0,5,1,1,0,0,0,서울,강서구,0,0,0,0,3,0,0,126.8399,37.5633,서울강서구,0,0,0,1,0,43,1,1
29377,2013-07-03,1,2,1,1,0,0,0,인천,남구,0,1,0,1,2,3,0,126.6419,37.4607,인천남동구,0,3,0,0,0,29,1,1
29380,2013-07-02,0,1,1,1,0,0,0,서울,용산구,0,1,5,0,0,0,0,126.9949,37.5345,서울용산구,0,0,0,0,0,134,1,1
29381,2013-07-03,1,2,1,1,0,0,0,충남,아산시,0,1,0,1,2,0,0,127.0123,36.8468,충남아산시,0,0,0,0,0,53,1,1
29384,2013-06-30,1,6,1,1,0,0,0,전남,나주시,0,1,0,2,4,1,0,126.7576,34.9982,전남나주시,0,1,0,1,0,33,1,1
29385,2013-06-29,0,5,1,1,0,0,0,광주,광산구,0,2,2,1,2,1,0,126.8353,35.223,광주광산구,0,1,0,1,0,135,1,1
29391,2013-07-07,0,6,1,1,0,0,0,전남,여수시,0,1,0,0,0,1,0,127.7669,34.7151,전남여수시,0,1,0,1,0,102,1,1
29397,2012-10-08,0,0,1,1,0,0,0,강원,홍천군,0,1,3,1,2,2,0,127.8392,37.6525,강원홍천군,0,2,0,0,0,82,1,1
29399,2012-10-19,0,4,1,1,0,0,0,충남,홍성군,0,2,0,0,0,0,0,126.7669,36.5204,충남홍성군,0,0,0,0,0,38,1,1
29400,2012-10-19,0,4,1,1,0,0,0,충남,당진시,0,3,0,0,0,0,0,126.6929,36.9702,충남당진시,0,0,0,0,0,46,0,0
29401,2012-10-02,0,1,1,1,0,0,0,경북,안동시,0,0,0,0,3,0,0,128.7229,36.5634,경북안동시,0,0,0,0,0,66,1,1
29403,2012-07-23,0,0,1,1,0,0,0,서울,동대문구,0,1,0,0,0,7,0,127.0744,37.5652,서울동대문구,0,7,0,0,0,201,1,1
29408,2013-01-14,0,0,1,1,0,0,0,경기,고양시,0,0,0,0,0,0,0,126.8354,37.6191,경기고양시,0,0,0,0,0,40,1,1
29409,2013-01-21,1,0,1,1,0,0,0,서울,강서구,0,1,0,0,0,0,0,126.831,37.5726,서울강서구,0,0,0,0,0,43,1,1
29410,2013-01-22,0,1,1,1,0,0,0,경북,영천시,0,0,0,1,1,0,0,128.8952,36.0498,경북영천시,0,0,0,0,0,5,1,1
29413,2013-06-20,1,3,1,1,0,0,0,경기,평택시,0,1,0,1,2,0,0,126.9579,37.0416,경기평택시,0,0,0,0,0,14,1,1
29418,2013-06-24,0,0,1,1,0,0,0,울산,중구,0,0,0,0,0,0,0,129.3238,35.552,울산중구,0,0,0,0,0,205,1,1
29419,2013-06-25,1,1,1,3,1,1,0,광주,동구,0,0,5,0,3,2,0,126.9228,35.1396,광주동구,0,2,0,0,0,162,1,1
29422,2013-05-23,1,3,1,1,0,0,0,경기,안양시,0,1,4,0,0,0,0,126.9469,37.4007,경기안양시,0,0,0,0,0,151,1,1
29423,2013-05-30,0,3,1,1,0,0,0,대구,수성구,0,0,0,0,0,0,0,128.6285,35.859,대구수성구,0,0,0,0,0,37,1,1
29427,2013-06-05,1,2,1,1,0,0,0,경북,안동시,0,1,2,0,0,0,0,128.7642,36.5511,경북안동시,0,0,0,0,0,66,1,1
29431,2013-06-10,0,0,1,1,0,0,0,서울,중랑구,0,0,0,0,3,1,0,127.0791,37.6035,서울중랑구,0,1,0,0,0,196,1,1
29436,2013-06-12,0,2,1,1,0,0,0,전남,고흥군,0,1,5,1,2,1,0,127.1351,34.5313,전남고흥군,0,1,0,0,0,191,1,1
29438,2012-06-14,0,3,1,1,0,0,0,경기,안양시,0,0,0,0,0,0,0,126.9022,37.4023,경기안양시,0,0,0,0,0,151,1,1
29439,2012-03-19,1,0,1,1,0,0,0,충북,청원군,0,1,0,1,1,2,0,127.5992,36.627,충북청주시,0,2,0,0,0,83,1,1
29442,2012-11-18,0,6,1,2,0,1,0,서울,동대문구,0,1,0,0,0,0,0,127.0699,37.5724,서울동대문구,0,0,0,1,0,201,1,1
29448,2012-09-26,1,2,1,1,0,0,0,경북,포항시,0,0,5,0,0,1,0,129.3665,36.0148,경북포항시,0,1,0,0,0,160,1,1
29449,2012-11-24,1,5,1,1,0,0,0,대전,대덕구,0,0,0,0,0,1,0,127.429,36.4424,대전대덕구,0,1,0,1,0,77,1,1
29450,2014-10-26,0,6,1,1,0,0,0,경북,칠곡군,0,1,0,0,0,0,0,128.3455,36.0645,경북칠곡군,0,0,0,1,0,21,1,1
29456,2014-10-31,1,4,1,2,1,0,0,전북,전주시,0,1,0,0,0,1,0,127.1226,35.8232,전북전주시,0,1,0,0,0,11,1,1
29458,2014-10-29,1,2,1,1,0,0,0,경기,시흥시,0,0,0,1,2,1,0,126.6888,37.3449,경기시흥시,0,1,0,0,0,73,1,1
29459,2014-10-30,0,3,1,2,1,0,0,경기,용인시,0,0,1,1,1,0,0,127.0884,37.3214,경기용인시,0,0,0,0,0,51,1,0
29463,2014-11-18,0,1,1,1,0,0,0,경기,포천시,0,0,2,0,0,0,0,127.3022,37.8863,경기포천시,0,0,0,0,0,171,1,1
29464,2014-11-19,1,2,1,1,0,0,0,전남,강진군,0,0,2,0,0,1,0,126.7221,34.5146,전남강진군,0,1,0,0,0,121,1,1
29465,2014-11-19,0,2,1,1,0,0,0,대구,동구,0,1,0,1,1,0,0,128.6013,35.8758,대구동구,0,0,0,0,0,26,1,1
29466,2014-11-19,0,2,1,1,0,0,0,경남,거제시,0,1,0,0,0,0,0,128.6227,34.8864,경남거제시,0,0,0,0,0,15,1,1
29467,2014-10-07,0,1,1,1,0,0,0,충남,아산시,0,0,0,0,0,0,0,127.0948,36.832,충남아산시,0,0,0,0,0,53,1,1
29476,2014-10-13,0,0,1,1,0,0,0,경기,수원시,0,1,0,0,0,0,0,127.0168,37.2765,경기수원시,0,0,0,0,0,99,1,1
29477,2014-10-21,0,1,1,1,0,0,0,경기,성남시,0,4,3,0,3,2,0,127.1487,37.4146,경기성남시,0,2,0,0,0,95,0,0
29478,2014-10-20,1,0,1,1,0,0,0,전북,완주군,0,0,0,0,0,1,0,127.2324,35.7225,전북완주군,0,1,0,0,0,28,1,1
29479,2014-10-17,1,4,1,1,0,0,0,전남,순천시,0,1,0,0,0,0,0,127.4623,34.9503,전남순천시,0,0,0,0,0,27,1,1
29481,2014-10-26,0,6,1,1,0,0,0,경기,포천시,0,0,0,0,0,0,0,127.1488,37.8275,경기포천시,0,0,0,1,0,171,1,1
29482,2014-10-25,0,5,1,1,0,0,0,부산,남구,0,0,0,0,3,0,0,129.0667,35.1429,부산남구,0,0,0,1,0,180,1,1
29486,2014-10-23,0,3,1,1,0,0,0,경북,경주시,0,1,0,0,0,1,0,129.3343,35.6774,경북경주시,0,1,0,0,0,100,1,1
29487,2013-06-20,0,3,1,1,0,0,0,경북,칠곡군,0,3,0,0,0,0,0,128.4294,35.9912,경북칠곡군,0,0,0,0,0,21,0,0
29495,2013-06-24,0,0,1,2,1,0,0,대구,달성군,0,0,1,1,1,6,0,128.4863,35.885,대구달성군,0,6,0,0,0,30,1,0
29500,2013-02-13,0,2,1,1,0,0,0,전북,전주시,0,4,1,0,0,0,0,127.1328,35.8341,전북전주시,0,0,0,0,0,11,0,0
29506,2013-03-12,1,1,1,1,0,0,0,인천,남동구,0,1,0,0,0,0,0,126.736,37.4527,인천남동구,0,0,0,0,0,29,1,1
29507,2013-07-11,0,3,1,1,0,0,0,서울,금천구,0,1,0,0,0,0,0,126.8981,37.4724,서울금천구,0,0,0,0,0,109,1,1
29512,2013-09-26,0,3,1,1,0,0,0,충남,서천군,0,0,0,2,4,0,0,126.728,36.0243,충남서천군,0,0,0,0,0,10,1,1
29519,2012-09-26,1,2,1,1,0,0,0,충북,옥천군,0,1,0,0,0,1,0,127.5343,36.3316,충북옥천군,0,1,0,0,0,142,1,1
29520,2012-05-15,0,1,1,1,0,0,0,전북,전주시,0,0,0,0,0,0,0,127.0824,35.7947,전북전주시,0,0,0,0,0,11,1,1
29521,2012-04-17,1,1,1,1,0,0,0,서울,도봉구,0,1,0,0,0,0,0,127.0465,37.6619,서울도봉구,0,0,0,0,0,98,1,1
29522,2012-03-17,0,5,1,1,0,0,0,대전,동구,0,0,2,0,0,0,0,127.4391,36.3352,대전동구,0,0,0,1,0,80,1,1
29523,2012-02-28,0,1,1,1,0,0,0,경북,군위군,0,0,0,1,2,0,0,128.5782,36.1324,경북군위군,0,0,0,0,0,170,1,1
29524,2012-12-27,0,3,1,1,0,0,0,경기,양주시,0,4,0,1,1,0,0,127.0496,37.8396,경기양주시,0,0,0,0,0,59,0,0
29525,2012-12-03,0,0,1,1,0,0,0,경기,용인시,0,0,0,0,0,0,0,127.2115,37.2332,경기용인시,0,0,0,0,0,51,1,1
29529,2012-10-28,0,6,1,1,0,0,0,경기,남양주시,0,0,0,0,3,0,0,127.1966,37.5963,경기남양주시,0,0,0,1,0,70,1,1
29531,2012-10-07,0,6,1,1,0,0,0,경남,진주시,0,0,0,0,0,0,0,128.0937,35.179,경남진주시,0,0,0,1,0,42,1,1
29534,2012-06-12,0,1,1,1,0,0,0,전남,나주시,0,0,3,1,2,0,0,126.7537,35.0354,전남나주시,0,0,0,0,0,33,1,1
29537,2012-10-17,0,2,1,1,0,0,0,서울,강서구,0,0,3,0,0,0,0,126.8679,37.5493,서울강서구,0,0,0,0,0,43,1,1
29538,2013-01-30,0,2,1,1,0,0,0,충북,청원군,0,0,0,0,0,2,0,127.6278,36.6108,충북청주시,0,2,0,0,0,83,1,1
29539,2013-01-07,0,0,1,1,0,0,0,충북,옥천군,0,0,0,0,0,1,0,127.5354,36.3301,충북옥천군,0,1,0,0,0,142,1,1
29541,2013-02-12,0,1,1,1,0,0,0,인천,서구,0,0,0,1,2,2,0,126.6719,37.5007,인천서구,0,2,0,0,0,97,1,1
29544,2013-11-10,1,6,1,1,0,0,0,경기,고양시,0,0,1,1,1,0,0,126.7707,37.6862,경기고양시,0,0,0,1,0,40,1,0
29545,2013-11-07,0,3,1,3,0,2,0,충남,논산시,0,0,0,0,0,0,0,127.1078,36.2437,충남논산시,0,0,0,0,0,61,1,1
29547,2014-10-22,1,2,1,1,0,0,0,경남,창원시(통합),0,0,0,1,1,1,0,128.6406,35.2499,경남창원시(통합),0,1,0,0,0,86,1,1
29549,2014-10-28,1,1,1,1,0,0,0,서울,성동구,0,1,0,0,0,7,0,127.0547,37.5436,서울성동구,0,7,0,0,0,84,1,1
29550,2014-09-03,0,2,1,1,0,0,0,서울,양천구,0,0,0,0,0,1,0,126.8306,37.5395,서울양천구,0,1,0,0,0,140,1,1
29551,2014-09-02,0,1,1,1,0,0,0,서울,광진구,0,0,2,0,0,0,0,127.0861,37.5546,서울광진구,0,0,0,0,0,183,1,1
29553,2014-09-14,0,6,1,1,0,0,0,경기,안산시,0,1,0,1,2,0,0,126.8481,37.3339,경기안산시,0,0,0,1,0,2,1,1
29555,2014-09-21,1,6,1,1,0,0,0,경남,진주시,0,1,0,1,2,0,0,128.1076,35.159,경남진주시,0,0,0,1,0,42,1,1
29559,2014-09-23,0,1,1,1,0,0,0,충북,청주시,0,1,1,1,1,0,0,127.4696,36.6556,충북청주시,0,0,0,0,0,83,1,0
29560,2014-09-23,1,1,1,1,0,0,0,경남,밀양시,0,3,0,0,0,1,0,128.7932,35.5034,경남밀양시,0,1,0,0,0,177,0,0
29561,2014-09-22,0,0,1,1,0,0,0,경기,화성시,0,3,0,0,0,0,0,126.7265,37.186,경기화성시,0,0,0,0,0,50,0,0
29562,2014-09-16,0,1,1,1,0,0,0,경북,안동시,0,0,0,0,0,0,0,128.7142,36.5642,경북안동시,0,0,0,0,0,66,1,1
29564,2014-08-17,0,6,1,2,0,1,0,서울,도봉구,0,0,2,1,2,0,0,127.0454,37.6805,서울도봉구,0,0,0,1,0,98,1,1
29565,2014-08-15,0,4,1,1,0,0,0,경북,상주시,0,0,0,0,0,1,0,128.1567,36.5757,경북상주시,0,1,0,1,0,58,1,1
29567,2014-08-25,0,0,1,1,0,0,0,경남,김해시,0,0,0,0,0,1,0,128.8671,35.2701,경남김해시,0,1,0,0,0,13,1,1
29568,2014-08-26,1,1,1,1,0,0,0,경남,합천군,0,0,1,0,3,1,0,128.1632,35.5677,경남합천군,0,1,0,0,0,133,1,0
29572,2014-08-31,0,6,1,1,0,0,0,부산,진구,0,1,0,1,1,0,0,129.0201,35.1513,부산진구,0,0,0,1,0,231,1,1
29573,2014-09-06,0,5,1,1,0,0,0,경남,김해시,0,4,1,0,0,0,0,128.7942,35.1797,경남김해시,0,0,0,1,0,13,0,0
29577,2014-09-14,0,6,1,1,0,0,0,경기,안산시,0,0,0,1,2,0,0,126.5693,37.2756,경기안산시,0,0,0,1,0,2,1,1
29578,2014-09-15,1,0,1,1,0,0,0,광주,서구,0,1,0,0,0,1,0,126.8688,35.1241,광주서구,0,1,0,0,0,222,1,1
29580,2014-09-21,0,6,1,1,0,0,0,대구,동구,0,0,0,1,2,0,0,128.6782,35.8753,대구동구,0,0,0,1,0,26,1,1
29583,2014-09-24,0,2,1,4,2,1,0,인천,남동구,0,1,0,0,0,2,0,126.7212,37.455,인천남동구,1,2,0,0,0,29,1,1
29585,2014-09-17,1,2,1,1,0,0,0,인천,부평구,0,0,1,1,1,1,0,126.7062,37.5128,인천부평구,0,1,0,0,0,44,1,0
29587,2014-09-16,0,1,1,1,0,0,0,경기,안양시,0,0,0,1,2,6,0,126.9202,37.3962,경기안양시,0,6,0,0,0,151,1,1
29589,2013-06-27,0,3,1,2,1,0,0,경기,고양시,0,4,0,0,0,6,0,126.8293,37.6192,경기고양시,0,6,0,0,0,40,0,0
29590,2013-06-02,1,6,1,1,0,0,0,충북,충주시,0,3,0,1,1,0,0,127.9002,36.9432,충북충주시,0,0,0,1,0,6,0,0
29591,2013-06-01,0,5,1,1,0,0,0,광주,서구,0,0,1,0,3,0,0,126.8526,35.1251,광주서구,0,0,0,1,0,222,1,0
29595,2012-01-01,0,6,1,1,0,0,0,서울,영등포구,0,0,0,0,0,2,0,126.9035,37.5202,서울영등포구,0,2,0,1,0,150,1,1
29602,2013-05-19,1,6,1,1,0,0,0,경남,양산시,0,0,0,0,0,0,0,129.05,35.3814,경남양산시,0,0,0,1,0,49,1,1
29608,2014-06-27,0,4,1,1,0,0,0,경남,김해시,0,0,0,1,1,0,0,128.858,35.2373,경남김해시,0,0,0,0,0,13,1,1
29609,2012-05-11,0,4,1,1,0,0,0,서울,은평구,0,0,0,0,3,1,0,126.92,37.6246,서울은평구,0,1,0,0,0,139,1,1
29611,2012-01-25,0,2,1,1,0,0,0,전남,나주시,0,1,0,1,1,0,0,126.7618,35.0163,전남나주시,0,0,0,0,0,33,1,1
29619,2014-11-01,1,5,1,1,0,0,0,부산,남구,0,1,0,0,0,2,0,129.0862,35.1234,부산남구,0,2,0,1,0,180,1,1
29620,2014-09-25,0,3,1,1,0,0,0,전남,순천시,0,2,0,0,0,0,0,127.4392,34.861,전남순천시,0,0,0,0,0,27,1,1
29625,2014-05-25,0,6,1,1,0,0,0,전북,정읍시,0,0,1,1,1,0,0,126.8597,35.5823,전북정읍시,0,0,0,1,0,12,1,0
29628,2014-08-10,0,6,1,1,0,0,0,경기,화성시,0,2,2,0,0,0,0,127.0277,37.221,경기화성시,0,0,0,1,0,50,1,1
29630,2014-10-21,0,1,1,1,0,0,0,전남,나주시,0,2,0,0,0,1,0,126.8467,35.05,전남나주시,0,1,0,0,0,33,1,1
29631,2014-10-16,1,3,1,1,0,0,0,경남,김해시,0,0,0,0,0,0,0,128.8672,35.2299,경남김해시,0,0,0,0,0,13,1,1
29632,2014-09-09,0,1,1,1,0,0,0,서울,강동구,0,0,0,0,0,0,0,127.1193,37.5407,서울강동구,0,0,0,1,0,91,1,1
29635,2014-09-15,1,0,1,1,0,0,0,경남,거제시,0,1,0,0,0,0,0,128.4795,34.8603,경남거제시,0,0,0,0,0,15,1,1
29637,2014-09-05,0,4,1,1,0,0,0,경남,양산시,0,0,2,1,2,0,0,129.0222,35.3233,경남양산시,0,0,0,0,0,49,1,1
29641,2014-04-11,0,4,1,1,0,0,0,제주,서귀포시,0,1,0,0,0,0,0,126.897,33.4066,제주서귀포시,0,0,0,0,0,62,1,1
29643,2014-03-29,0,5,1,1,0,0,0,경기,구리시,0,0,0,1,1,0,0,127.1402,37.6041,경기구리시,0,0,0,1,0,165,1,1
29645,2013-11-13,1,2,1,1,0,0,0,경북,영덕군,0,1,0,0,0,1,0,129.2475,36.3675,경북영덕군,0,1,0,0,0,54,1,1
29646,2013-11-13,1,2,1,1,0,0,0,경남,거제시,0,1,1,0,3,0,0,128.6993,34.8394,경남거제시,0,0,0,0,0,15,1,0
29655,2014-06-28,1,5,1,1,0,0,0,충북,영동군,0,1,0,1,1,0,0,127.9981,36.2164,충북영동군,0,0,0,1,0,75,1,1
29660,2014-07-01,0,1,1,1,0,0,0,강원,원주시,0,0,1,0,0,0,0,127.9409,37.349,강원원주시,0,0,0,0,0,36,1,0
29661,2014-07-02,1,2,1,1,0,0,0,부산,사상구,0,1,0,1,1,0,0,129.007,35.1531,부산사상구,0,0,0,0,0,120,1,1
29663,2014-04-14,0,0,1,1,0,0,0,전북,군산시,0,0,0,1,1,0,0,126.8399,35.9397,전북군산시,0,0,0,0,0,166,1,1
29664,2014-04-21,1,0,2,2,0,0,0,인천,강화군,0,3,0,0,0,2,0,126.4119,37.5962,인천강화군,0,2,0,0,0,92,0,0
29672,2014-09-16,0,1,1,1,0,0,0,경남,사천시,0,0,0,0,0,0,0,128.0713,34.9595,경남사천시,0,0,0,0,0,57,1,1
29674,2014-09-16,0,1,1,1,0,0,0,부산,남구,0,1,0,1,1,0,0,129.071,35.1252,부산남구,0,0,0,0,0,180,1,1
29675,2014-12-15,1,0,1,1,0,0,0,경기,하남시,0,1,0,2,4,1,0,127.1531,37.5058,경기하남시,0,1,0,0,0,67,1,1
29677,2014-12-16,1,1,1,1,0,0,0,충남,당진시,0,1,0,0,0,2,0,126.6737,36.9027,충남당진시,0,2,0,0,0,46,1,1
29679,2014-12-25,0,3,2,2,0,0,0,경기,평택시,0,0,0,1,1,1,0,126.8558,36.9603,경기평택시,0,1,0,1,0,14,1,1