index,발생년월일,주야,요일,사망자수,사상자수,중상자수,경상자수,부상신고자수,발생지시도,발생지시군구,사고유형_대분류,사고유형_중분류,법규위반,도로형태_대분류,도로형태,당사자종별_1당_대분류,당사자종별_2당_대분류,경도,위도,발생지,사고피해정도,사고차량타입,도시여부,주말/공휴일,인구수,발생지번호,보행자의위치,무단횡단여부
30560,2014-09-20,0,5,1,1,0,0,0,경남,진주시,0,0,0,0,3,0,0,128.066,35.1926,경남진주시,0,0,0,1,0,42,1,1
30565,2014-09-18,0,3,1,1,0,0,0,충북,제천시,0,1,0,0,0,0,0,128.1888,37.0727,충북제천시,0,0,0,0,0,103,1,1
30567,2014-09-18,0,3,1,1,0,0,0,경북,구미시,0,0,0,0,0,2,0,128.4163,36.1367,경북구미시,0,2,0,0,0,144,1,1
30569,2014-09-30,0,1,1,1,0,0,0,경남,거제시,0,4,1,1,2,0,0,128.6948,34.8897,경남거제시,0,0,0,0,0,15,0,0
30572,2014-09-29,0,0,1,1,0,0,0,인천,남구,0,1,0,0,0,0,0,126.6572,37.4389,인천남동구,0,0,0,0,0,29,1,1
30578,2014-09-26,0,4,1,1,0,0,0,대구,서구,0,0,0,0,3,0,0,128.555,35.8741,대구서구,0,0,0,0,0,107,1,1
30579,2014-09-28,1,6,1,1,0,0,0,광주,서구,0,4,0,0,0,1,0,126.9032,35.1507,광주서구,0,1,0,1,0,222,0,0
30580,2014-09-26,0,4,1,1,0,0,0,경남,통영시,0,0,0,0,0,0,0,128.41,34.8376,경남통영시,0,0,0,0,0,212,1,1
30583,2014-08-22,0,4,1,1,0,0,0,충북,청주시,0,0,0,0,0,0,0,127.466,36.5856,충북청주시,0,0,0,0,0,83,1,1
30584,2014-08-19,1,1,1,2,1,0,0,서울,강서구,0,1,0,0,3,2,0,126.8779,37.5472,서울강서구,0,2,0,0,0,43,1,1
30585,2014-08-16,0,5,1,1,0,0,0,서울,관악구,0,2,0,0,0,0,0,126.9203,37.4682,서울관악구,0,0,0,1,0,188,1,1
30586,2014-08-16,0,5,1,1,0,0,0,경기,연천군,0,0,0,0,3,0,0,127.0643,38.0329,경기연천군,0,0,0,1,0,106,1,1
30589,2014-11-26,0,2,1,1,0,0,0,경북,경주시,0,1,0,0,0,6,0,129.204,35.8501,경북경주시,0,6,0,0,0,100,1,1
30592,2014-08-20,1,2,1,1,0,0,0,전북,정읍시,0,1,0,1,1,0,0,126.8849,35.5423,전북정읍시,0,0,0,0,0,12,1,1
30597,2014-06-30,1,0,1,1,0,0,0,경북,구미시,0,1,0,1,2,0,0,128.3396,36.2001,경북구미시,0,0,0,0,0,144,1,1
30599,2014-04-19,0,5,1,1,0,0,0,전남,여수시,0,0,0,0,0,2,0,127.7139,34.7586,전남여수시,0,2,0,1,0,102,1,1
30600,2014-09-06,0,5,1,1,0,0,0,경기,용인시,0,0,0,0,0,0,0,127.2104,37.2331,경기용인시,0,0,0,1,0,51,1,1
30601,2014-09-18,1,3,1,1,0,0,0,서울,강동구,0,1,0,0,0,2,0,127.1306,37.5415,서울강동구,0,2,0,0,0,91,1,1
30602,2014-01-09,1,3,1,1,0,0,0,경기,성남시,0,0,0,0,0,0,0,127.1582,37.4375,경기성남시,0,0,0,0,0,95,1,1
30604,2014-09-10,0,2,1,1,0,0,0,경남,창원시(통합),0,4,1,1,1,0,0,128.6979,35.1497,경남창원시(통합),0,0,0,0,0,86,0,0
30605,2014-10-03,0,4,1,1,0,0,0,전북,고창군,0,1,0,0,0,0,0,126.5525,35.3622,전북고창군,0,0,0,1,0,219,1,1
30608,2014-01-17,0,4,1,1,0,0,0,경남,밀양시,0,0,0,0,0,0,0,128.7347,35.5064,경남밀양시,0,0,0,0,0,177,1,1
30609,2014-05-09,0,4,1,1,0,0,0,경북,영주시,0,2,0,0,0,0,0,128.6034,36.8118,경북영주시,0,0,0,0,0,113,1,1
30614,2014-04-23,0,2,1,1,0,0,0,서울,구로구,0,0,2,0,0,0,0,126.878,37.5017,서울구로구,0,0,0,0,0,79,1,1
30617,2014-10-08,0,2,1,1,0,0,0,경기,부천시,0,0,1,1,2,1,0,126.8152,37.4805,경기부천시,0,1,0,0,0,65,1,0
30619,2014-09-15,1,0,1,1,0,0,0,부산,사상구,0,1,0,0,0,0,0,128.9924,35.1585,부산사상구,0,0,0,0,0,120,1,1
30621,2014-03-26,1,2,1,1,0,0,0,충북,보은군,0,1,0,0,0,0,0,127.5989,36.4957,충북보은군,0,0,0,0,0,32,1,1
30622,2014-10-27,1,0,1,1,0,0,0,전북,익산시,0,3,0,0,0,1,0,126.913,36.0592,전북익산시,0,1,0,0,0,125,0,0
30623,2014-10-29,1,2,1,1,0,0,0,제주,서귀포시,0,0,1,1,2,1,0,126.5677,33.2521,제주서귀포시,0,1,0,0,0,62,1,0
30624,2014-10-28,0,1,1,1,0,0,0,경기,화성시,0,3,0,0,0,1,0,126.9438,37.2126,경기화성시,0,1,0,0,0,50,0,0
30626,2014-11-06,0,3,1,1,0,0,0,인천,서구,0,0,0,0,0,0,0,126.9769,37.5624,인천서구,0,0,0,0,0,97,1,1
30628,2014-11-07,0,4,1,1,0,0,0,전남,영암군,0,0,0,0,0,0,0,126.3938,34.7646,전남영암군,0,0,0,0,0,16,1,1
30631,2014-10-08,0,2,1,1,0,0,0,경기,남양주시,0,1,0,0,0,0,0,127.1729,37.6074,경기남양주시,0,0,0,0,0,70,1,1
30633,2014-10-06,0,0,1,1,0,0,0,경남,진주시,0,0,0,0,0,0,0,128.109,35.1796,경남진주시,0,0,0,0,0,42,1,1
30634,2014-06-28,0,5,1,1,0,0,0,경북,영천시,0,0,0,0,0,0,0,128.9489,36.1324,경북영천시,0,0,0,1,0,5,1,1
30635,2014-06-28,0,5,1,2,0,1,0,전북,남원시,0,2,0,0,0,0,0,127.3945,35.4209,전북남원시,0,0,0,1,0,193,1,1
30640,2014-05-11,0,6,1,1,0,0,0,경기,안양시,0,0,0,0,0,0,0,126.909,37.3882,경기안양시,0,0,0,1,0,151,1,1
30642,2014-04-25,0,4,1,1,0,0,0,경남,진주시,0,0,2,0,0,0,0,128.125,35.1803,경남진주시,0,0,0,0,0,42,1,1
30646,2014-09-12,0,4,1,1,0,0,0,인천,계양구,0,0,0,0,3,0,0,126.7202,37.5437,인천계양구,0,0,0,0,0,7,1,1
30648,2014-01-24,0,4,1,1,0,0,0,경기,포천시,0,0,0,0,3,0,0,127.221,37.7851,경기포천시,0,0,0,0,0,171,1,1
30650,2014-07-22,1,1,1,1,0,0,0,인천,남구,0,0,1,0,3,1,0,126.6538,37.4587,인천남동구,0,1,0,0,0,29,1,0
30652,2014-04-05,0,5,1,1,0,0,0,경기,성남시,0,0,0,0,0,1,0,127.1064,37.4534,경기성남시,0,1,0,1,0,95,1,1
30654,2014-04-03,0,3,1,1,0,0,0,대전,서구,0,0,0,1,2,0,0,127.4005,36.358,대전서구,0,0,0,0,0,4,1,1
30656,2014-04-02,0,2,1,1,0,0,0,경기,부천시,0,1,0,0,0,0,0,126.8052,37.5307,경기부천시,0,0,0,0,0,65,1,1
30661,2014-04-18,0,4,1,1,0,0,0,전북,전주시,0,4,3,0,3,2,0,127.1347,35.8413,전북전주시,0,2,0,0,0,11,0,0
30663,2014-04-25,0,4,1,1,0,0,0,전북,완주군,0,1,0,0,0,0,0,127.022,35.8213,전북완주군,0,0,0,0,0,28,1,1
30666,2014-04-23,0,2,1,1,0,0,0,울산,울주군,0,0,0,0,0,2,0,129.2463,35.5605,울산울주군,0,2,0,0,0,17,1,1
30668,2014-04-21,1,0,1,1,0,0,0,서울,관악구,0,1,0,1,1,1,0,126.9476,37.4869,서울관악구,0,1,0,0,0,188,1,1
30669,2014-12-29,1,0,1,1,0,0,0,충북,제천시,0,1,0,1,2,2,0,128.2048,37.0805,충북제천시,0,2,0,0,0,103,1,1
30671,2014-12-26,1,4,1,1,0,0,0,경남,의령군,0,0,0,1,1,0,0,128.4031,35.383,경남의령군,0,0,0,0,0,189,1,1
30673,2014-12-27,0,5,1,1,0,0,0,광주,서구,0,2,0,0,0,0,0,126.8549,35.1522,광주서구,0,0,0,1,0,222,1,1
30674,2014-12-26,0,4,1,1,0,0,0,서울,동작구,0,0,1,1,1,2,0,126.9741,37.4869,서울동작구,0,2,0,0,0,93,1,0
30675,2014-12-27,1,5,1,1,0,0,0,강원,원주시,0,0,0,0,0,3,0,127.9432,37.3785,강원원주시,0,3,0,1,0,36,1,1
30678,2014-11-17,1,0,1,1,0,0,0,경남,양산시,0,1,0,1,1,2,0,129.1453,35.3819,경남양산시,0,2,0,0,0,49,1,1
30682,2014-11-22,1,5,1,1,0,0,0,전남,광양시,0,0,0,0,0,0,0,127.7062,34.9401,전남광양시,0,0,0,1,0,130,1,1
30683,2014-11-29,1,5,1,1,0,0,0,경기,화성시,0,0,0,1,1,0,0,127.0347,37.2102,경기화성시,0,0,0,1,0,50,1,1
30684,2014-12-08,1,0,1,1,0,0,0,경기,양평군,0,4,3,1,1,3,0,127.5029,37.493,경기양평군,0,3,0,0,0,48,0,0
30685,2014-12-07,0,6,1,3,0,2,0,경기,수원시,0,1,0,0,0,0,0,127.0074,37.2614,경기수원시,0,0,0,1,0,99,1,1
30686,2014-12-07,0,6,1,1,0,0,0,서울,중랑구,0,0,0,1,1,2,0,127.106,37.6149,서울중랑구,0,2,0,1,0,196,1,1
30687,2014-12-06,0,5,1,1,0,0,0,대구,달성군,0,3,0,0,0,0,0,128.4283,35.7312,대구달성군,0,0,0,1,0,30,0,0
30692,2014-12-26,0,4,1,1,0,0,0,울산,남구,0,0,0,0,0,0,0,129.321,35.5494,울산남구,0,0,0,0,0,213,1,1
30693,2014-12-27,0,5,1,3,0,2,0,서울,강북구,0,1,0,0,3,0,0,127.0269,37.6245,서울강북구,0,0,0,1,0,200,1,1
30696,2014-11-21,0,4,1,1,0,0,0,전북,김제시,0,0,0,1,2,0,0,126.9562,35.9037,전북김제시,0,0,0,0,0,34,1,1
30697,2012-01-10,0,1,1,1,0,0,0,전북,정읍시,0,3,0,0,0,1,0,126.9276,35.6506,전북정읍시,0,1,0,0,0,12,0,0
30702,2014-09-24,0,2,1,1,0,0,0,대구,달서구,0,1,0,0,0,0,0,128.5014,35.8353,대구달서구,0,0,0,0,0,20,1,1
30706,2014-05-18,0,6,1,1,0,0,0,전남,무안군,0,0,0,1,1,2,0,126.4729,34.9829,전남무안군,0,2,0,1,0,101,1,1
30707,2014-06-13,0,4,1,1,0,0,0,경기,수원시,0,1,0,0,0,0,0,126.9704,37.2983,경기수원시,0,0,0,0,0,99,1,1
30711,2014-03-31,1,0,1,1,0,0,0,대구,북구,0,1,0,0,0,0,0,128.5764,35.9093,대구북구,0,0,0,0,0,112,1,1
30713,2014-04-18,0,4,1,1,0,0,0,전남,광양시,0,0,1,1,2,0,0,127.5893,34.9724,전남광양시,0,0,0,0,0,130,1,0
30720,2014-05-03,0,5,1,1,0,0,0,경기,시흥시,0,0,0,1,2,0,0,126.7357,37.3473,경기시흥시,0,0,0,1,0,73,1,1
30721,2014-05-03,1,5,1,1,0,0,0,전북,고창군,0,1,0,0,0,1,0,126.5001,35.4517,전북고창군,0,1,0,1,0,219,1,1
30727,2014-04-29,1,1,1,1,0,0,0,대전,대덕구,0,0,0,0,0,1,0,127.4236,36.4395,대전대덕구,0,1,0,0,0,77,1,1
30729,2014-05-12,0,0,1,1,0,0,0,전남,여수시,0,1,0,2,4,0,0,127.7299,34.7442,전남여수시,0,0,0,0,0,102,1,1
30730,2014-05-12,1,0,1,1,0,0,0,서울,광진구,0,0,1,0,3,1,0,127.0856,37.5319,서울광진구,0,1,0,0,0,183,1,0
30732,2014-05-12,1,0,1,1,0,0,0,충남,홍성군,0,1,0,0,0,1,0,126.6228,36.523,충남홍성군,0,1,0,0,0,38,1,1
30735,2014-04-01,0,1,1,1,0,0,0,경기,고양시,0,1,0,0,0,0,0,126.7795,37.6497,경기고양시,0,0,0,0,0,40,1,1
30736,2014-03-30,1,6,1,1,0,0,0,전남,구례군,0,1,0,0,0,2,0,127.4548,35.3165,전남구례군,0,2,0,1,0,161,1,1
30737,2014-03-29,0,5,1,1,0,0,0,경북,영천시,0,0,0,0,0,0,0,128.9535,35.9772,경북영천시,0,0,0,1,0,5,1,1
30744,2014-03-25,1,1,1,1,0,0,0,전북,완주군,0,0,0,1,1,1,0,127.2582,36.036,전북완주군,0,1,0,0,0,28,1,1
30746,2014-04-05,1,5,1,1,0,0,0,대구,동구,0,0,1,0,3,1,0,128.6392,35.8914,대구동구,0,1,0,1,0,26,1,0
30749,2014-10-05,0,6,1,1,0,0,0,광주,북구,0,0,1,1,2,0,0,126.9017,35.1717,광주북구,0,0,0,1,0,137,1,0
30751,2014-10-06,1,0,1,1,0,0,0,경남,함양군,0,1,0,0,0,1,0,127.7961,35.4789,경남함양군,0,1,0,0,0,108,1,1
30753,2014-10-12,1,6,1,1,0,0,0,경기,수원시,0,0,0,0,0,4,0,126.9983,37.297,경기수원시,0,4,0,1,0,99,1,1
30755,2014-10-10,0,4,1,1,0,0,0,전북,군산시,0,0,0,0,0,0,0,126.7241,35.9786,전북군산시,0,0,0,0,0,166,1,1
30756,2014-10-19,0,6,1,1,0,0,0,서울,강남구,0,0,2,0,0,0,0,127.0515,37.5246,서울강남구,0,0,0,1,0,89,1,1
30757,2014-10-19,1,6,1,1,0,0,0,경남,사천시,0,0,1,1,1,1,0,128.0741,34.9286,경남사천시,0,1,0,1,0,57,1,0
30758,2014-10-19,1,6,1,1,0,0,0,울산,남구,0,0,1,1,1,0,0,129.3209,35.5271,울산남구,0,0,0,1,0,213,1,0
30761,2014-10-18,0,5,1,2,0,1,0,광주,북구,0,0,0,0,0,4,0,126.8943,35.2088,광주북구,0,4,0,1,0,137,1,1
30762,2014-10-18,1,5,1,1,0,0,0,제주,서귀포시,0,0,0,0,0,1,0,126.5873,33.2677,제주서귀포시,0,1,0,1,0,62,1,1
30763,2014-10-25,0,5,1,1,0,0,0,충남,태안군,0,0,2,1,1,0,0,126.369,36.4728,충남태안군,0,0,0,1,0,169,1,1
30764,2014-10-25,1,5,1,1,0,0,0,충남,홍성군,0,0,1,1,1,0,0,126.6669,36.6047,충남홍성군,0,0,0,1,0,38,1,0
30765,2014-10-22,1,2,1,1,0,0,0,경남,진주시,0,0,0,0,0,0,0,128.0621,35.1756,경남진주시,0,0,0,0,0,42,1,1
30766,2014-10-24,0,4,1,1,0,0,0,부산,진구,0,2,3,0,3,0,0,129.0758,35.1746,부산진구,0,0,0,0,0,231,1,1
30770,2014-11-01,1,5,1,1,0,0,0,경기,의정부시,0,4,0,0,0,0,0,127.034,37.7577,경기의정부시,0,0,0,1,0,64,0,0
30773,2014-11-02,0,6,1,1,0,0,0,경기,포천시,0,2,0,0,0,0,0,127.2045,37.8951,경기포천시,0,0,0,1,0,171,1,1
30775,2014-10-29,1,2,1,1,0,0,0,인천,강화군,0,0,0,0,0,3,0,126.5198,37.6547,인천강화군,0,3,0,0,0,92,1,1
30776,2014-10-29,1,2,1,1,0,0,0,전남,여수시,0,0,0,0,0,1,0,127.6973,34.7506,전남여수시,0,1,0,0,0,102,1,1
30779,2013-03-09,1,5,1,1,0,0,0,부산,사상구,0,0,3,1,1,2,0,128.9773,35.1393,부산사상구,0,2,0,1,0,120,1,1
30783,2013-03-03,0,6,1,1,0,0,0,경기,여주시,0,2,0,0,0,0,0,127.5635,37.2992,경기여주시,0,0,0,1,0,22,1,1
30784,2013-07-11,1,3,1,1,0,0,0,서울,영등포구,0,0,1,0,3,1,0,126.8907,37.5405,서울영등포구,0,1,0,0,0,150,1,0
30785,2013-07-15,0,0,1,1,0,0,0,전남,목포시,0,0,0,0,0,0,0,126.4002,34.8056,전남목포시,0,0,0,0,0,153,1,1
30786,2013-09-17,0,1,1,2,1,0,0,경북,군위군,0,0,0,0,0,0,0,128.5973,36.1493,경북군위군,0,0,0,0,0,170,1,1
30789,2014-04-20,0,6,1,1,0,0,0,대구,달서구,0,1,2,1,2,0,0,128.537,35.842,대구달서구,0,0,0,1,0,20,1,1
30792,2014-03-20,0,3,1,1,0,0,0,광주,북구,0,1,0,1,1,0,0,126.872,35.2072,광주북구,0,0,0,0,0,137,1,1
30797,2014-03-27,0,3,1,1,0,0,0,서울,동대문구,0,1,0,0,0,1,0,127.043,37.5808,서울동대문구,0,1,0,0,0,201,1,1
30807,2013-06-30,0,6,1,1,0,0,0,경북,경주시,0,0,1,0,0,1,0,129.3169,35.7445,경북경주시,0,1,0,1,0,100,1,0
30809,2013-06-29,1,5,1,1,0,0,0,경북,포항시,0,1,0,1,2,0,0,129.3604,36.0505,경북포항시,0,0,0,1,0,160,1,1
30811,2013-05-20,0,0,1,1,0,0,0,전북,부안군,0,0,0,1,2,0,0,126.5104,35.6597,전북부안군,0,0,0,0,0,185,1,1
30815,2013-05-28,1,1,1,1,0,0,0,충남,논산시,0,2,0,0,0,0,0,127.1493,36.1682,충남논산시,0,0,0,0,0,61,1,1
30817,2013-06-05,0,2,1,1,0,0,0,충북,제천시,0,1,0,0,0,1,0,128.266,37.1818,충북제천시,0,1,0,0,0,103,1,1
30819,2013-06-06,0,3,1,1,0,0,0,대구,남구,0,0,0,0,3,0,0,128.593,35.8567,대구남구,0,0,0,1,0,145,1,1
30822,2013-06-08,0,5,1,1,0,0,0,강원,동해시,0,0,0,1,1,0,0,129.0696,37.4886,강원동해시,0,0,0,1,0,210,1,1
30824,2013-06-09,0,6,1,3,0,2,0,전북,전주시,0,0,2,0,0,0,0,127.1229,35.8141,전북전주시,0,0,0,1,0,11,1,1
30825,2013-06-17,0,0,1,1,0,0,0,인천,강화군,0,2,0,0,0,1,0,126.5185,37.7365,인천강화군,0,1,0,0,0,92,1,1
30827,2013-06-16,0,6,1,1,0,0,0,경남,하동군,0,1,0,0,0,1,0,127.8042,35.1399,경남하동군,0,1,0,1,0,172,1,1
30831,2014-04-08,0,1,1,1,0,0,0,인천,계양구,0,0,0,1,1,0,0,126.7204,37.5254,인천계양구,0,0,0,0,0,7,1,1
30833,2014-04-12,1,5,1,1,0,0,0,경기,화성시,0,2,0,0,0,1,0,126.8849,37.1132,경기화성시,0,1,0,1,0,50,1,1
30834,2014-04-14,0,0,1,1,0,0,0,부산,북구,0,0,0,1,1,0,0,129.0124,35.2288,부산북구,0,0,0,0,0,118,1,1
30835,2014-04-13,1,6,1,1,0,0,0,대구,달서구,0,1,0,0,0,7,0,128.563,35.8484,대구달서구,0,7,0,1,0,20,1,1
30837,2014-04-22,0,1,1,1,0,0,0,경기,안양시,0,0,0,0,0,0,0,126.9312,37.3868,경기안양시,0,0,0,0,0,151,1,1
30838,2014-04-21,1,0,1,1,0,0,0,서울,노원구,0,1,0,2,4,7,0,127.0779,37.6623,서울노원구,0,7,0,0,0,18,1,1
30844,2014-05-01,0,3,1,1,0,0,0,충북,청주시,0,0,0,1,2,0,0,127.4565,36.6347,충북청주시,0,0,0,0,0,83,1,1
30848,2013-05-27,1,0,1,1,0,0,0,서울,구로구,0,0,3,0,3,2,0,126.8562,37.4881,서울구로구,0,2,0,0,0,79,1,1
30854,2013-06-05,0,2,1,1,0,0,0,충남,당진시,0,1,0,1,2,0,0,126.6257,36.8913,충남당진시,0,0,0,0,0,46,1,1
30855,2013-06-05,0,2,1,1,0,0,0,경기,용인시,0,0,0,0,0,1,0,127.3003,37.2367,경기용인시,0,1,0,0,0,51,1,1
30856,2013-06-08,0,5,1,1,0,0,0,인천,남동구,0,0,0,0,0,0,0,126.709,37.4012,인천남동구,0,0,0,1,0,29,1,1
30857,2013-06-17,0,0,1,1,0,0,0,충북,충주시,0,1,0,0,0,0,0,127.947,36.9642,충북충주시,0,0,0,0,0,6,1,1
30860,2013-07-08,1,0,1,1,0,0,0,전남,보성군,0,3,0,0,0,4,0,127.2384,34.81,전남보성군,0,4,0,0,0,122,0,0
30863,2013-07-08,1,0,1,1,0,0,0,강원,인제군,0,0,0,1,2,0,0,128.1742,38.0702,강원인제군,0,0,0,0,0,124,1,1
30864,2013-07-06,0,5,1,1,0,0,0,경남,창원시(통합),0,1,0,0,0,0,0,128.649,35.2395,경남창원시(통합),0,0,0,1,0,86,1,1
30871,2013-07-03,0,2,1,1,0,0,0,서울,금천구,0,2,0,0,0,7,0,126.9041,37.4479,서울금천구,0,7,0,0,0,109,1,1
30874,2014-05-02,0,4,1,1,0,0,0,전북,전주시,0,0,5,0,0,0,0,127.143,35.8305,전북전주시,0,0,0,0,0,11,1,1
30875,2014-05-03,0,5,1,1,0,0,0,경기,고양시,0,1,0,0,0,2,0,126.7707,37.6627,경기고양시,0,2,0,1,0,40,1,1
30881,2013-07-02,0,1,1,1,0,0,0,충북,음성군,0,0,0,0,0,1,0,127.4865,36.9707,충북음성군,0,1,0,0,0,110,1,1
30882,2013-07-02,1,1,1,1,0,0,0,인천,서구,0,1,0,1,1,1,0,126.6754,37.5657,인천서구,0,1,0,0,0,97,1,1
30883,2013-07-02,1,1,1,1,0,0,0,부산,동구,0,0,1,0,3,0,0,129.0457,35.1351,부산동구,0,0,0,0,0,209,1,0
30887,2013-06-30,0,6,1,1,0,0,0,충남,보령시,0,0,0,1,1,1,0,126.5097,36.3242,충남보령시,0,1,0,1,0,136,1,1
30890,2013-06-30,1,6,1,1,0,0,0,서울,중랑구,0,1,0,0,0,1,0,127.0775,37.5977,서울중랑구,0,1,0,1,0,196,1,1
30891,2013-07-01,0,0,1,1,0,0,0,부산,동구,0,1,0,0,0,0,0,129.045,35.125,부산동구,0,0,0,0,0,209,1,1
30892,2013-07-01,1,0,1,1,0,0,0,경남,거제시,0,1,0,0,0,0,0,128.7241,34.869,경남거제시,0,0,0,0,0,15,1,1
30900,2013-05-19,0,6,1,1,0,0,0,전남,순천시,0,1,0,0,0,0,0,127.5455,34.9638,전남순천시,0,0,0,1,0,27,1,1
30901,2013-05-26,0,6,1,1,0,0,0,울산,울주군,0,1,0,0,0,0,0,129.305,35.43,울산울주군,0,0,0,1,0,17,1,1
30902,2013-05-25,1,5,1,1,0,0,0,경남,사천시,0,1,1,0,0,3,0,128.0848,35.0768,경남사천시,0,3,0,1,0,57,1,0
30904,2013-06-02,0,6,1,1,0,0,0,대구,달서구,0,0,3,0,0,0,0,128.5371,35.8403,대구달서구,0,0,0,1,0,20,1,1
30908,2013-06-07,0,4,1,1,0,0,0,경기,안산시,0,0,0,0,0,0,0,126.8389,37.3148,경기안산시,0,0,0,0,0,2,1,1
30910,2013-06-20,0,3,1,1,0,0,0,인천,남동구,0,0,0,0,0,0,0,126.7387,37.401,인천남동구,0,0,0,0,0,29,1,1
30911,2013-06-26,0,2,1,1,0,0,0,서울,중구,0,4,4,0,0,1,0,126.9689,37.5588,서울중구,0,1,0,0,0,8,0,0
30912,2013-06-28,0,4,1,1,0,0,0,경북,칠곡군,0,1,0,0,0,0,0,128.5567,35.9886,경북칠곡군,0,0,0,0,0,21,1,1
30915,2013-06-25,1,1,1,1,0,0,0,경기,양평군,0,0,5,0,0,1,0,127.6339,37.4756,경기양평군,0,1,0,0,0,48,1,1
30917,2012-06-09,1,5,1,1,0,0,0,인천,남구,0,0,3,0,3,0,0,126.6748,37.4517,인천남동구,0,0,0,1,0,29,1,1
30919,2012-06-02,1,5,1,2,1,0,0,경기,용인시,0,1,5,1,2,3,0,127.3184,37.2398,경기용인시,0,3,0,1,0,51,1,1
30921,2012-04-07,0,5,1,1,0,0,0,전북,정읍시,0,1,0,0,0,1,0,126.7993,35.5003,전북정읍시,0,1,0,1,0,12,1,1
30922,2012-04-04,0,2,1,1,0,0,0,경기,성남시,0,2,0,0,0,2,0,127.1029,37.3733,경기성남시,0,2,0,0,0,95,1,1
30925,2012-06-06,1,2,1,1,0,0,0,부산,연제구,0,2,1,0,3,3,0,129.0749,35.1844,부산연제구,0,3,0,1,0,221,1,0
30928,2013-06-19,0,2,1,1,0,0,0,경기,이천시,0,2,0,0,0,0,0,127.3538,37.2748,경기이천시,0,0,0,0,0,41,1,1
30934,2013-06-30,0,6,1,1,0,0,0,경기,시흥시,0,1,0,1,1,5,0,126.7824,37.4415,경기시흥시,0,5,0,1,0,73,1,1
30936,2013-06-29,0,5,1,1,0,0,0,충북,청원군,0,0,0,1,1,0,0,127.3263,36.6104,충북청주시,0,0,0,1,0,83,1,1
30940,2012-03-11,0,6,2,6,3,1,0,경기,여주시,0,3,0,0,0,0,0,127.5569,37.2172,경기여주시,1,0,0,1,0,22,0,0
30942,2012-03-15,1,3,1,1,0,0,0,경기,고양시,0,0,0,0,0,2,0,126.8458,37.7228,경기고양시,0,2,0,0,0,40,1,1
30943,2012-03-19,1,0,1,2,0,0,1,광주,북구,0,0,1,0,3,4,0,126.876,35.2109,광주북구,0,4,0,0,0,137,1,0
30944,2012-02-25,0,5,1,1,0,0,0,경남,창원시(통합),0,1,0,0,0,0,0,128.5831,35.239,경남창원시(통합),0,0,0,1,0,86,1,1
30947,2012-10-03,0,2,1,1,0,0,0,경기,의정부시,0,0,0,1,2,2,0,127.0302,37.7479,경기의정부시,0,2,0,1,0,64,1,1
30948,2012-11-21,0,2,1,2,1,0,0,부산,강서구,0,1,0,0,0,0,0,128.9341,35.2193,부산강서구,0,0,0,0,0,206,1,1
30950,2012-08-07,0,1,1,1,0,0,0,경기,김포시,0,0,0,1,1,1,0,126.6475,37.6689,경기김포시,0,1,0,0,0,47,1,1
30951,2012-09-10,0,0,1,1,0,0,0,경북,안동시,0,1,1,0,3,0,0,128.6991,36.5664,경북안동시,0,0,0,0,0,66,1,0
30952,2012-09-13,1,3,1,1,0,0,0,전북,전주시,0,0,0,1,2,0,0,127.0715,35.8691,전북전주시,0,0,0,0,0,11,1,1
30954,2013-07-12,0,4,1,1,0,0,0,경기,포천시,0,1,0,0,0,0,0,127.1845,37.8997,경기포천시,0,0,0,0,0,171,1,1
30955,2013-06-18,0,1,1,1,0,0,0,부산,수영구,0,0,0,0,3,0,0,129.1081,35.174,부산수영구,0,0,0,0,0,45,1,1
30959,2013-06-01,1,5,1,1,0,0,0,충남,부여군,0,1,0,0,0,7,0,126.9221,36.2968,충남부여군,0,7,0,1,0,129,1,1
30961,2013-06-05,0,2,1,1,0,0,0,경기,포천시,0,0,0,0,0,1,0,127.1666,37.8547,경기포천시,0,1,0,0,0,171,1,1
30963,2013-06-10,1,0,1,1,0,0,0,대구,중구,0,1,1,0,3,3,0,128.5881,35.8776,대구중구,0,3,0,0,0,178,1,0
30968,2013-06-15,0,5,1,1,0,0,0,경남,고성군,0,0,0,0,0,0,0,128.3274,34.9853,경남고성군,0,0,0,1,0,87,1,1
30969,2012-03-06,0,1,1,1,0,0,0,충북,진천군,0,1,0,1,1,1,0,127.4385,36.8609,충북진천군,0,1,0,0,0,60,1,1
30971,2012-03-10,0,5,1,2,1,0,0,서울,노원구,0,0,2,1,1,0,0,127.0798,37.6683,서울노원구,0,0,0,1,0,18,1,1
30972,2012-03-17,1,5,1,1,0,0,0,전남,담양군,0,2,0,0,0,0,0,126.9815,35.3093,전남담양군,0,0,0,1,0,181,1,1
30974,2012-02-28,1,1,1,1,0,0,0,전북,전주시,0,0,0,0,3,0,0,127.1638,35.8253,전북전주시,0,0,0,0,0,11,1,1
30975,2012-02-22,0,2,1,1,0,0,0,서울,영등포구,0,1,0,0,3,0,0,126.9095,37.519,서울영등포구,0,0,0,0,0,150,1,1
30977,2012-12-14,1,4,1,1,0,0,0,전남,나주시,0,0,3,1,1,0,0,126.7522,35.0354,전남나주시,0,0,0,0,0,33,1,1