index,발생년월일,주야,요일,사망자수,사상자수,중상자수,경상자수,부상신고자수,발생지시도,발생지시군구,사고유형_대분류,사고유형_중분류,법규위반,도로형태_대분류,도로형태,당사자종별_1당_대분류,당사자종별_2당_대분류,경도,위도,발생지,사고피해정도,사고차량타입,도시여부,주말/공휴일,인구수,발생지번호,보행자의위치,무단횡단여부
31789,2014-02-19,1,2,1,1,0,0,0,전남,고흥군,0,4,4,0,0,0,0,127.2882,34.608,전남고흥군,0,0,0,0,0,191,0,0
31790,2014-02-19,0,2,1,1,0,0,0,서울,중랑구,0,1,0,0,0,1,0,127.0806,37.5766,서울중랑구,0,1,0,0,0,196,1,1
31791,2014-02-17,1,0,1,1,0,0,0,경기,김포시,0,0,0,1,2,2,0,126.7144,37.6236,경기김포시,0,2,0,0,0,47,1,1
31792,2014-02-17,0,0,1,2,0,1,0,전남,여수시,0,1,0,0,0,0,0,127.6546,34.7467,전남여수시,0,0,0,0,0,102,1,1
31798,2014-02-04,0,1,1,1,0,0,0,경기,고양시,0,0,0,0,0,0,0,126.7777,37.6848,경기고양시,0,0,0,0,0,40,1,1
31799,2014-02-03,0,0,1,1,0,0,0,경기,용인시,0,2,2,0,0,0,0,127.3129,37.1571,경기용인시,0,0,0,0,0,51,1,1
31800,2014-02-13,1,3,1,1,0,0,0,경기,화성시,0,1,5,0,0,1,0,126.9827,37.1284,경기화성시,0,1,0,0,0,50,1,1
31801,2014-02-12,0,2,1,1,0,0,0,충남,공주시,0,2,0,0,0,0,0,127.2594,36.3792,충남공주시,0,0,0,0,0,19,1,1
31806,2014-02-02,0,6,1,1,0,0,0,경북,안동시,0,0,0,0,0,0,0,128.6617,36.4866,경북안동시,0,0,0,1,0,66,1,1
31809,2014-02-23,0,6,1,1,0,0,0,서울,도봉구,0,1,0,0,0,1,0,127.0431,37.6712,서울도봉구,0,1,0,1,0,98,1,1
31810,2014-02-23,0,6,1,1,0,0,0,부산,북구,0,0,2,0,0,0,0,128.9985,35.2086,부산북구,0,0,0,1,0,118,1,1
31818,2014-02-04,1,1,1,1,0,0,0,전북,완주군,0,0,0,0,0,0,0,127.1393,35.9564,전북완주군,0,0,0,0,0,28,1,1
31819,2014-01-30,0,3,1,1,0,0,0,경북,경주시,0,1,0,1,2,0,0,129.2032,35.8348,경북경주시,0,0,0,1,0,100,1,1
31821,2014-02-05,1,2,1,1,0,0,0,서울,강북구,0,1,0,1,1,2,0,127.0305,37.6128,서울강북구,0,2,0,0,0,200,1,1
31822,2014-09-24,1,2,1,1,0,0,0,전남,구례군,0,1,0,0,0,0,0,127.441,35.2235,전남구례군,0,0,0,0,0,161,1,1
31823,2014-10-22,0,2,1,1,0,0,0,경북,안동시,0,1,0,0,0,0,0,128.6895,36.5664,경북안동시,0,0,0,0,0,66,1,1
31828,2014-11-08,0,5,1,1,0,0,0,대전,서구,0,0,0,0,0,0,0,127.3747,36.3436,대전서구,0,0,0,1,0,4,1,1
31829,2014-11-07,0,4,1,1,0,0,0,경기,평택시,0,1,0,0,0,0,0,127.0548,36.991,경기평택시,0,0,0,0,0,14,1,1
31833,2014-11-18,0,1,1,1,0,0,0,경기,고양시,0,1,0,1,2,0,0,126.7511,37.6691,경기고양시,0,0,0,0,0,40,1,1
31835,2014-09-11,1,3,1,1,0,0,0,서울,영등포구,0,1,0,0,0,0,0,126.9209,37.5091,서울영등포구,0,0,0,0,0,150,1,1
31846,2014-08-15,0,4,1,1,0,0,0,충남,천안시,0,1,0,0,0,0,0,127.1462,36.7982,충남천안시,0,0,0,1,0,63,1,1
31848,2014-08-27,1,2,1,1,0,0,0,부산,서구,0,0,0,0,0,3,0,129.021,35.0912,부산서구,0,3,0,0,0,226,1,1
31850,2014-08-24,0,6,1,1,0,0,0,대구,중구,0,1,0,0,3,0,0,128.6068,35.8623,대구중구,0,0,0,1,0,178,1,1
31851,2014-08-24,0,6,1,1,0,0,0,경기,수원시,0,0,0,1,2,0,0,126.9852,37.291,경기수원시,0,0,0,1,0,99,1,1
31853,2014-08-30,1,5,1,1,0,0,0,전남,화순군,0,1,0,0,0,1,0,126.9672,34.9867,전남화순군,0,1,0,1,0,88,1,1
31854,2014-08-28,1,3,1,1,0,0,0,서울,강동구,0,1,0,0,0,0,0,127.1394,37.5363,서울강동구,0,0,0,0,0,91,1,1
31856,2014-09-05,0,4,1,1,0,0,0,경남,진주시,0,0,0,0,0,0,0,128.0783,35.196,경남진주시,0,0,0,0,0,42,1,1
31861,2014-09-03,1,2,1,1,0,0,0,경기,안성시,0,0,0,0,0,0,0,127.2681,36.9814,경기안성시,0,0,0,0,0,23,1,1
31862,2014-09-14,1,6,1,1,0,0,0,전남,영암군,0,1,0,0,0,1,0,126.4742,34.7518,전남영암군,0,1,0,1,0,16,1,1
31866,2014-08-16,1,5,1,3,0,0,2,경남,함양군,0,1,0,0,0,0,0,127.728,35.4287,경남함양군,0,0,0,1,0,108,1,1
31867,2014-08-16,0,5,1,1,0,0,0,부산,사상구,0,0,0,1,2,0,0,128.9732,35.154,부산사상구,0,0,0,1,0,120,1,1
31872,2014-08-25,1,0,1,1,0,0,0,인천,중구,0,0,0,1,2,1,0,126.6231,37.4472,인천중구,0,1,0,0,0,72,1,1
31879,2014-09-05,0,4,1,1,0,0,0,대구,동구,0,0,0,1,2,1,0,128.6381,35.941,대구동구,0,1,0,0,0,26,1,1
31892,2014-09-20,1,5,1,1,0,0,0,경남,통영시,0,1,0,1,2,0,0,128.4198,34.8417,경남통영시,0,0,0,1,0,212,1,1
31894,2014-10-03,0,4,1,1,0,0,0,대구,수성구,0,2,0,0,0,0,0,128.637,35.8229,대구수성구,0,0,0,1,0,37,1,1
31896,2014-10-04,0,5,1,1,0,0,0,경기,안양시,0,1,0,0,0,0,0,126.9261,37.3947,경기안양시,0,0,0,1,0,151,1,1
31897,2014-10-03,0,4,1,1,0,0,0,충남,서산시,0,0,2,0,3,0,0,126.4415,36.9226,충남서산시,0,0,0,1,0,69,1,1
31899,2014-10-01,0,2,1,1,0,0,0,경기,화성시,0,1,0,1,1,0,0,127.045,37.2147,경기화성시,0,0,0,0,0,50,1,1
31901,2014-10-03,0,4,1,1,0,0,0,경남,진주시,0,1,0,0,0,0,0,128.0663,35.2764,경남진주시,0,0,0,1,0,42,1,1
31904,2014-09-29,1,0,1,1,0,0,0,경기,수원시,0,1,0,0,0,2,0,127.0174,37.2752,경기수원시,0,2,0,0,0,99,1,1
31906,2014-11-28,0,4,1,1,0,0,0,서울,마포구,0,0,0,0,3,0,0,126.9295,37.5577,서울마포구,0,0,0,0,0,159,1,1
31907,2014-11-17,0,0,1,1,0,0,0,울산,중구,0,1,0,1,1,0,0,129.3299,35.5568,울산중구,0,0,0,0,0,205,1,1
31908,2014-11-18,1,1,1,1,0,0,0,전북,진안군,0,0,2,0,3,0,0,127.5061,35.8767,전북진안군,0,0,0,0,0,192,1,1
31909,2014-11-19,0,2,1,1,0,0,0,울산,울주군,0,1,0,0,3,0,0,129.0995,35.5255,울산울주군,0,0,0,0,0,17,1,1
31910,2014-11-19,1,2,1,1,0,0,0,경북,경주시,0,1,0,1,2,0,0,129.2018,35.8151,경북경주시,0,0,0,0,0,100,1,1
31911,2014-11-17,0,0,1,2,1,0,0,경기,안산시,0,1,0,0,0,1,0,126.8755,37.3622,경기안산시,0,1,0,0,0,2,1,1
31912,2014-11-15,0,5,1,1,0,0,0,경기,수원시,0,1,0,0,0,0,0,127.02,37.2334,경기수원시,0,0,0,1,0,99,1,1
31914,2014-11-14,0,4,1,1,0,0,0,대전,동구,0,4,1,0,3,0,0,127.4462,36.3348,대전동구,0,0,0,0,0,80,0,0
31919,2014-11-02,1,6,1,1,0,0,0,울산,중구,0,0,0,0,0,0,0,129.3422,35.5802,울산중구,0,0,0,1,0,205,1,1
31920,2014-10-09,1,3,1,1,0,0,0,경북,안동시,0,0,0,0,0,0,0,128.7782,36.6156,경북안동시,0,0,0,1,0,66,1,1
31921,2014-10-08,0,2,1,1,0,0,0,경남,합천군,0,2,0,0,0,0,0,128.1814,35.5928,경남합천군,0,0,0,0,0,133,1,1
31924,2014-10-06,1,0,1,1,0,0,0,부산,진구,0,1,0,0,0,2,0,129.0548,35.1758,부산진구,0,2,0,0,0,231,1,1
31925,2014-10-04,0,5,1,1,0,0,0,경기,수원시,0,0,0,0,0,0,0,127.019,37.2648,경기수원시,0,0,0,1,0,99,1,1
31926,2014-10-13,0,0,1,1,0,0,0,충남,공주시,0,0,0,2,4,1,0,127.0331,36.4507,충남공주시,0,1,0,0,0,19,1,1
31927,2014-10-14,1,1,1,1,0,0,0,부산,영도구,0,0,1,0,3,0,0,129.071,35.0853,부산영도구,0,0,0,0,0,173,1,0
31933,2014-10-19,0,6,1,1,0,0,0,강원,홍천군,0,1,0,0,0,1,0,127.9025,37.6919,강원홍천군,0,1,0,1,0,82,1,1
31935,2014-10-19,0,6,1,1,0,0,0,경북,상주시,0,0,0,0,0,1,0,127.9587,36.3009,경북상주시,0,1,0,1,0,58,1,1
31939,2014-09-14,0,6,1,1,0,0,0,경기,안양시,0,1,0,0,0,1,0,126.9232,37.419,경기안양시,0,1,0,1,0,151,1,1
31940,2014-09-15,0,0,1,1,0,0,0,경기,안양시,0,0,0,1,1,1,0,126.9755,37.395,경기안양시,0,1,0,0,0,151,1,1
31941,2014-09-27,0,5,1,1,0,0,0,인천,서구,0,4,1,1,1,0,0,126.6801,37.5192,인천서구,0,0,0,1,0,97,0,0
31944,2014-09-27,1,5,1,1,0,0,0,경기,이천시,0,1,0,0,0,0,0,127.5182,37.2937,경기이천시,0,0,0,1,0,41,1,1
31947,2014-09-24,0,2,1,1,0,0,0,부산,중구,0,0,0,0,0,0,0,129.0294,35.098,부산중구,0,0,0,0,0,228,1,1
31948,2014-09-24,0,2,1,1,0,0,0,충남,서산시,0,4,2,0,3,0,0,126.5229,36.7052,충남서산시,0,0,0,0,0,69,0,0
31951,2014-09-11,0,3,1,1,0,0,0,전북,부안군,0,1,0,0,0,0,0,126.5038,35.6463,전북부안군,0,0,0,0,0,185,1,1
31953,2014-09-19,0,4,1,1,0,0,0,충남,논산시,0,1,0,0,0,7,0,127.0843,36.1946,충남논산시,0,7,0,0,0,61,1,1
31958,2014-09-18,1,3,1,1,0,0,0,경기,시흥시,0,1,0,0,0,0,0,126.7467,37.3355,경기시흥시,0,0,0,0,0,73,1,1
31960,2014-08-15,1,4,1,1,0,0,0,광주,서구,0,0,0,0,0,0,0,126.8727,35.133,광주서구,0,0,0,1,0,222,1,1
31962,2014-12-04,0,3,1,1,0,0,0,경기,용인시,0,1,0,0,0,2,0,127.1592,37.3319,경기용인시,0,2,0,0,0,51,1,1
31965,2014-12-14,0,6,1,1,0,0,0,경기,안성시,0,0,0,0,0,0,0,127.1976,37.0083,경기안성시,0,0,0,1,0,23,1,1
31967,2014-12-12,0,4,1,1,0,0,0,대전,중구,0,0,1,0,3,0,0,127.4067,36.3272,대전중구,0,0,0,0,0,39,1,0
31968,2014-12-11,0,3,1,1,0,0,0,전남,나주시,0,1,0,0,0,0,0,126.769,35.0214,전남나주시,0,0,0,0,0,33,1,1
31969,2014-12-08,1,0,1,1,0,0,0,경기,안성시,0,0,0,0,0,0,0,127.2687,37.005,경기안성시,0,0,0,0,0,23,1,1
31971,2014-12-19,0,4,1,1,0,0,0,경기,시흥시,0,0,0,0,0,2,0,126.7995,37.3996,경기시흥시,0,2,0,0,0,73,1,1
31972,2014-12-19,0,4,1,1,0,0,0,서울,동대문구,0,1,0,0,0,0,0,127.0461,37.5761,서울동대문구,0,0,0,0,0,201,1,1
31975,2014-12-17,1,2,1,1,0,0,0,서울,서대문구,0,0,0,0,3,2,0,126.9153,37.569,서울서대문구,0,2,0,0,0,195,1,1
31976,2014-12-26,1,4,1,1,0,0,0,서울,서대문구,0,0,0,0,0,2,0,126.9388,37.5602,서울서대문구,0,2,0,0,0,195,1,1
31978,2014-12-25,1,3,1,1,0,0,0,강원,강릉시,0,0,1,1,1,1,0,128.9023,37.7516,강원강릉시,0,1,0,1,0,194,1,0
31979,2014-12-25,0,3,1,1,0,0,0,충남,천안시,0,1,0,0,0,0,0,127.159,36.8022,충남천안시,0,0,0,1,0,63,1,1
31985,2014-11-15,1,5,1,1,0,0,0,전북,전주시,0,0,0,1,2,0,0,127.1252,35.8028,전북전주시,0,0,0,1,0,11,1,1
31986,2014-11-24,1,0,1,1,0,0,0,전남,순천시,0,0,0,0,3,1,0,127.4882,34.9619,전남순천시,0,1,0,0,0,27,1,1
31987,2014-11-24,0,0,1,1,0,0,0,전북,정읍시,0,0,0,0,0,0,0,126.8357,35.5813,전북정읍시,0,0,0,0,0,12,1,1
31998,2014-12-14,0,6,1,1,0,0,0,울산,울주군,0,2,0,0,0,0,0,129.2814,35.4303,울산울주군,0,0,0,1,0,17,1,1
31999,2014-12-09,0,1,1,1,0,0,0,광주,북구,0,0,0,1,1,1,0,126.9111,35.1701,광주북구,0,1,0,0,0,137,1,1
32000,2014-12-10,0,2,1,1,0,0,0,인천,중구,0,1,0,0,0,1,0,126.6186,37.4402,인천중구,0,1,0,0,0,72,1,1
32002,2014-12-20,0,5,1,1,0,0,0,대전,서구,0,0,0,0,0,0,0,127.3239,36.2989,대전서구,0,0,0,1,0,4,1,1
32003,2014-12-20,1,5,1,1,0,0,0,경북,영천시,0,1,0,2,0,2,0,128.8889,35.9369,경북영천시,0,2,0,1,0,5,1,1
32006,2014-12-19,0,4,1,2,0,1,0,대전,중구,0,0,0,0,3,0,0,127.4267,36.3273,대전중구,0,0,0,0,0,39,1,1
32009,2014-12-19,1,4,1,1,0,0,0,경기,부천시,0,0,0,1,1,0,0,126.7854,37.5086,경기부천시,0,0,0,0,0,65,1,1
32011,2014-12-20,0,5,1,1,0,0,0,경기,의정부시,0,0,0,0,0,1,0,127.0449,37.7492,경기의정부시,0,1,0,1,0,64,1,1
32012,2014-12-23,0,1,1,1,0,0,0,경기,화성시,0,1,0,0,0,0,0,126.8772,37.2262,경기화성시,0,0,0,0,0,50,1,1
32017,2014-12-25,1,3,1,1,0,0,0,서울,영등포구,0,1,0,0,0,0,0,126.8905,37.5237,서울영등포구,0,0,0,1,0,150,1,1
32018,2014-12-25,0,3,1,1,0,0,0,충남,논산시,0,0,0,1,1,1,0,127.1643,36.161,충남논산시,0,1,0,1,0,61,1,1
32023,2014-11-24,1,0,1,1,0,0,0,경남,고성군,0,0,4,0,0,6,0,128.3809,35.015,경남고성군,0,6,0,0,0,87,1,1
32024,2014-11-25,0,1,1,1,0,0,0,경북,경주시,0,0,0,0,0,1,0,129.3319,35.6826,경북경주시,0,1,0,0,0,100,1,1
32028,2014-12-06,0,5,1,1,0,0,0,전남,순천시,0,1,0,1,2,1,0,127.2696,34.9615,전남순천시,0,1,0,1,0,27,1,1
32034,2014-02-16,0,6,1,1,0,0,0,대전,중구,0,1,0,0,0,0,0,127.4108,36.3219,대전중구,0,0,0,1,0,39,1,1
32036,2014-09-22,0,0,1,1,0,0,0,충남,당진시,0,1,0,0,0,1,0,126.6453,36.8861,충남당진시,0,1,0,0,0,46,1,1
32039,2014-09-22,0,0,1,1,0,0,0,경기,김포시,0,0,0,0,0,0,0,126.5835,37.6483,경기김포시,0,0,0,0,0,47,1,1
32041,2014-10-03,0,4,1,1,0,0,0,충북,청주시,0,1,0,1,2,0,0,127.3417,36.6193,충북청주시,0,0,0,1,0,83,1,1
32043,2014-08-21,0,3,1,1,0,0,0,서울,노원구,0,1,0,0,0,0,0,127.0611,37.6559,서울노원구,0,0,0,0,0,18,1,1
32044,2014-08-18,0,0,1,1,0,0,0,제주,제주시,0,0,0,0,0,0,0,126.4766,33.4842,제주제주시,0,0,0,0,0,90,1,1
32045,2014-08-18,1,0,1,1,0,0,0,경기,군포시,0,0,0,0,3,1,0,126.9449,37.352,경기군포시,0,1,0,0,0,126,1,1
32047,2014-08-26,0,1,1,2,0,0,1,서울,마포구,0,1,0,0,3,0,0,126.92,37.554,서울마포구,0,0,0,0,0,159,1,1
32048,2014-08-26,0,1,1,1,0,0,0,강원,원주시,0,0,0,0,0,0,0,127.9587,37.3312,강원원주시,0,0,0,0,0,36,1,1
32049,2014-08-22,0,4,1,1,0,0,0,전남,목포시,0,0,1,1,1,2,0,126.4275,34.7981,전남목포시,0,2,0,0,0,153,1,0
32051,2014-08-25,0,0,1,1,0,0,0,충북,청주시,0,1,0,0,0,0,0,127.4224,36.6424,충북청주시,0,0,0,0,0,83,1,1
32058,2012-07-31,0,1,1,1,0,0,0,강원,원주시,0,0,1,0,0,1,0,127.9527,37.3243,강원원주시,0,1,0,0,0,36,1,0
32060,2012-03-03,1,5,1,1,0,0,0,경기,화성시,0,1,4,0,0,2,0,126.9792,37.2166,경기화성시,0,2,0,1,0,50,1,1
32061,2013-12-14,0,5,1,2,1,0,0,충남,당진시,0,1,0,0,0,2,0,126.664,36.8053,충남당진시,0,2,0,1,0,46,1,1
32062,2012-11-17,1,5,1,1,0,0,0,대구,동구,0,0,0,0,3,0,0,128.621,35.8826,대구동구,0,0,0,1,0,26,1,1
32068,2014-01-22,1,2,1,1,0,0,0,인천,중구,0,0,1,1,2,1,0,126.6161,37.4756,인천중구,0,1,0,0,0,72,1,0
32070,2014-01-19,0,6,1,1,0,0,0,강원,화천군,0,0,0,1,2,0,0,127.5091,38.0605,강원화천군,0,0,0,1,0,218,1,1
32072,2014-01-18,0,5,1,1,0,0,0,전북,전주시,0,0,2,1,2,0,0,127.1415,35.8303,전북전주시,0,0,0,1,0,11,1,1
32074,2014-01-21,1,1,1,1,0,0,0,경북,경주시,0,1,0,1,2,0,0,129.5043,35.804,경북경주시,0,0,0,0,0,100,1,1
32075,2014-01-17,0,4,1,1,0,0,0,경기,안산시,0,0,3,1,1,0,0,126.9079,37.3108,경기안산시,0,0,0,0,0,2,1,1
32077,2014-12-02,1,1,1,1,0,0,0,전북,전주시,0,3,0,0,0,1,0,127.1013,35.8424,전북전주시,0,1,0,0,0,11,0,0
32078,2014-12-01,1,0,1,1,0,0,0,충남,논산시,0,0,0,0,0,0,0,127.1279,36.2756,충남논산시,0,0,0,0,0,61,1,1
32080,2014-12-02,1,1,1,1,0,0,0,전남,목포시,0,1,0,0,0,1,0,126.3714,34.8077,전남목포시,0,1,0,0,0,153,1,1
32084,2014-11-29,1,5,1,1,0,0,0,전남,여수시,0,2,0,0,0,0,0,127.7109,34.7258,전남여수시,0,0,0,1,0,102,1,1
32085,2014-11-27,1,3,1,6,1,4,0,경기,수원시,0,0,0,0,3,2,0,127.011,37.2875,경기수원시,1,2,0,0,0,99,1,1
32088,2014-12-04,0,3,1,1,0,0,0,울산,남구,0,0,3,1,1,2,0,129.3374,35.5393,울산남구,0,2,0,0,0,213,1,1
32093,2014-10-14,1,1,1,1,0,0,0,서울,양천구,0,0,0,1,2,1,0,126.8585,37.5101,서울양천구,0,1,0,0,0,140,1,1
32094,2014-10-13,1,0,1,1,0,0,0,강원,춘천시,0,1,0,1,1,0,0,127.7351,37.8588,강원춘천시,0,0,0,0,0,111,1,1
32108,2014-02-06,1,3,1,1,0,0,0,전남,목포시,0,0,0,1,1,0,0,126.4005,34.8017,전남목포시,0,0,0,0,0,153,1,1
32111,2014-09-12,1,4,1,1,0,0,0,경남,김해시,0,1,0,0,0,0,0,128.808,35.2198,경남김해시,0,0,0,0,0,13,1,1
32118,2014-10-11,0,5,1,1,0,0,0,경북,구미시,0,1,0,1,1,0,0,128.3591,36.1121,경북구미시,0,0,0,1,0,144,1,1
32119,2014-10-11,0,5,1,1,0,0,0,경기,수원시,0,0,0,0,0,0,0,126.9732,37.259,경기수원시,0,0,0,1,0,99,1,1
32122,2014-10-17,1,4,1,1,0,0,0,경북,경주시,0,1,0,0,0,1,0,129.3343,35.6778,경북경주시,0,1,0,0,0,100,1,1
32123,2014-10-27,0,0,1,1,0,0,0,제주,서귀포시,0,0,0,0,0,0,0,126.6428,33.267,제주서귀포시,0,0,0,0,0,62,1,1
32128,2014-10-22,0,2,1,2,0,1,0,전남,화순군,0,1,0,0,0,0,0,127.0296,35.0251,전남화순군,0,0,0,0,0,88,1,1
32130,2014-10-31,0,4,1,1,0,0,0,전북,군산시,0,0,1,0,3,0,0,126.6796,35.9753,전북군산시,0,0,0,0,0,166,1,0
32131,2014-10-31,0,4,1,1,0,0,0,경남,통영시,0,0,1,1,2,4,0,128.4215,34.8423,경남통영시,0,4,0,0,0,212,1,0
32132,2014-11-02,0,6,1,1,0,0,0,강원,동해시,0,1,0,0,0,0,0,129.1038,37.4934,강원동해시,0,0,0,1,0,210,1,1
32133,2014-11-03,0,0,1,1,0,0,0,경기,용인시,0,0,0,0,0,0,0,127.2015,37.2327,경기용인시,0,0,0,0,0,51,1,1
32134,2014-10-31,1,4,1,1,0,0,0,경기,고양시,0,0,0,0,3,1,0,126.7549,37.6728,경기고양시,0,1,0,0,0,40,1,1
32137,2014-10-29,0,2,1,2,0,1,0,경북,경산시,0,1,0,0,0,2,0,128.7875,35.8733,경북경산시,0,2,0,0,0,52,1,1
32138,2014-11-07,1,4,1,1,0,0,0,부산,중구,0,1,0,0,3,1,0,129.0294,35.0981,부산중구,0,1,0,0,0,228,1,1
32140,2014-11-12,1,2,1,1,0,0,0,경남,진주시,0,0,0,1,2,2,0,128.1169,35.1888,경남진주시,0,2,0,0,0,42,1,1
32141,2014-11-11,0,1,1,1,0,0,0,충남,천안시,0,1,0,0,0,2,0,127.2036,36.8777,충남천안시,0,2,0,0,0,63,1,1
32145,2014-11-08,1,5,1,1,0,0,0,서울,양천구,0,0,0,0,0,4,0,126.853,37.5212,서울양천구,0,4,0,1,0,140,1,1
32146,2014-11-10,0,0,1,1,0,0,0,전북,전주시,0,3,3,0,0,1,0,127.192,35.7953,전북전주시,0,1,0,0,0,11,0,0
32147,2014-10-07,0,1,1,1,0,0,0,서울,서초구,0,0,0,1,2,2,0,127.0298,37.4842,서울서초구,0,2,0,0,0,214,1,1
32149,2014-10-14,0,1,1,1,0,0,0,강원,평창군,0,1,0,0,0,1,0,128.3986,37.3903,강원평창군,0,1,0,0,0,24,1,1
32153,2014-10-19,1,6,1,1,0,0,0,경북,영주시,0,0,0,0,0,0,0,128.6173,36.8143,경북영주시,0,0,0,1,0,113,1,1
32157,2014-09-30,0,1,1,1,0,0,0,전북,정읍시,0,1,0,0,0,1,0,126.8666,35.6035,전북정읍시,0,1,0,0,0,12,1,1
32158,2014-08-19,0,1,1,1,0,0,0,경기,용인시,0,0,0,0,0,0,0,127.2125,37.258,경기용인시,0,0,0,0,0,51,1,1
32163,2014-12-13,0,5,1,1,0,0,0,전남,담양군,0,1,0,0,0,1,0,126.9948,35.2282,전남담양군,0,1,0,1,0,181,1,1
32166,2014-10-31,0,4,1,1,0,0,0,전북,전주시,0,0,2,1,1,0,0,127.131,35.7893,전북전주시,0,0,0,0,0,11,1,1
32171,2014-11-07,0,4,1,1,0,0,0,경남,산청군,0,3,0,0,0,2,0,127.8364,35.4922,경남산청군,0,2,0,0,0,224,0,0
32172,2014-11-05,0,2,1,1,0,0,0,경기,남양주시,0,0,0,0,0,1,0,127.2166,37.5984,경기남양주시,0,1,0,0,0,70,1,1
32173,2014-11-18,0,1,1,1,0,0,0,대구,동구,0,0,3,0,3,2,0,128.7575,35.8763,대구동구,0,2,0,0,0,26,1,1
32174,2014-11-19,1,2,1,1,0,0,0,인천,강화군,0,1,0,0,3,1,0,126.4913,37.7415,인천강화군,0,1,0,0,0,92,1,1
32177,2014-11-15,0,5,1,1,0,0,0,광주,북구,0,0,0,0,0,0,0,126.9344,35.1666,광주북구,0,0,0,1,0,137,1,1
32179,2014-08-16,0,5,1,1,0,0,0,경북,경주시,0,0,0,0,0,1,0,129.2173,35.8459,경북경주시,0,1,0,1,0,100,1,1
32185,2014-09-01,0,0,1,1,0,0,0,대구,서구,0,0,0,0,0,0,0,128.5422,35.8786,대구서구,0,0,0,0,0,107,1,1
32186,2014-09-01,1,0,1,1,0,0,0,충북,옥천군,0,0,3,1,1,9,0,127.5761,36.2979,충북옥천군,0,9,0,0,0,142,1,1
32188,2014-08-30,1,5,1,1,0,0,0,충북,청주시,0,1,0,0,0,0,0,127.4927,36.6191,충북청주시,0,0,0,1,0,83,1,1
32193,2014-09-15,0,0,1,1,0,0,0,경남,밀양시,0,2,0,0,0,1,0,128.7795,35.4109,경남밀양시,0,1,0,0,0,177,1,1
32197,2014-09-20,0,5,1,1,0,0,0,경기,성남시,0,2,0,2,4,0,0,127.129,37.4317,경기성남시,0,0,0,1,0,95,1,1
32198,2014-09-19,0,4,1,1,0,0,0,경기,화성시,0,4,1,0,0,0,0,126.7662,37.1982,경기화성시,0,0,0,0,0,50,0,0
32202,2014-09-15,0,0,1,2,0,1,0,서울,동대문구,0,0,0,0,0,4,0,127.0486,37.5864,서울동대문구,0,4,0,0,0,201,1,1
32204,2014-09-17,0,2,1,1,0,0,0,서울,마포구,0,0,0,0,0,2,0,126.9341,37.5534,서울마포구,0,2,0,0,0,159,1,1
32205,2014-08-19,0,1,1,1,0,0,0,경북,경주시,0,1,0,0,3,0,0,129.2174,35.8458,경북경주시,0,0,0,0,0,100,1,1
32206,2014-08-16,0,5,1,1,0,0,0,경기,화성시,0,0,0,0,0,1,0,126.8584,37.2681,경기화성시,0,1,0,1,0,50,1,1
32208,2014-08-23,1,5,1,1,0,0,0,부산,사하구,0,0,0,0,3,1,0,128.9767,35.1005,부산사하구,0,1,0,1,0,25,1,1
32210,2014-08-22,1,4,1,1,0,0,0,충북,옥천군,0,1,0,0,0,0,0,127.52,36.3365,충북옥천군,0,0,0,0,0,142,1,1
32212,2014-09-07,0,6,1,1,0,0,0,충북,충주시,0,1,0,0,0,2,0,127.9305,37.0581,충북충주시,0,2,0,1,0,6,1,1
32215,2014-08-28,0,3,1,1,0,0,0,경남,창원시(통합),0,1,0,0,0,0,0,128.6831,35.1581,경남창원시(통합),0,0,0,0,0,86,1,1
32217,2014-08-27,1,2,1,1,0,0,0,경북,봉화군,0,1,0,0,0,0,0,128.7344,36.8911,경북봉화군,0,0,0,0,0,149,1,1
32220,2014-08-23,1,5,1,1,0,0,0,경기,안양시,0,0,0,0,0,0,0,126.948,37.3725,경기안양시,0,0,0,1,0,151,1,1
32221,2014-08-31,0,6,1,1,0,0,0,부산,진구,0,1,0,0,0,7,0,129.0558,35.1646,부산진구,0,7,0,1,0,231,1,1
32229,2014-09-16,1,1,1,1,0,0,0,경기,가평군,0,1,1,1,2,3,0,127.5132,37.831,경기가평군,0,3,0,0,0,176,1,0
32231,2014-09-12,0,4,1,1,0,0,0,부산,사상구,0,0,0,0,0,1,0,128.9886,35.169,부산사상구,0,1,0,0,0,120,1,1
32232,2014-09-10,1,2,1,1,0,0,0,전남,고흥군,0,1,0,0,0,1,0,127.3952,34.5571,전남고흥군,0,1,0,0,0,191,1,1
32233,2014-09-30,1,1,1,1,0,0,0,울산,울주군,0,1,0,1,1,1,0,129.3057,35.4935,울산울주군,0,1,0,0,0,17,1,1
32237,2014-09-27,0,5,1,1,0,0,0,충남,아산시,0,1,0,0,0,0,0,126.9188,36.762,충남아산시,0,0,0,1,0,53,1,1
32241,2014-09-26,1,4,1,1,0,0,0,경남,진주시,0,0,0,1,1,1,0,128.1687,35.2621,경남진주시,0,1,0,0,0,42,1,1
32243,2014-09-26,0,4,1,1,0,0,0,경남,창원시(통합),0,0,0,0,0,0,0,128.5864,35.2115,경남창원시(통합),0,0,0,0,0,86,1,1