index,발생년월일,주야,요일,사망자수,사상자수,중상자수,경상자수,부상신고자수,발생지시도,발생지시군구,사고유형_대분류,사고유형_중분류,법규위반,도로형태_대분류,도로형태,당사자종별_1당_대분류,당사자종별_2당_대분류,경도,위도,발생지,사고피해정도,사고차량타입,도시여부,주말/공휴일,인구수,발생지번호,보행자의위치,무단횡단여부
32245,2014-08-16,1,5,1,1,0,0,0,서울,강북구,0,0,1,1,1,3,0,127.0416,37.6306,서울강북구,0,3,0,1,0,200,1,0
32247,2014-08-16,0,5,1,2,1,0,0,부산,사하구,0,1,0,1,1,4,0,128.9602,35.1134,부산사하구,0,4,0,1,0,25,1,1
32251,2014-12-12,0,4,1,2,1,0,0,전북,군산시,0,0,0,1,2,0,0,126.7378,35.9724,전북군산시,0,0,0,0,0,166,1,1
32252,2014-12-12,0,4,1,1,0,0,0,서울,마포구,0,0,0,0,0,0,0,126.9563,37.5415,서울마포구,0,0,0,0,0,159,1,1
32256,2014-11-04,1,1,1,1,0,0,0,서울,동대문구,0,0,0,0,0,0,0,127.0745,37.5661,서울동대문구,0,0,0,0,0,201,1,1
32260,2014-11-04,1,1,1,1,0,0,0,경남,거제시,0,3,0,0,0,0,0,128.6807,34.9929,경남거제시,0,0,0,0,0,15,0,0
32261,2014-11-03,0,0,1,1,0,0,0,경기,성남시,0,1,0,0,0,0,0,127.1161,37.3492,경기성남시,0,0,0,0,0,95,1,1
32264,2014-11-04,0,1,1,1,0,0,0,경기,안양시,0,0,0,0,3,2,0,126.9025,37.4063,경기안양시,0,2,0,0,0,151,1,1
32265,2014-11-04,0,1,1,1,0,0,0,충남,서산시,0,1,0,1,2,1,0,126.4083,36.7869,충남서산시,0,1,0,0,0,69,1,1
32273,2014-10-06,0,0,1,2,1,0,0,서울,영등포구,0,1,0,0,0,4,0,126.923,37.523,서울영등포구,0,4,0,0,0,150,1,1
32277,2014-10-13,0,0,1,1,0,0,0,전남,진도군,0,0,0,1,1,1,0,126.2823,34.441,전남진도군,0,1,0,0,0,71,1,1
32278,2014-10-10,0,4,1,1,0,0,0,경남,함안군,0,0,0,0,3,5,0,128.3378,35.2954,경남함안군,0,5,0,0,0,117,1,1
32282,2014-10-17,1,4,1,1,0,0,0,충남,천안시,0,1,0,1,2,0,0,127.2506,36.9069,충남천안시,0,0,0,0,0,63,1,1
32289,2014-12-01,1,0,1,1,0,0,0,대구,북구,0,0,0,1,1,0,0,128.5573,35.9264,대구북구,0,0,0,0,0,112,1,1
32290,2014-11-28,1,4,1,1,0,0,0,인천,중구,0,0,0,0,0,0,0,126.6223,37.4711,인천중구,0,0,0,0,0,72,1,1
32291,2014-11-28,0,4,1,1,0,0,0,대구,서구,0,0,0,0,0,0,0,128.5331,35.8686,대구서구,0,0,0,0,0,107,1,1
32292,2014-11-29,0,5,1,1,0,0,0,서울,영등포구,0,0,0,1,2,0,0,126.9219,37.5243,서울영등포구,0,0,0,1,0,150,1,1
32293,2014-11-27,1,3,1,1,0,0,0,경기,안산시,0,0,0,0,3,0,0,126.813,37.3418,경기안산시,0,0,0,0,0,2,1,1
32294,2014-12-07,0,6,1,1,0,0,0,경기,평택시,0,0,0,0,0,0,0,127.0777,37.0083,경기평택시,0,0,0,1,0,14,1,1
32296,2014-12-07,0,6,1,1,0,0,0,경기,안산시,0,0,0,0,0,0,0,126.7842,37.3307,경기안산시,0,0,0,1,0,2,1,1
32298,2014-09-06,0,5,1,1,0,0,0,강원,원주시,0,0,0,1,1,0,0,127.9539,37.3504,강원원주시,0,0,0,1,0,36,1,1
32303,2014-09-02,0,1,1,1,0,0,0,경북,경산시,0,0,0,1,1,0,0,128.8239,35.9072,경북경산시,0,0,0,0,0,52,1,1
32304,2014-09-05,0,4,1,1,0,0,0,충북,진천군,0,1,0,1,2,1,0,127.5006,36.9105,충북진천군,0,1,0,0,0,60,1,1
32305,2014-12-02,0,1,1,1,0,0,0,충남,천안시,0,0,1,0,3,0,0,127.1105,36.7063,충남천안시,0,0,0,0,0,63,1,0
32307,2014-12-03,0,2,1,1,0,0,0,울산,울주군,0,0,0,0,0,0,0,129.3514,35.4391,울산울주군,0,0,0,0,0,17,1,1
32309,2014-12-14,1,6,1,1,0,0,0,서울,성동구,0,0,0,0,0,0,0,127.0313,37.5666,서울성동구,0,0,0,1,0,84,1,1
32310,2014-12-12,1,4,1,1,0,0,0,경북,청도군,0,1,0,0,0,1,0,128.8076,35.7025,경북청도군,0,1,0,0,0,3,1,1
32311,2014-12-11,1,3,1,1,0,0,0,경기,광명시,0,2,0,0,0,0,0,126.8853,37.4586,경기광명시,0,0,0,0,0,81,1,1
32314,2014-12-24,0,2,1,1,0,0,0,전남,담양군,0,1,0,1,2,0,0,126.9798,35.3254,전남담양군,0,0,0,0,0,181,1,1
32315,2014-12-24,0,2,1,1,0,0,0,인천,남구,0,1,0,1,1,0,0,126.6858,37.4346,인천남동구,0,0,0,0,0,29,1,1
32317,2014-12-23,1,1,1,1,0,0,0,전남,순천시,0,1,0,0,0,8,0,127.4843,34.9023,전남순천시,0,8,0,0,0,27,1,1
32318,2014-12-29,1,0,1,1,0,0,0,충남,천안시,0,1,0,0,0,0,0,127.3444,36.7762,충남천안시,0,0,0,0,0,63,1,1
32319,2014-12-31,1,2,1,1,0,0,0,부산,서구,0,1,0,2,4,1,0,129.0161,35.0712,부산서구,0,1,0,0,0,226,1,1
32320,2014-12-30,0,1,1,1,0,0,0,경기,광주시,0,2,0,1,2,0,0,127.2442,37.4273,경기광주시,0,0,0,0,0,9,1,1
32322,2014-12-30,1,1,1,1,0,0,0,경남,양산시,0,2,0,0,0,3,0,129.042,35.3488,경남양산시,0,3,0,0,0,49,1,1
32324,2014-11-16,0,6,1,1,0,0,0,충남,공주시,0,0,0,0,0,2,0,127.1621,36.4837,충남공주시,0,2,0,1,0,19,1,1
32325,2014-11-15,0,5,1,1,0,0,0,부산,사하구,0,3,0,0,0,1,0,128.9618,35.0959,부산사하구,0,1,0,1,0,25,0,0
32328,2014-11-24,0,0,1,1,0,0,0,서울,강서구,0,1,0,0,0,2,0,126.8124,37.5611,서울강서구,0,2,0,0,0,43,1,1
32329,2014-11-24,1,0,1,1,0,0,0,부산,해운대구,0,1,0,0,0,0,0,129.1282,35.2199,부산해운대구,0,0,0,0,0,1,1,1
32332,2014-11-21,1,4,1,1,0,0,0,부산,강서구,0,1,0,0,0,1,0,128.9862,35.2122,부산강서구,0,1,0,0,0,206,1,1
32333,2014-11-21,0,4,1,1,0,0,0,충남,논산시,0,0,1,0,3,0,0,127.1054,36.2101,충남논산시,0,0,0,0,0,61,1,0
32337,2014-11-27,1,3,1,1,0,0,0,서울,양천구,0,0,0,0,0,1,0,126.8458,37.5228,서울양천구,0,1,0,0,0,140,1,1
32338,2014-12-07,0,6,1,1,0,0,0,광주,서구,0,0,2,1,1,0,0,126.8691,35.1255,광주서구,0,0,0,1,0,222,1,1
32340,2014-12-08,0,0,1,1,0,0,0,서울,강북구,0,0,0,0,0,1,0,127.0269,37.6246,서울강북구,0,1,0,0,0,200,1,1
32341,2014-12-20,0,5,1,1,0,0,0,경남,양산시,0,2,0,0,0,0,0,129.0661,35.4255,경남양산시,0,0,0,1,0,49,1,1
32345,2014-12-17,0,2,1,1,0,0,0,강원,홍천군,0,1,0,0,0,0,0,127.9459,37.7372,강원홍천군,0,0,0,0,0,82,1,1
32346,2014-12-16,0,1,1,1,0,0,0,서울,마포구,0,0,3,0,3,2,0,126.9237,37.5569,서울마포구,0,2,0,0,0,159,1,1
32348,2014-12-26,1,4,1,1,0,0,0,서울,노원구,0,1,1,1,1,1,0,127.0544,37.6202,서울노원구,0,1,0,0,0,18,1,0
32351,2014-12-21,0,6,1,1,0,0,0,전남,여수시,0,2,0,0,0,0,0,127.6299,34.7599,전남여수시,0,0,0,1,0,102,1,1
32352,2014-12-24,1,2,1,1,0,0,0,부산,동래구,0,1,0,0,3,2,0,129.0778,35.2056,부산동래구,0,2,0,0,0,216,1,1
32353,2014-11-16,1,6,1,1,0,0,0,충남,아산시,0,0,0,1,1,2,0,127.0041,36.7815,충남아산시,0,2,0,1,0,53,1,1
32355,2014-11-16,1,6,1,1,0,0,0,강원,횡성군,0,0,1,0,3,0,0,128.0743,37.4503,강원횡성군,0,0,0,1,0,31,1,0
32357,2014-11-22,0,5,1,1,0,0,0,경북,문경시,0,2,0,1,1,0,0,128.1081,36.7323,경북문경시,0,0,0,1,0,74,1,1
32358,2014-11-21,0,4,1,1,0,0,0,인천,부평구,0,0,0,0,0,0,0,126.7302,37.4967,인천부평구,0,0,0,0,0,44,1,1
32359,2014-11-30,0,6,1,1,0,0,0,경북,포항시,0,1,0,0,0,0,0,129.3468,36.1182,경북포항시,0,0,0,1,0,160,1,1
32360,2014-12-02,1,1,1,1,0,0,0,경기,용인시,0,0,3,0,0,0,0,127.1081,37.2545,경기용인시,0,0,0,0,0,51,1,1
32362,2014-11-28,1,4,1,1,0,0,0,부산,수영구,0,0,0,0,0,0,0,129.1138,35.1608,부산수영구,0,0,0,0,0,45,1,1
32363,2014-11-29,1,5,1,1,0,0,0,경기,안산시,0,0,0,1,1,1,0,126.8434,37.3366,경기안산시,0,1,0,1,0,2,1,1
32364,2014-12-08,1,0,1,1,0,0,0,충남,홍성군,0,1,1,1,1,1,0,126.6739,36.5998,충남홍성군,0,1,0,0,0,38,1,0
32369,2014-12-13,1,5,1,1,0,0,0,충북,음성군,0,1,0,0,0,0,0,127.4742,36.9551,충북음성군,0,0,0,1,0,110,1,1
32370,2014-12-09,1,1,1,1,0,0,0,전북,김제시,0,2,0,1,2,0,0,127.0003,35.8765,전북김제시,0,0,0,0,0,34,1,1
32372,2014-12-26,1,4,1,1,0,0,0,전북,무주군,0,0,1,0,3,0,0,127.6612,36.0078,전북무주군,0,0,0,0,0,182,1,0
32374,2014-12-24,0,2,1,1,0,0,0,서울,도봉구,0,0,0,1,1,0,0,127.0452,37.6806,서울도봉구,0,0,0,0,0,98,1,1
32379,2014-12-04,1,3,1,1,0,0,0,경기,구리시,0,0,0,1,1,3,0,127.1183,37.6108,경기구리시,0,3,0,0,0,165,1,1
32384,2014-12-04,1,3,1,1,0,0,0,경기,남양주시,0,0,3,1,2,1,0,127.135,37.6445,경기남양주시,0,1,0,0,0,70,1,1
32386,2014-12-13,0,5,1,1,0,0,0,경남,창원시(통합),0,1,0,0,0,0,0,128.6485,35.2435,경남창원시(통합),0,0,0,1,0,86,1,1
32388,2014-12-09,0,1,1,1,0,0,0,전남,여수시,0,0,3,0,0,0,0,127.7093,34.7493,전남여수시,0,0,0,0,0,102,1,1
32389,2014-12-09,1,1,1,1,0,0,0,경남,통영시,0,0,1,0,3,1,0,128.4228,34.8261,경남통영시,0,1,0,0,0,212,1,0
32390,2014-12-10,1,2,1,1,0,0,0,부산,영도구,0,0,0,0,0,0,0,129.0446,35.0925,부산영도구,0,0,0,0,0,173,1,1
32399,2014-11-20,0,3,1,1,0,0,0,경기,양주시,0,0,0,1,2,0,0,127.0823,37.8005,경기양주시,0,0,0,0,0,59,1,1
32400,2014-11-20,0,3,1,1,0,0,0,충북,음성군,0,1,0,0,0,0,0,127.7052,36.945,충북음성군,0,0,0,0,0,110,1,1
32401,2014-11-21,0,4,1,1,0,0,0,충북,충주시,0,1,0,0,0,2,0,127.8779,37.1023,충북충주시,0,2,0,0,0,6,1,1
32402,2014-11-22,0,5,1,1,0,0,0,대전,중구,0,4,0,1,1,0,0,127.3941,36.3176,대전중구,0,0,0,1,0,39,0,0
32403,2014-11-30,1,6,1,1,0,0,0,경기,광명시,0,1,0,1,1,0,0,126.8802,37.462,경기광명시,0,0,0,1,0,81,1,1
32404,2014-12-07,1,6,1,2,1,0,0,경북,포항시,0,1,5,0,0,0,0,129.3708,36.047,경북포항시,0,0,0,1,0,160,1,1
32405,2014-12-08,0,0,1,1,0,0,0,전북,전주시,0,0,0,0,0,0,0,127.0483,35.849,전북전주시,0,0,0,0,0,11,1,1
32408,2014-12-07,0,6,1,1,0,0,0,대전,중구,0,0,0,0,3,0,0,127.4411,36.31,대전중구,0,0,0,1,0,39,1,1
32411,2014-12-02,1,1,1,1,0,0,0,충남,계룡시,0,2,3,1,1,0,0,127.2458,36.2699,충남계룡시,0,0,0,0,0,223,1,1
32415,2014-12-18,0,3,1,1,0,0,0,전북,완주군,0,1,0,0,0,0,0,127.104,35.9639,전북완주군,0,0,0,0,0,28,1,1
32420,2014-10-16,0,3,1,1,0,0,0,충남,공주시,0,3,0,0,0,1,0,127.1453,36.4128,충남공주시,0,1,0,0,0,19,0,0
32422,2014-10-26,1,6,1,1,0,0,0,서울,관악구,0,1,1,0,3,2,0,126.9624,37.4777,서울관악구,0,2,0,1,0,188,1,0
32423,2014-10-26,0,6,1,1,0,0,0,경기,파주시,0,0,0,0,0,0,0,126.746,37.7124,경기파주시,0,0,0,1,0,175,1,1
32429,2013-06-29,1,5,1,1,0,0,0,대구,달서구,0,0,0,0,0,0,0,128.5658,35.8483,대구달서구,0,0,0,1,0,20,1,1
32433,2014-05-02,1,4,1,1,0,0,0,경기,안성시,0,1,0,0,0,1,0,127.2918,37.0233,경기안성시,0,1,0,0,0,23,1,1
32434,2014-05-04,0,6,1,1,0,0,0,경기,시흥시,0,2,0,0,0,0,0,126.7824,37.4414,경기시흥시,0,0,0,1,0,73,1,1
32437,2014-05-01,0,3,1,1,0,0,0,경북,경주시,0,1,0,1,1,0,0,129.3343,35.6775,경북경주시,0,0,0,0,0,100,1,1
32442,2014-05-02,0,4,1,1,0,0,0,경북,경주시,0,1,0,0,0,0,0,129.4628,35.7574,경북경주시,0,0,0,0,0,100,1,1
32445,2014-03-27,1,3,1,1,0,0,0,인천,남구,0,0,0,0,0,0,0,126.6662,37.4454,인천남동구,0,0,0,0,0,29,1,1
32446,2014-04-05,0,5,1,1,0,0,0,충북,청주시,0,0,1,0,0,0,0,127.4853,36.6281,충북청주시,0,0,0,1,0,83,1,0
32450,2014-04-12,0,5,1,1,0,0,0,광주,남구,0,0,3,1,1,1,0,126.9191,35.139,광주남구,0,1,0,1,0,190,1,1
32451,2014-04-08,0,1,1,1,0,0,0,경북,고령군,0,1,0,0,3,1,0,128.2627,35.7242,경북고령군,0,1,0,0,0,220,1,1
32453,2014-04-07,0,0,1,1,0,0,0,충북,청원군,0,0,0,0,0,0,0,127.3715,36.6241,충북청주시,0,0,0,0,0,83,1,1
32467,2013-05-18,0,5,1,1,0,0,0,강원,태백시,0,1,0,0,0,0,0,128.9681,37.1821,강원태백시,0,0,0,1,0,215,1,1
32468,2013-05-26,0,6,1,1,0,0,0,제주,서귀포시,0,0,1,0,3,0,0,126.5947,33.2925,제주서귀포시,0,0,0,1,0,62,1,0
32471,2013-06-08,1,5,1,1,0,0,0,경남,진주시,0,1,0,1,1,5,0,128.0713,35.1813,경남진주시,0,5,0,1,0,42,1,1
32472,2013-06-07,1,4,1,1,0,0,0,서울,동대문구,0,1,0,1,2,1,0,127.0588,37.5892,서울동대문구,0,1,0,0,0,201,1,1
32473,2013-06-04,1,1,1,1,0,0,0,경북,김천시,0,1,3,1,2,0,0,128.267,36.1569,경북김천시,0,0,0,0,0,76,1,1
32475,2013-06-03,0,0,1,1,0,0,0,대구,동구,0,0,0,0,3,1,0,128.727,35.8694,대구동구,0,1,0,0,0,26,1,1
32476,2013-06-04,0,1,1,1,0,0,0,전남,목포시,0,2,0,1,1,0,0,126.3821,34.7987,전남목포시,0,0,0,0,0,153,1,1
32478,2013-06-04,0,1,1,1,0,0,0,경기,평택시,0,2,0,1,1,2,0,127.0899,36.9942,경기평택시,0,2,0,0,0,14,1,1
32480,2013-06-03,1,0,1,1,0,0,0,전남,목포시,0,0,0,0,0,2,0,126.3947,34.799,전남목포시,0,2,0,0,0,153,1,1
32485,2013-06-17,1,0,1,1,0,0,0,대전,중구,0,0,1,1,1,1,0,127.4304,36.3276,대전중구,0,1,0,0,0,39,1,0
32486,2013-06-17,0,0,1,1,0,0,0,울산,남구,0,0,0,0,0,0,0,129.3386,35.5335,울산남구,0,0,0,0,0,213,1,1
32487,2013-06-16,0,6,1,2,0,1,0,부산,연제구,0,0,2,1,2,0,0,129.0713,35.1853,부산연제구,0,0,0,1,0,221,1,1
32493,2013-06-22,0,5,1,1,0,0,0,부산,진구,0,0,1,0,3,1,0,129.0691,35.1705,부산진구,0,1,0,1,0,231,1,0
32495,2013-06-18,0,1,1,1,0,0,0,전북,익산시,0,1,0,0,0,0,0,126.9035,35.9611,전북익산시,0,0,0,0,0,125,1,1
32497,2013-06-19,0,2,1,1,0,0,0,경기,남양주시,0,0,0,0,0,0,0,127.3015,37.6642,경기남양주시,0,0,0,0,0,70,1,1
32498,2013-05-19,0,6,1,1,0,0,0,충남,공주시,0,0,3,1,2,0,0,127.1355,36.4485,충남공주시,0,0,0,1,0,19,1,1
32500,2014-10-26,0,6,1,1,0,0,0,충남,천안시,0,1,0,0,0,0,0,127.1071,36.8076,충남천안시,0,0,0,1,0,63,1,1
32501,2014-10-27,1,0,1,1,0,0,0,서울,영등포구,0,1,0,0,0,1,0,126.8931,37.5205,서울영등포구,0,1,0,0,0,150,1,1
32503,2014-10-22,1,2,1,1,0,0,0,경남,김해시,0,0,0,0,0,1,0,128.9052,35.2356,경남김해시,0,1,0,0,0,13,1,1
32504,2014-10-22,0,2,1,1,0,0,0,인천,남구,0,0,1,0,0,0,0,126.6528,37.4683,인천남동구,0,0,0,0,0,29,1,0
32505,2014-10-22,0,2,1,1,0,0,0,경기,안성시,0,2,0,0,0,2,0,127.2326,36.9987,경기안성시,0,2,0,0,0,23,1,1
32508,2014-10-30,1,3,1,1,0,0,0,경북,구미시,0,1,0,0,0,0,0,128.3953,36.1903,경북구미시,0,0,0,0,0,144,1,1
32509,2014-10-31,0,4,1,1,0,0,0,서울,금천구,0,0,0,1,1,0,0,126.8985,37.4757,서울금천구,0,0,0,0,0,109,1,1
32514,2014-10-29,0,2,1,1,0,0,0,전남,나주시,0,1,0,0,0,1,0,126.7119,34.9381,전남나주시,0,1,0,0,0,33,1,1
32516,2014-11-11,1,1,1,1,0,0,0,서울,강서구,0,1,0,1,2,0,0,126.8005,37.5792,서울강서구,0,0,0,0,0,43,1,1
32520,2014-11-18,0,1,1,1,0,0,0,경기,포천시,0,2,0,0,0,3,0,127.207,37.8638,경기포천시,0,3,0,0,0,171,1,1
32523,2014-10-09,0,3,1,1,0,0,0,서울,강동구,0,1,0,1,2,0,0,127.1355,37.5379,서울강동구,0,0,0,1,0,91,1,1
32524,2014-10-15,0,2,1,1,0,0,0,부산,북구,0,0,0,0,0,0,0,129.0092,35.2081,부산북구,0,0,0,0,0,118,1,1
32526,2014-10-10,0,4,1,1,0,0,0,부산,수영구,0,1,0,0,0,0,0,129.1209,35.1588,부산수영구,0,0,0,0,0,45,1,1
32527,2014-10-13,1,0,1,1,0,0,0,인천,남구,0,0,1,1,1,1,0,126.643,37.4557,인천남동구,0,1,0,0,0,29,1,0
32528,2014-10-13,0,0,1,1,0,0,0,서울,종로구,0,0,3,0,3,1,0,126.9588,37.6069,서울종로구,0,1,0,0,0,116,1,1
32534,2014-10-24,0,4,1,1,0,0,0,경기,고양시,0,1,0,0,0,7,0,126.8347,37.6155,경기고양시,0,7,0,0,0,40,1,1
32536,2014-08-31,0,6,1,1,0,0,0,충남,당진시,0,0,0,1,2,2,0,126.5681,36.9995,충남당진시,0,2,0,1,0,46,1,1
32537,2014-09-02,0,1,1,1,0,0,0,경남,함안군,0,0,0,0,0,0,0,128.409,35.278,경남함안군,0,0,0,0,0,117,1,1
32541,2014-08-29,1,4,1,1,0,0,0,강원,원주시,0,3,0,0,0,0,0,127.8945,37.3712,강원원주시,0,0,0,0,0,36,0,0
32543,2014-01-08,0,2,1,1,0,0,0,서울,양천구,0,2,0,2,0,1,0,126.8314,37.5249,서울양천구,0,1,0,0,0,140,1,1
32544,2014-05-02,0,4,1,3,2,0,0,충남,청양군,0,1,0,0,0,0,0,126.9984,36.4051,충남청양군,1,0,0,0,0,174,1,1
32545,2014-11-13,0,3,1,1,0,0,0,경북,김천시,0,1,0,0,0,0,0,128.2557,36.1606,경북김천시,0,0,0,0,0,76,1,1
32546,2014-11-12,1,2,1,1,0,0,0,강원,영월군,0,1,0,0,0,0,0,128.5085,37.183,강원영월군,0,0,0,0,0,114,1,1
32548,2014-11-12,1,2,1,1,0,0,0,전남,순천시,0,0,1,0,3,0,0,127.4836,34.9654,전남순천시,0,0,0,0,0,27,1,0
32550,2014-01-06,0,0,1,1,0,0,0,서울,구로구,0,0,0,0,0,2,0,126.9017,37.4832,서울구로구,0,2,0,0,0,79,1,1
32552,2014-01-03,1,4,1,1,0,0,0,대구,달서구,0,1,3,0,0,0,0,128.543,35.8396,대구달서구,0,0,0,0,0,20,1,1
32554,2014-01-16,0,3,1,1,0,0,0,서울,도봉구,0,1,0,0,0,0,0,127.03,37.6481,서울도봉구,0,0,0,0,0,98,1,1
32556,2014-01-10,1,4,1,1,0,0,0,서울,광진구,0,0,0,0,3,2,0,127.0817,37.5564,서울광진구,0,2,0,0,0,183,1,1
32559,2014-01-23,1,3,1,1,0,0,0,제주,서귀포시,0,0,2,1,2,1,0,126.8999,33.4453,제주서귀포시,0,1,0,0,0,62,1,1
32560,2014-01-23,1,3,1,1,0,0,0,서울,영등포구,0,0,0,0,3,0,0,126.917,37.5118,서울영등포구,0,0,0,0,0,150,1,1
32561,2014-01-23,0,3,1,1,0,0,0,경기,광주시,0,3,0,0,0,0,0,127.3172,37.3355,경기광주시,0,0,0,0,0,9,0,0
32563,2014-01-24,0,4,1,1,0,0,0,경기,부천시,0,2,0,0,0,5,0,126.7592,37.4909,경기부천시,0,5,0,0,0,65,1,1
32564,2014-01-24,1,4,1,1,0,0,0,대전,대덕구,0,0,0,1,1,1,0,127.4502,36.3542,대전대덕구,0,1,0,0,0,77,1,1
32566,2014-01-20,1,0,1,1,0,0,0,경기,시흥시,0,0,0,0,0,1,0,126.7164,37.3563,경기시흥시,0,1,0,0,0,73,1,1
32567,2014-01-20,0,0,1,1,0,0,0,경북,경주시,0,2,0,1,2,0,0,129.1207,35.8599,경북경주시,0,0,0,0,0,100,1,1
32572,2014-11-04,0,1,1,1,0,0,0,충남,청양군,0,1,2,0,0,1,0,126.8432,36.5185,충남청양군,0,1,0,0,0,174,1,1
32573,2014-11-04,0,1,1,1,0,0,0,제주,제주시,0,1,0,0,0,0,0,126.8681,33.521,제주제주시,0,0,0,0,0,90,1,1
32574,2014-11-05,1,2,1,1,0,0,0,서울,강동구,0,3,0,1,2,1,0,127.145,37.5369,서울강동구,0,1,0,0,0,91,0,0
32576,2014-11-05,0,2,1,1,0,0,0,경북,김천시,0,1,0,1,1,0,0,128.031,35.9879,경북김천시,0,0,0,0,0,76,1,1
32577,2014-11-05,1,2,1,1,0,0,0,경기,동두천시,0,0,1,0,0,0,0,127.0807,37.8944,경기동두천시,0,0,0,0,0,94,1,0
32579,2014-11-03,0,0,1,1,0,0,0,경북,성주군,0,1,0,2,4,0,0,128.2085,35.9548,경북성주군,0,0,0,0,0,168,1,1
32580,2014-11-03,0,0,1,1,0,0,0,제주,제주시,0,0,0,1,1,0,0,126.2069,33.3702,제주제주시,0,0,0,0,0,90,1,1
32584,2014-11-13,0,3,1,1,0,0,0,부산,사하구,0,0,0,0,0,1,0,128.9797,35.0774,부산사하구,0,1,0,0,0,25,1,1
32585,2014-11-14,0,4,2,2,0,0,0,부산,중구,0,2,0,2,0,0,0,129.0386,35.112,부산중구,0,0,0,0,0,228,1,1
32589,2013-06-07,0,4,1,1,0,0,0,경남,통영시,0,2,0,0,0,0,0,128.4032,34.9589,경남통영시,0,0,0,0,0,212,1,1
32591,2013-06-04,1,1,1,1,0,0,0,강원,홍천군,0,1,4,2,4,1,0,127.7748,37.6925,강원홍천군,0,1,0,0,0,82,1,1
32593,2014-09-15,0,0,1,1,0,0,0,경남,김해시,0,0,0,0,0,1,0,128.7889,35.3369,경남김해시,0,1,0,0,0,13,1,1
32595,2014-09-13,0,5,1,1,0,0,0,서울,강남구,0,0,2,0,0,0,0,127.0383,37.5163,서울강남구,0,0,0,1,0,89,1,1
32598,2014-09-10,0,2,1,1,0,0,0,경기,김포시,0,1,0,0,0,0,0,126.5972,37.6916,경기김포시,0,0,0,0,0,47,1,1
32603,2014-09-11,1,3,1,1,0,0,0,서울,강북구,0,0,1,0,3,1,0,127.0415,37.6308,서울강북구,0,1,0,0,0,200,1,0
32604,2014-09-09,0,1,1,1,0,0,0,서울,동작구,0,1,2,0,3,1,0,126.9115,37.4951,서울동작구,0,1,0,1,0,93,1,1
32605,2014-09-20,0,5,1,1,0,0,0,경북,경주시,0,1,0,1,2,2,0,129.2011,35.997,경북경주시,0,2,0,1,0,100,1,1
32606,2014-09-21,0,6,1,1,0,0,0,경남,하동군,0,1,0,2,4,1,0,127.9031,35.0219,경남하동군,0,1,0,1,0,172,1,1
32607,2014-09-17,0,2,1,1,0,0,0,경북,칠곡군,0,1,0,0,0,0,0,128.4256,35.9668,경북칠곡군,0,0,0,0,0,21,1,1
32608,2014-09-17,0,2,1,1,0,0,0,경북,경주시,0,1,0,0,0,0,0,129.2254,35.864,경북경주시,0,0,0,0,0,100,1,1
32609,2014-09-27,0,5,1,1,0,0,0,전남,광양시,0,0,0,1,2,0,0,127.5652,34.9643,전남광양시,0,0,0,1,0,130,1,1
32611,2014-09-27,0,5,1,1,0,0,0,충북,청주시,0,1,0,1,2,0,0,127.4671,36.6276,충북청주시,0,0,0,1,0,83,1,1
32616,2014-09-25,1,3,1,1,0,0,0,경북,안동시,0,1,0,0,0,1,0,128.6648,36.5832,경북안동시,0,1,0,0,0,66,1,1
32620,2014-08-15,0,4,1,1,0,0,0,대구,북구,0,0,0,0,0,0,0,128.6172,35.9085,대구북구,0,0,0,1,0,112,1,1
32625,2014-08-25,0,0,1,1,0,0,0,부산,사상구,0,1,0,1,2,0,0,128.977,35.1697,부산사상구,0,0,0,0,0,120,1,1
32627,2014-08-29,1,4,1,1,0,0,0,서울,은평구,0,2,0,1,2,2,0,126.9107,37.6075,서울은평구,0,2,0,0,0,139,1,1
32628,2014-08-28,1,3,1,1,0,0,0,경기,시흥시,0,1,0,1,2,1,0,126.7316,37.328,경기시흥시,0,1,0,0,0,73,1,1
32629,2014-09-04,1,3,1,1,0,0,0,전남,신안군,0,1,0,2,4,2,0,126.0594,34.8803,전남신안군,0,2,0,0,0,132,1,1
32630,2014-09-04,1,3,1,1,0,0,0,충남,금산군,0,0,0,0,0,0,0,127.4881,36.1073,충남금산군,0,0,0,0,0,68,1,1
32631,2014-08-29,1,4,1,1,0,0,0,전남,나주시,0,1,3,0,3,1,0,126.7134,35.0,전남나주시,0,1,0,0,0,33,1,1
32633,2014-09-07,0,6,1,1,0,0,0,경기,수원시,0,0,0,0,0,0,0,127.0159,37.2956,경기수원시,0,0,0,1,0,99,1,1
32634,2014-09-09,0,1,1,1,0,0,0,충남,천안시,0,0,0,0,0,0,0,127.1365,36.8221,충남천안시,0,0,0,1,0,63,1,1
32636,2014-09-07,0,6,1,1,0,0,0,전남,영암군,0,2,0,0,0,1,0,126.6884,34.8834,전남영암군,0,1,0,1,0,16,1,1
32637,2014-09-05,1,4,1,1,0,0,0,충남,예산군,0,1,0,2,4,1,0,126.7303,36.6877,충남예산군,0,1,0,0,0,187,1,1
32638,2014-09-05,1,4,1,1,0,0,0,서울,송파구,0,2,0,0,0,1,0,127.1102,37.513,서울송파구,0,1,0,0,0,156,1,1