index,발생년월일,주야,요일,사망자수,사상자수,중상자수,경상자수,부상신고자수,발생지시도,발생지시군구,사고유형_대분류,사고유형_중분류,법규위반,도로형태_대분류,도로형태,당사자종별_1당_대분류,당사자종별_2당_대분류,경도,위도,발생지,사고피해정도,사고차량타입,도시여부,주말/공휴일,인구수,발생지번호,보행자의위치,무단횡단여부
33614,2014-07-29,0,1,1,1,0,0,0,경기,평택시,0,1,0,0,0,2,0,126.8978,36.9989,경기평택시,0,2,0,0,0,14,1,1
33615,2014-07-27,0,6,1,1,0,0,0,부산,남구,0,0,0,0,0,4,0,129.111,35.1158,부산남구,0,4,0,1,0,180,1,1
33616,2014-08-08,1,4,1,1,0,0,0,충남,당진시,0,1,0,0,0,1,0,126.6091,36.953,충남당진시,0,1,0,0,0,46,1,1
33617,2014-08-06,1,2,1,1,0,0,0,충남,논산시,0,0,0,1,1,0,0,127.0154,36.1566,충남논산시,0,0,0,0,0,61,1,1
33618,2014-06-30,1,0,1,1,0,0,0,광주,광산구,0,0,0,0,0,1,0,126.754,35.1261,광주광산구,0,1,0,0,0,135,1,1
33619,2014-07-05,0,5,1,1,0,0,0,경남,남해군,0,0,3,2,4,1,0,127.9685,34.8056,경남남해군,0,1,0,1,0,197,1,1
33625,2014-07-11,0,4,1,1,0,0,0,서울,강남구,0,1,0,0,0,0,0,127.0516,37.4987,서울강남구,0,0,0,0,0,89,1,1
33637,2014-07-24,0,3,1,1,0,0,0,전남,나주시,0,1,0,0,0,8,0,126.7112,34.9351,전남나주시,0,8,0,0,0,33,1,1
33638,2014-07-24,1,3,1,1,0,0,0,경기,고양시,0,0,0,1,2,1,0,126.8388,37.6588,경기고양시,0,1,0,0,0,40,1,1
33650,2014-08-05,0,1,1,3,0,2,0,대구,서구,0,1,2,0,0,0,0,128.5565,35.8614,대구서구,0,0,0,0,0,107,1,1
33653,2014-08-14,0,3,1,1,0,0,0,경북,포항시,0,0,0,0,3,0,0,129.3653,36.0349,경북포항시,0,0,0,0,0,160,1,1
33657,2014-08-08,1,4,1,3,0,1,1,서울,도봉구,0,1,0,0,0,1,0,127.0436,37.6764,서울도봉구,0,1,0,0,0,98,1,1
33658,2014-08-08,1,4,1,1,0,0,0,광주,서구,0,0,0,1,1,0,0,126.8635,35.1663,광주서구,0,0,0,0,0,222,1,1
33660,2014-07-07,0,0,1,1,0,0,0,경기,파주시,0,0,1,1,2,3,0,126.756,37.7342,경기파주시,0,3,0,0,0,175,1,0
33661,2014-07-06,0,6,2,2,0,0,0,제주,제주시,0,0,1,1,2,2,0,126.4966,33.4892,제주제주시,0,2,0,1,0,90,1,0
33667,2014-07-11,1,4,1,1,0,0,0,충남,계룡시,0,0,0,1,2,0,0,127.2686,36.2683,충남계룡시,0,0,0,0,0,223,1,1
33669,2014-07-16,1,2,1,1,0,0,0,강원,원주시,0,1,0,1,1,3,0,127.9714,37.3422,강원원주시,0,3,0,0,0,36,1,1
33671,2014-07-24,1,3,1,1,0,0,0,세종,세종,0,1,3,1,2,0,0,127.2679,36.508,세종세종,0,0,1,0,0,229,1,1
33672,2014-07-23,0,2,1,1,0,0,0,광주,북구,0,1,1,0,3,0,0,126.9278,35.251,광주북구,0,0,0,0,0,137,1,0
33674,2014-07-28,0,0,1,1,0,0,0,전북,군산시,0,0,0,0,0,0,0,126.7193,35.9698,전북군산시,0,0,0,0,0,166,1,1
33675,2014-01-04,0,5,1,1,0,0,0,경기,안양시,0,0,0,0,0,1,0,126.9309,37.3994,경기안양시,0,1,0,1,0,151,1,1
33676,2014-01-17,1,4,1,1,0,0,0,경남,거제시,0,0,1,1,1,0,0,128.6457,34.991,경남거제시,0,0,0,0,0,15,1,0
33677,2014-01-15,0,2,1,1,0,0,0,부산,동구,0,0,2,0,0,0,0,129.0594,35.1382,부산동구,0,0,0,0,0,209,1,1
33679,2014-01-12,0,6,1,1,0,0,0,충남,공주시,0,0,1,1,1,0,0,127.0994,36.4197,충남공주시,0,0,0,1,0,19,1,0
33681,2014-01-21,0,1,1,1,0,0,0,전북,군산시,0,2,0,0,0,1,0,126.6934,35.9399,전북군산시,0,1,0,0,0,166,1,1
33682,2014-01-22,1,2,1,1,0,0,0,전북,익산시,0,0,0,1,1,0,0,126.9445,35.9445,전북익산시,0,0,0,0,0,125,1,1
33684,2014-02-17,0,0,1,1,0,0,0,전북,전주시,0,0,1,0,0,0,0,127.1218,35.8452,전북전주시,0,0,0,0,0,11,1,0
33687,2014-08-07,1,3,1,1,0,0,0,전남,여수시,0,0,1,0,0,0,0,127.7207,34.7356,전남여수시,0,0,0,0,0,102,1,0
33694,2014-02-13,1,3,1,1,0,0,0,강원,춘천시,0,0,1,0,3,0,0,127.7278,37.8699,강원춘천시,0,0,0,0,0,111,1,0
33696,2014-02-15,1,5,1,1,0,0,0,전남,고흥군,0,0,2,1,1,0,0,127.2925,34.5045,전남고흥군,0,0,0,1,0,191,1,1
33699,2014-02-14,1,4,1,1,0,0,0,대전,동구,0,0,0,1,1,0,0,127.4606,36.3097,대전동구,0,0,0,0,0,80,1,1
33700,2014-02-14,0,4,1,1,0,0,0,경남,창녕군,0,0,0,1,2,1,0,128.516,35.4359,경남창녕군,0,1,0,0,0,211,1,1
33706,2014-02-12,1,2,1,1,0,0,0,충남,천안시,0,0,0,0,0,1,0,127.1375,36.8281,충남천안시,0,1,0,0,0,63,1,1
33708,2014-02-11,0,1,1,1,0,0,0,경기,수원시,0,1,0,0,0,0,0,127.0056,37.2819,경기수원시,0,0,0,0,0,99,1,1
33709,2014-02-10,1,0,1,1,0,0,0,광주,북구,0,2,0,1,1,2,0,126.9007,35.2149,광주북구,0,2,0,0,0,137,1,1
33710,2014-02-11,1,1,1,1,0,0,0,경기,부천시,0,1,0,0,0,2,0,126.7922,37.4759,경기부천시,0,2,0,0,0,65,1,1
33715,2014-06-26,1,3,1,1,0,0,0,경남,김해시,0,1,0,1,1,2,0,128.8551,35.2333,경남김해시,0,2,0,0,0,13,1,1
33719,2014-06-24,1,1,1,1,0,0,0,서울,종로구,0,0,1,0,0,3,0,127.0034,37.5763,서울종로구,0,3,0,0,0,116,1,0
33720,2014-06-24,0,1,1,1,0,0,0,인천,부평구,0,1,0,0,0,4,0,126.736,37.4996,인천부평구,0,4,0,0,0,44,1,1
33721,2014-06-20,0,4,1,1,0,0,0,전북,익산시,0,0,0,1,1,0,0,126.8902,35.931,전북익산시,0,0,0,0,0,125,1,1
33722,2014-05-13,0,1,1,1,0,0,0,경북,포항시,0,1,0,0,0,0,0,129.393,36.0761,경북포항시,0,0,0,0,0,160,1,1
33726,2014-06-30,1,0,1,1,0,0,0,전남,신안군,0,1,0,0,0,3,0,126.2114,35.0591,전남신안군,0,3,0,0,0,132,1,1
33729,2014-07-06,0,6,1,1,0,0,0,경기,평택시,0,0,1,1,2,0,0,126.9208,36.9878,경기평택시,0,0,0,1,0,14,1,0
33732,2014-07-08,0,1,1,1,0,0,0,인천,남구,0,2,0,0,0,0,0,126.6809,37.4515,인천남동구,0,0,0,0,0,29,1,1
33733,2014-07-15,1,1,1,1,0,0,0,강원,춘천시,0,1,0,0,0,0,0,127.72,37.8617,강원춘천시,0,0,0,0,0,111,1,1
33737,2014-07-13,0,6,1,1,0,0,0,경기,수원시,0,0,0,1,1,0,0,127.0328,37.2643,경기수원시,0,0,0,1,0,99,1,1
33738,2014-07-11,1,4,1,1,0,0,0,강원,춘천시,0,1,0,0,0,1,0,127.7014,37.7356,강원춘천시,0,1,0,0,0,111,1,1
33743,2014-07-17,0,3,1,1,0,0,0,충남,아산시,0,0,0,0,0,0,0,127.0744,36.8084,충남아산시,0,0,0,0,0,53,1,1
33746,2014-07-22,0,1,1,2,1,0,0,서울,마포구,0,0,0,2,4,0,0,126.9346,37.5537,서울마포구,0,0,0,0,0,159,1,1
33750,2014-08-05,0,1,1,1,0,0,0,경남,김해시,0,0,0,0,0,0,0,128.8783,35.2397,경남김해시,0,0,0,0,0,13,1,1
33752,2014-08-04,1,0,2,5,1,2,0,경기,광명시,0,0,3,0,3,1,0,126.8483,37.4692,경기광명시,1,1,0,0,0,81,1,1
33755,2014-08-02,0,5,1,1,0,0,0,충남,보령시,0,1,0,0,0,0,0,126.5899,36.4453,충남보령시,0,0,0,1,0,136,1,1
33761,2014-07-08,0,1,1,1,0,0,0,경기,수원시,0,0,0,0,0,0,0,127.0722,37.2525,경기수원시,0,0,0,0,0,99,1,1
33764,2014-07-10,1,3,1,1,0,0,0,경기,남양주시,0,1,0,0,0,0,0,127.134,37.6879,경기남양주시,0,0,0,0,0,70,1,1
33765,2014-05-10,1,5,1,1,0,0,0,전북,무주군,0,3,5,0,0,0,0,127.6401,36.0049,전북무주군,0,0,0,1,0,182,0,0
33768,2014-05-19,0,0,1,1,0,0,0,서울,종로구,0,0,0,0,0,0,0,126.9889,37.5703,서울종로구,0,0,0,0,0,116,1,1
33774,2014-05-20,0,1,1,1,0,0,0,서울,은평구,0,2,0,0,0,2,0,126.8924,37.5838,서울은평구,0,2,0,0,0,139,1,1
33775,2014-05-19,0,0,1,1,0,0,0,충남,논산시,0,0,2,0,0,0,0,127.1095,36.1986,충남논산시,0,0,0,0,0,61,1,1
33779,2014-05-27,1,1,1,1,0,0,0,대구,중구,0,1,0,0,0,1,0,128.5781,35.8765,대구중구,0,1,0,0,0,178,1,1
33782,2014-06-05,0,3,1,1,0,0,0,대전,중구,0,0,0,0,3,0,0,127.4265,36.3274,대전중구,0,0,0,0,0,39,1,1
33784,2014-06-02,0,0,1,1,0,0,0,전북,군산시,0,1,0,0,0,0,0,126.7093,35.9698,전북군산시,0,0,0,0,0,166,1,1
33787,2014-06-12,0,3,1,1,0,0,0,대구,중구,0,0,0,1,1,0,0,128.5778,35.8784,대구중구,0,0,0,0,0,178,1,1
33795,2014-08-13,1,2,1,1,0,0,0,경남,창원시(통합),0,0,0,1,1,0,0,128.564,35.1884,경남창원시(통합),0,0,0,0,0,86,1,1
33796,2014-08-14,0,3,1,1,0,0,0,충북,청주시,0,0,0,0,0,2,0,127.4951,36.6223,충북청주시,0,2,0,0,0,83,1,1
33801,2014-08-06,0,2,1,2,0,1,0,대구,달서구,0,1,0,1,2,0,0,128.5541,35.8363,대구달서구,0,0,0,0,0,20,1,1
33803,2014-08-09,0,5,1,1,0,0,0,충남,예산군,0,0,1,1,2,2,0,126.7722,36.5348,충남예산군,0,2,0,1,0,187,1,0
33806,2014-08-12,0,1,1,1,0,0,0,서울,종로구,0,1,0,0,0,0,0,126.9992,37.5708,서울종로구,0,0,0,0,0,116,1,1
33807,2014-07-01,1,1,1,1,0,0,0,전남,해남군,0,1,0,0,0,2,0,126.6743,34.5575,전남해남군,0,2,0,0,0,119,1,1
33812,2014-01-08,1,2,1,1,0,0,0,대전,유성구,0,3,0,0,0,0,0,127.3151,36.3285,대전유성구,0,0,0,0,0,148,0,0
33813,2014-01-08,0,2,1,1,0,0,0,충남,아산시,0,0,0,0,0,8,0,126.9694,36.8257,충남아산시,0,8,0,0,0,53,1,1
33815,2014-07-05,0,5,1,1,0,0,0,전남,영광군,0,0,0,0,0,0,0,126.5003,35.2825,전남영광군,0,0,0,1,0,127,1,1
33817,2014-07-05,0,5,1,3,1,1,0,전북,전주시,0,0,1,1,1,0,0,127.1348,35.7874,전북전주시,0,0,0,1,0,11,1,0
33818,2014-07-03,0,3,1,1,0,0,0,충북,충주시,0,0,0,0,0,0,0,127.8682,36.9632,충북충주시,0,0,0,0,0,6,1,1
33819,2014-07-05,0,5,1,1,0,0,0,광주,동구,0,1,0,0,0,1,0,126.9393,35.1325,광주동구,0,1,0,1,0,162,1,1
33823,2014-07-19,1,5,1,1,0,0,0,부산,영도구,0,1,0,0,3,2,0,129.0411,35.0886,부산영도구,0,2,0,1,0,173,1,1
33826,2014-07-24,0,3,1,3,1,1,0,경북,영주시,0,0,0,0,0,0,0,128.6233,36.8128,경북영주시,0,0,0,0,0,113,1,1
33828,2014-07-24,0,3,1,1,0,0,0,전북,순창군,0,2,0,0,0,0,0,127.0962,35.4801,전북순창군,0,0,0,0,0,131,1,1
33831,2014-07-28,1,0,1,1,0,0,0,부산,강서구,0,1,0,0,0,0,0,128.946,35.2151,부산강서구,0,0,0,0,0,206,1,1
33835,2014-08-11,0,0,1,2,0,1,0,경기,김포시,0,1,0,0,0,1,0,126.695,37.6432,경기김포시,0,1,0,0,0,47,1,1
33836,2014-08-07,0,3,1,1,0,0,0,경남,창원시(통합),0,0,2,0,0,0,0,128.6546,35.2433,경남창원시(통합),0,0,0,0,0,86,1,1
33839,2014-08-19,0,1,1,1,0,0,0,서울,광진구,0,1,2,0,0,0,0,127.082,37.5564,서울광진구,0,0,0,0,0,183,1,1
33842,2014-05-15,1,3,1,1,0,0,0,서울,강남구,0,1,0,0,0,1,0,127.0317,37.514,서울강남구,0,1,0,0,0,89,1,1
33844,2014-07-17,1,3,1,1,0,0,0,울산,북구,0,1,0,0,0,1,0,129.3598,35.5815,울산북구,0,1,0,0,0,158,1,1
33846,2014-07-15,1,1,1,1,0,0,0,경기,의정부시,0,1,2,0,0,0,0,127.0766,37.7551,경기의정부시,0,0,0,0,0,64,1,1
33847,2014-07-15,0,1,1,1,0,0,0,강원,춘천시,0,1,0,0,3,2,0,127.7445,37.8873,강원춘천시,0,2,0,0,0,111,1,1
33852,2014-07-22,1,1,1,2,0,1,0,경남,의령군,0,3,0,0,0,5,0,128.1028,35.3686,경남의령군,0,5,0,0,0,189,0,0
33861,2014-08-13,0,2,1,1,0,0,0,서울,강서구,0,1,0,1,2,1,0,126.8115,37.5648,서울강서구,0,1,0,0,0,43,1,1
33862,2014-07-02,0,2,1,1,0,0,0,경기,안산시,0,1,0,0,0,0,0,126.8571,37.3153,경기안산시,0,0,0,0,0,2,1,1
33863,2014-07-08,1,1,1,1,0,0,0,경기,수원시,0,1,0,1,1,0,0,127.0668,37.2762,경기수원시,0,0,0,0,0,99,1,1
33865,2014-07-07,1,0,1,1,0,0,0,경기,안성시,0,1,0,1,1,9,0,127.2667,37.0816,경기안성시,0,9,0,0,0,23,1,1
33867,2014-07-04,1,4,1,1,0,0,0,광주,서구,0,1,0,0,0,1,0,126.9018,35.1549,광주서구,0,1,0,0,0,222,1,1
33868,2014-07-04,0,4,1,1,0,0,0,인천,계양구,0,0,1,1,2,2,0,126.7419,37.541,인천계양구,0,2,0,0,0,7,1,0
33869,2014-07-03,0,3,1,2,1,0,0,경남,창녕군,0,0,1,1,2,0,0,128.5265,35.4571,경남창녕군,0,0,0,0,0,211,1,0
33871,2014-07-12,0,5,1,1,0,0,0,충남,금산군,0,0,2,1,2,0,0,127.4723,36.1828,충남금산군,0,0,0,1,0,68,1,1
33873,2014-07-09,0,2,1,1,0,0,0,서울,관악구,0,1,4,0,0,0,0,126.9241,37.4867,서울관악구,0,0,0,0,0,188,1,1
33876,2014-07-15,0,1,1,1,0,0,0,전북,김제시,0,0,0,0,0,0,0,127.015,35.7781,전북김제시,0,0,0,0,0,34,1,1
33884,2014-08-13,1,2,1,1,0,0,0,충북,충주시,0,1,0,0,0,0,0,127.8464,36.991,충북충주시,0,0,0,0,0,6,1,1
33888,2014-05-19,0,0,1,1,0,0,0,대구,달성군,0,0,0,0,0,2,0,128.498,35.8034,대구달성군,0,2,0,0,0,30,1,1
33892,2014-05-30,0,4,1,1,0,0,0,경남,거창군,0,2,0,0,0,0,0,127.8568,35.7592,경남거창군,0,0,0,0,0,154,1,1
33898,2014-06-03,0,1,1,1,0,0,0,경기,의정부시,0,2,0,0,0,2,0,127.0543,37.6971,경기의정부시,0,2,0,0,0,64,1,1
33904,2014-06-09,0,0,1,1,0,0,0,충북,청주시,0,0,3,1,2,0,0,127.4657,36.6477,충북청주시,0,0,0,0,0,83,1,1
33906,2014-06-08,0,6,1,1,0,0,0,서울,동대문구,0,1,0,1,2,0,0,127.0751,37.5682,서울동대문구,0,0,0,1,0,201,1,1
33908,2014-05-08,0,3,1,1,0,0,0,경북,성주군,0,0,1,1,1,0,0,128.1922,35.8542,경북성주군,0,0,0,0,0,168,1,0
33910,2014-05-19,1,0,1,1,0,0,0,강원,화천군,0,0,0,1,1,2,0,127.7064,38.1041,강원화천군,0,2,0,0,0,218,1,1
33912,2014-05-16,1,4,1,1,0,0,0,대구,중구,0,0,0,1,2,2,0,128.6041,35.8727,대구중구,0,2,0,0,0,178,1,1
33915,2014-05-15,0,3,1,1,0,0,0,경기,남양주시,0,1,0,0,0,1,0,127.1788,37.6158,경기남양주시,0,1,0,0,0,70,1,1
33920,2014-05-29,1,3,1,1,0,0,0,경남,양산시,0,1,0,0,0,2,0,128.9991,35.3315,경남양산시,0,2,0,0,0,49,1,1
33932,2014-07-31,0,3,1,1,0,0,0,충남,당진시,0,0,0,0,0,0,0,126.7025,36.901,충남당진시,0,0,0,0,0,46,1,1
33933,2014-08-13,0,2,1,1,0,0,0,인천,계양구,0,2,0,1,2,0,0,126.7225,37.5333,인천계양구,0,0,0,0,0,7,1,1
33934,2014-08-12,0,1,1,1,0,0,0,인천,남동구,0,0,0,1,2,0,0,126.7164,37.4021,인천남동구,0,0,0,0,0,29,1,1
33941,2014-08-11,1,0,1,1,0,0,0,경기,안양시,0,1,3,1,1,1,0,126.9086,37.4207,경기안양시,0,1,0,0,0,151,1,1
33947,2014-07-05,1,5,1,1,0,0,0,전남,여수시,0,0,1,0,3,2,0,127.7109,34.7586,전남여수시,0,2,0,1,0,102,1,0
33950,2014-07-12,1,5,1,1,0,0,0,경북,영주시,0,1,0,1,1,1,0,128.6565,36.9612,경북영주시,0,1,0,1,0,113,1,1
33951,2014-07-11,0,4,1,1,0,0,0,대전,서구,0,0,0,0,3,0,0,127.3744,36.3578,대전서구,0,0,0,0,0,4,1,1
33952,2014-07-10,1,3,1,1,0,0,0,서울,동작구,0,0,0,0,0,2,0,126.9394,37.5055,서울동작구,0,2,0,0,0,93,1,1
33956,2014-07-25,1,4,1,1,0,0,0,제주,서귀포시,0,1,0,0,0,0,0,126.2865,33.2267,제주서귀포시,0,0,0,0,0,62,1,1
33959,2014-07-31,0,3,1,1,0,0,0,경북,고령군,0,0,0,0,0,0,0,128.2569,35.6935,경북고령군,0,0,0,0,0,220,1,1
33967,2014-08-12,0,1,1,1,0,0,0,경기,광주시,0,2,0,1,1,0,0,127.2497,37.4168,경기광주시,0,0,0,0,0,9,1,1
33972,2014-05-28,0,2,1,1,0,0,0,강원,철원군,0,0,5,0,0,0,0,127.4193,38.186,강원철원군,0,0,0,0,0,184,1,1
33975,2014-06-03,0,1,1,1,0,0,0,전남,여수시,0,0,0,0,0,0,0,127.6644,34.7606,전남여수시,0,0,0,0,0,102,1,1
33981,2014-06-02,0,0,1,1,0,0,0,충남,천안시,0,0,0,1,2,0,0,127.1466,36.8765,충남천안시,0,0,0,0,0,63,1,1
33987,2014-05-08,0,3,1,1,0,0,0,전북,익산시,0,1,2,0,0,0,0,126.8932,35.9304,전북익산시,0,0,0,0,0,125,1,1
33996,2014-05-21,0,2,1,1,0,0,0,대구,달서구,0,2,0,1,1,0,0,128.5368,35.8374,대구달서구,0,0,0,0,0,20,1,1
33998,2014-05-29,1,3,1,1,0,0,0,전북,완주군,0,1,0,1,2,0,0,127.209,35.8567,전북완주군,0,0,0,0,0,28,1,1
34006,2014-06-03,0,1,1,1,0,0,0,경기,안양시,0,1,0,0,0,0,0,126.9585,37.4034,경기안양시,0,0,0,0,0,151,1,1
34008,2014-06-02,1,0,1,1,0,0,0,경남,양산시,0,1,0,0,0,9,0,129.0624,35.4089,경남양산시,0,9,0,0,0,49,1,1
34011,2014-06-02,0,0,1,1,0,0,0,경남,사천시,0,0,0,0,0,0,0,128.0972,35.0797,경남사천시,0,0,0,0,0,57,1,1
34013,2014-08-12,0,1,1,1,0,0,0,서울,영등포구,0,0,0,0,0,0,0,126.9147,37.5198,서울영등포구,0,0,0,0,0,150,1,1
34016,2014-08-21,0,3,1,1,0,0,0,전남,여수시,0,0,2,1,2,0,0,127.7092,34.7606,전남여수시,0,0,0,0,0,102,1,1
34019,2014-07-08,1,1,1,1,0,0,0,대구,수성구,0,0,0,1,1,0,0,128.6453,35.8167,대구수성구,0,0,0,0,0,37,1,1
34020,2014-07-03,1,3,1,1,0,0,0,전북,고창군,0,1,1,1,2,0,0,126.6984,35.4351,전북고창군,0,0,0,0,0,219,1,0
34021,2014-07-02,0,2,1,1,0,0,0,경기,구리시,0,1,0,0,0,0,0,127.1373,37.6005,경기구리시,0,0,0,0,0,165,1,1
34023,2014-07-12,0,5,1,1,0,0,0,충남,천안시,0,0,0,1,1,0,0,127.1491,36.832,충남천안시,0,0,0,1,0,63,1,1
34024,2014-07-13,0,6,1,1,0,0,0,대전,대덕구,0,0,2,0,0,0,0,127.4296,36.4452,대전대덕구,0,0,0,1,0,77,1,1
34025,2014-07-11,0,4,1,1,0,0,0,대구,수성구,0,1,0,0,0,0,0,128.6435,35.8666,대구수성구,0,0,0,0,0,37,1,1
34027,2014-07-20,0,6,1,1,0,0,0,제주,제주시,0,0,1,0,3,0,0,126.5221,33.4998,제주제주시,0,0,0,1,0,90,1,0
34029,2014-07-15,0,1,1,1,0,0,0,제주,제주시,0,1,0,0,0,0,0,126.5353,33.4959,제주제주시,0,0,0,0,0,90,1,1
34030,2014-07-24,0,3,1,1,0,0,0,부산,사하구,0,0,0,0,0,0,0,128.9937,35.0966,부산사하구,0,0,0,0,0,25,1,1
34035,2014-07-24,0,3,1,1,0,0,0,경기,화성시,0,3,2,0,0,0,0,126.9392,37.1938,경기화성시,0,0,0,0,0,50,0,0
34038,2014-07-31,0,3,1,1,0,0,0,경기,부천시,0,0,0,1,1,2,0,126.8047,37.5179,경기부천시,0,2,0,0,0,65,1,1
34039,2014-07-31,0,3,1,1,0,0,0,경기,성남시,0,3,0,1,2,0,0,127.1474,37.4528,경기성남시,0,0,0,0,0,95,0,0
34043,2014-07-28,0,0,1,1,0,0,0,경기,남양주시,0,2,0,0,0,0,0,127.1284,37.6951,경기남양주시,0,0,0,0,0,70,1,1
34045,2014-07-28,0,0,1,1,0,0,0,대전,유성구,0,0,1,0,3,0,0,127.346,36.3524,대전유성구,0,0,0,0,0,148,1,0
34046,2014-07-27,1,6,1,1,0,0,0,충북,옥천군,0,1,0,0,0,1,0,127.8507,36.3572,충북옥천군,0,1,0,1,0,142,1,1
34048,2014-08-20,0,2,1,1,0,0,0,경기,성남시,0,1,0,0,0,0,0,127.1616,37.4431,경기성남시,0,0,0,0,0,95,1,1
34051,2014-08-06,1,2,1,1,0,0,0,세종,세종,0,1,0,0,0,0,0,127.1876,36.6569,세종세종,0,0,1,0,0,229,1,1
34054,2014-08-06,0,2,1,2,0,1,0,전북,익산시,0,3,0,0,0,1,0,127.086,36.0587,전북익산시,0,1,0,0,0,125,0,0
34055,2014-07-02,0,2,1,1,0,0,0,서울,서대문구,0,0,0,0,3,2,0,126.9307,37.5631,서울서대문구,0,2,0,0,0,195,1,1
34056,2014-11-23,0,6,1,1,0,0,0,충북,단양군,0,1,0,0,0,0,0,128.2914,36.9953,충북단양군,0,0,0,1,0,204,1,1
34061,2014-06-11,0,2,1,1,0,0,0,충남,천안시,0,0,0,1,1,0,0,127.1341,36.9298,충남천안시,0,0,0,0,0,63,1,1
34064,2014-06-10,0,1,1,1,0,0,0,부산,동래구,0,1,0,1,2,0,0,129.1116,35.1946,부산동래구,0,0,0,0,0,216,1,1
34065,2014-06-06,0,4,1,1,0,0,0,강원,원주시,0,0,0,0,0,0,0,127.9033,37.2655,강원원주시,0,0,0,1,0,36,1,1
34068,2014-05-19,0,0,1,1,0,0,0,경기,평택시,0,1,0,0,0,1,0,127.1355,36.9935,경기평택시,0,1,0,0,0,14,1,1
34073,2014-06-24,0,1,1,1,0,0,0,전북,김제시,0,0,1,0,3,0,0,126.9991,35.8768,전북김제시,0,0,0,0,0,34,1,0
34075,2014-06-25,1,2,2,8,2,3,1,대구,중구,0,0,5,1,1,0,0,128.6064,35.8689,대구중구,2,0,0,0,0,178,1,1
34077,2014-06-24,0,1,1,1,0,0,0,전남,완도군,0,2,2,1,2,0,0,126.7803,34.3349,전남완도군,0,0,0,0,0,141,1,1
34081,2014-05-14,1,2,1,1,0,0,0,전북,진안군,0,3,0,0,0,3,0,127.2986,35.6847,전북진안군,0,3,0,0,0,192,0,0
34082,2014-05-25,0,6,1,1,0,0,0,경기,안산시,0,0,3,1,1,1,0,126.8473,37.282,경기안산시,0,1,0,1,0,2,1,1
34084,2014-05-20,1,1,1,1,0,0,0,서울,성북구,0,0,0,0,0,1,0,127.0511,37.6157,서울성북구,0,1,0,0,0,167,1,1
34087,2014-05-31,1,5,1,1,0,0,0,인천,남구,0,1,0,0,0,2,0,126.699,37.4269,인천남동구,0,2,0,1,0,29,1,1
34089,2014-05-27,0,1,1,1,0,0,0,경기,의정부시,0,1,0,0,0,0,0,127.0877,37.7295,경기의정부시,0,0,0,0,0,64,1,1
34090,2014-05-27,0,1,1,1,0,0,0,서울,강남구,0,0,0,0,0,0,0,127.0262,37.5007,서울강남구,0,0,0,0,0,89,1,1
34096,2014-06-25,0,2,1,1,0,0,0,경기,수원시,0,0,0,1,2,0,0,127.0371,37.266,경기수원시,0,0,0,0,0,99,1,1
34100,2014-06-24,1,1,1,1,0,0,0,대구,동구,0,1,0,1,1,2,0,128.6375,35.895,대구동구,0,2,0,0,0,26,1,1
34104,2014-05-15,0,3,1,1,0,0,0,서울,성북구,0,1,2,0,0,0,0,127.0258,37.6048,서울성북구,0,0,0,0,0,167,1,1
34105,2014-05-25,0,6,1,1,0,0,0,서울,은평구,0,1,0,0,3,2,0,126.9016,37.5782,서울은평구,0,2,0,1,0,139,1,1
34107,2014-05-24,0,5,1,1,0,0,0,경북,영천시,0,0,2,2,4,0,0,128.9389,35.9664,경북영천시,0,0,0,1,0,5,1,1
34110,2014-05-20,0,1,1,1,0,0,0,전남,고흥군,0,0,1,0,3,0,0,127.1402,34.5323,전남고흥군,0,0,0,0,0,191,1,0
34113,2014-05-30,1,4,1,2,1,0,0,전남,영암군,0,1,0,0,0,0,0,126.6316,34.8552,전남영암군,0,0,0,0,0,16,1,1
34114,2014-05-26,1,0,1,1,0,0,0,인천,서구,0,1,0,0,0,3,0,126.6739,37.5224,인천서구,0,3,0,0,0,97,1,1
34115,2014-06-05,1,3,1,1,0,0,0,경기,부천시,0,1,0,0,0,3,0,126.7961,37.4822,경기부천시,0,3,0,0,0,65,1,1
34120,2014-06-01,0,6,1,1,0,0,0,경북,포항시,0,2,0,0,0,0,0,129.3787,36.0581,경북포항시,0,0,0,1,0,160,1,1
34121,2014-06-17,1,1,1,1,0,0,0,경기,양평군,0,0,0,0,0,0,0,127.5024,37.4932,경기양평군,0,0,0,0,0,48,1,1
34124,2014-06-19,0,3,1,1,0,0,0,경기,평택시,0,4,3,0,3,1,0,126.9064,36.9213,경기평택시,0,1,0,0,0,14,0,0
34128,2014-05-09,0,4,1,1,0,0,0,서울,동대문구,0,0,0,0,0,0,0,127.0563,37.5882,서울동대문구,0,0,0,0,0,201,1,1
34130,2014-05-08,1,3,1,1,0,0,0,경기,화성시,0,1,0,1,1,1,0,126.8916,37.2478,경기화성시,0,1,0,0,0,50,1,1
34134,2014-05-14,1,2,1,1,0,0,0,서울,도봉구,0,0,3,1,1,2,0,127.0287,37.6447,서울도봉구,0,2,0,0,0,98,1,1
34140,2014-07-05,1,5,1,1,0,0,0,경북,의성군,0,1,5,0,0,0,0,128.7433,36.2363,경북의성군,0,0,0,1,0,105,1,1